"variable","modele_imputation","repetition","metrique","valeur","statut","message","n_observe","n_train","n_masque","seed_masque","seed_modele","masque_id","duree_secondes"
"pa_repos","mean",1,"RMSE",19.7988809875729,"ok","",860,774,86,20189747,182829402,"23a8477af57a78e0c22c31328a1d3a84",0.0149999999998727
"pa_repos","mean",1,"MAE",15.3225166756805,"ok","",860,774,86,20189747,182829402,"23a8477af57a78e0c22c31328a1d3a84",0.0149999999998727
"pa_repos","median",1,"RMSE",20.1272117085996,"ok","",860,774,86,20189747,176861979,"23a8477af57a78e0c22c31328a1d3a84",0
"pa_repos","median",1,"MAE",15.1279069767442,"ok","",860,774,86,20189747,176861979,"23a8477af57a78e0c22c31328a1d3a84",0
"pa_repos","mode",1,"RMSE",24.2705199683666,"ok","",860,774,86,20189747,28660564,"23a8477af57a78e0c22c31328a1d3a84",0.000999999999976353
"pa_repos","mode",1,"MAE",18.0813953488372,"ok","",860,774,86,20189747,28660564,"23a8477af57a78e0c22c31328a1d3a84",0.000999999999976353
"pa_repos","RandomForest",1,"RMSE",19.9546050615405,"ok","",860,774,86,20189747,185946040,"23a8477af57a78e0c22c31328a1d3a84",0.179000000000087
"pa_repos","RandomForest",1,"MAE",15.3628785024531,"ok","",860,774,86,20189747,185946040,"23a8477af57a78e0c22c31328a1d3a84",0.179000000000087
"pa_repos","Knn",1,"RMSE",21.1058021340325,"ok","",860,774,86,20189747,155074621,"23a8477af57a78e0c22c31328a1d3a84",0.0360000000000582
"pa_repos","Knn",1,"MAE",15.6697674418605,"ok","",860,774,86,20189747,155074621,"23a8477af57a78e0c22c31328a1d3a84",0.0360000000000582
"pa_repos","ACP",1,"RMSE",22.8286650890272,"ok","",860,774,86,20189747,56955334,"23a8477af57a78e0c22c31328a1d3a84",0.0470000000000255
"pa_repos","ACP",1,"MAE",17.4862940025233,"ok","",860,774,86,20189747,56955334,"23a8477af57a78e0c22c31328a1d3a84",0.0470000000000255
"pa_repos","EM",1,"RMSE",19.8079997425459,"ok","",860,774,86,20189747,7741801,"23a8477af57a78e0c22c31328a1d3a84",0.330999999999904
"pa_repos","EM",1,"MAE",15.2861281428541,"ok","",860,774,86,20189747,7741801,"23a8477af57a78e0c22c31328a1d3a84",0.330999999999904
"pa_repos","AFDM",1,"RMSE",20.0785841780462,"ok","",860,774,86,20189747,229377189,"23a8477af57a78e0c22c31328a1d3a84",0.0579999999999927
"pa_repos","AFDM",1,"MAE",15.3779356673099,"ok","",860,774,86,20189747,229377189,"23a8477af57a78e0c22c31328a1d3a84",0.0579999999999927
"pa_repos","mice",1,"RMSE",22.395597574025,"ok","",860,774,86,20189747,83443361,"23a8477af57a78e0c22c31328a1d3a84",0.131000000000085
"pa_repos","mice",1,"MAE",17.6232558139535,"ok","",860,774,86,20189747,83443361,"23a8477af57a78e0c22c31328a1d3a84",0.131000000000085
"cholesterol","mean",1,"RMSE",46.954613457186,"ok","",718,647,71,119952966,83088684,"3ada56eafcebce2eed8757872258d02b",0.00299999999992906
"cholesterol","mean",1,"MAE",35.7951542329712,"ok","",718,647,71,119952966,83088684,"3ada56eafcebce2eed8757872258d02b",0.00299999999992906
"cholesterol","median",1,"RMSE",47.2009489042836,"ok","",718,647,71,119952966,25641994,"3ada56eafcebce2eed8757872258d02b",0.00399999999990541
"cholesterol","median",1,"MAE",36.2112676056338,"ok","",718,647,71,119952966,25641994,"3ada56eafcebce2eed8757872258d02b",0.00399999999990541
"cholesterol","mode",1,"RMSE",61.9390886615661,"ok","",718,647,71,119952966,161108003,"3ada56eafcebce2eed8757872258d02b",0.00399999999990541
"cholesterol","mode",1,"MAE",47.1830985915493,"ok","",718,647,71,119952966,161108003,"3ada56eafcebce2eed8757872258d02b",0.00399999999990541
"cholesterol","RandomForest",1,"RMSE",49.2992749830862,"ok","",718,647,71,119952966,179745776,"3ada56eafcebce2eed8757872258d02b",0.173999999999978
"cholesterol","RandomForest",1,"MAE",38.8701592749744,"ok","",718,647,71,119952966,179745776,"3ada56eafcebce2eed8757872258d02b",0.173999999999978
"cholesterol","Knn",1,"RMSE",57.0492596636364,"ok","",718,647,71,119952966,247979839,"3ada56eafcebce2eed8757872258d02b",0.0190000000000055
"cholesterol","Knn",1,"MAE",45.112676056338,"ok","",718,647,71,119952966,247979839,"3ada56eafcebce2eed8757872258d02b",0.0190000000000055
"cholesterol","ACP",1,"RMSE",47.7819001998441,"ok","",718,647,71,119952966,71893724,"3ada56eafcebce2eed8757872258d02b",0.0250000000000909
"cholesterol","ACP",1,"MAE",36.8136796321251,"ok","",718,647,71,119952966,71893724,"3ada56eafcebce2eed8757872258d02b",0.0250000000000909
"cholesterol","EM",1,"RMSE",46.5972984438543,"ok","",718,647,71,119952966,126437202,"3ada56eafcebce2eed8757872258d02b",0.11200000000008
"cholesterol","EM",1,"MAE",35.8345565778081,"ok","",718,647,71,119952966,126437202,"3ada56eafcebce2eed8757872258d02b",0.11200000000008
"cholesterol","AFDM",1,"RMSE",47.2520435112779,"ok","",718,647,71,119952966,5272450,"3ada56eafcebce2eed8757872258d02b",0.0529999999998836
"cholesterol","AFDM",1,"MAE",35.8311603436545,"ok","",718,647,71,119952966,5272450,"3ada56eafcebce2eed8757872258d02b",0.0529999999998836
"cholesterol","mice",1,"RMSE",52.3269838557185,"ok","",718,647,71,119952966,47329823,"3ada56eafcebce2eed8757872258d02b",0.081000000000131
"cholesterol","mice",1,"MAE",42.7239436619718,"ok","",718,647,71,119952966,47329823,"3ada56eafcebce2eed8757872258d02b",0.081000000000131
"glyc_jeun_elevee","mean",1,"indisponible",NA,"non_applicable","non_applicable : moyenne pour cible quantitative seulement",830,747,83,34266735,224421072,"40d0814d1bbee96b1a55e07e0d6cea84",0
"glyc_jeun_elevee","median",1,"indisponible",NA,"non_applicable","non_applicable : médiane sans sens pour cible nominale",830,747,83,34266735,131995718,"40d0814d1bbee96b1a55e07e0d6cea84",0
"glyc_jeun_elevee","mode",1,"taux_erreur",0.204819277108434,"ok","",830,747,83,34266735,123887604,"40d0814d1bbee96b1a55e07e0d6cea84",0.000999999999976353
"glyc_jeun_elevee","mode",1,"accuracy",0.795180722891566,"ok","",830,747,83,34266735,123887604,"40d0814d1bbee96b1a55e07e0d6cea84",0.000999999999976353
"glyc_jeun_elevee","RandomForest",1,"taux_erreur",0.228915662650602,"ok","",830,747,83,34266735,88108336,"40d0814d1bbee96b1a55e07e0d6cea84",0.104000000000042
"glyc_jeun_elevee","RandomForest",1,"accuracy",0.771084337349398,"ok","",830,747,83,34266735,88108336,"40d0814d1bbee96b1a55e07e0d6cea84",0.104000000000042
"glyc_jeun_elevee","Knn",1,"taux_erreur",0.253012048192771,"ok","",830,747,83,34266735,159334537,"40d0814d1bbee96b1a55e07e0d6cea84",0.0289999999999964
"glyc_jeun_elevee","Knn",1,"accuracy",0.746987951807229,"ok","",830,747,83,34266735,159334537,"40d0814d1bbee96b1a55e07e0d6cea84",0.0289999999999964
"glyc_jeun_elevee","ACP",1,"taux_erreur",0.240963855421687,"ok","",830,747,83,34266735,67630834,"40d0814d1bbee96b1a55e07e0d6cea84",0.0340000000001055
"glyc_jeun_elevee","ACP",1,"accuracy",0.759036144578313,"ok","",830,747,83,34266735,67630834,"40d0814d1bbee96b1a55e07e0d6cea84",0.0340000000001055
"glyc_jeun_elevee","EM",1,"indisponible",NA,"non_applicable","non_applicable : EM gaussien pour cible quantitative seulement",830,747,83,34266735,148443735,"40d0814d1bbee96b1a55e07e0d6cea84",0
"glyc_jeun_elevee","AFDM",1,"taux_erreur",0.216867469879518,"ok","",830,747,83,34266735,32015949,"40d0814d1bbee96b1a55e07e0d6cea84",0.0910000000001219
"glyc_jeun_elevee","AFDM",1,"accuracy",0.783132530120482,"ok","",830,747,83,34266735,32015949,"40d0814d1bbee96b1a55e07e0d6cea84",0.0910000000001219
"glyc_jeun_elevee","mice",1,"taux_erreur",0.228915662650602,"ok","",830,747,83,34266735,140018424,"40d0814d1bbee96b1a55e07e0d6cea84",0.319999999999936
"glyc_jeun_elevee","mice",1,"accuracy",0.771084337349398,"ok","",830,747,83,34266735,140018424,"40d0814d1bbee96b1a55e07e0d6cea84",0.319999999999936
"ecg_repos","mean",1,"indisponible",NA,"non_applicable","non_applicable : moyenne pour cible quantitative seulement",918,827,91,66657324,82297350,"8d152d857bb65287a815877d125c256a",0.000999999999976353
"ecg_repos","median",1,"indisponible",NA,"non_applicable","non_applicable : médiane sans sens pour cible nominale",918,827,91,66657324,245993620,"8d152d857bb65287a815877d125c256a",0.000999999999976353
"ecg_repos","mode",1,"taux_erreur",0.428571428571429,"ok","",918,827,91,66657324,119261170,"8d152d857bb65287a815877d125c256a",0.00200000000018008
"ecg_repos","mode",1,"accuracy",0.571428571428571,"ok","",918,827,91,66657324,119261170,"8d152d857bb65287a815877d125c256a",0.00200000000018008
"ecg_repos","RandomForest",1,"taux_erreur",0.417582417582418,"ok","",918,827,91,66657324,135562239,"8d152d857bb65287a815877d125c256a",0.163000000000011
"ecg_repos","RandomForest",1,"accuracy",0.582417582417582,"ok","",918,827,91,66657324,135562239,"8d152d857bb65287a815877d125c256a",0.163000000000011
"ecg_repos","Knn",1,"taux_erreur",0.406593406593407,"ok","",918,827,91,66657324,198144021,"8d152d857bb65287a815877d125c256a",0.0570000000000164
"ecg_repos","Knn",1,"accuracy",0.593406593406593,"ok","",918,827,91,66657324,198144021,"8d152d857bb65287a815877d125c256a",0.0570000000000164
"ecg_repos","ACP",1,"taux_erreur",0.461538461538462,"ok","",918,827,91,66657324,201288764,"8d152d857bb65287a815877d125c256a",0.0270000000000437
"ecg_repos","ACP",1,"accuracy",0.538461538461538,"ok","",918,827,91,66657324,201288764,"8d152d857bb65287a815877d125c256a",0.0270000000000437
"ecg_repos","EM",1,"indisponible",NA,"non_applicable","non_applicable : EM gaussien pour cible quantitative seulement",918,827,91,66657324,173372782,"8d152d857bb65287a815877d125c256a",0
"ecg_repos","AFDM",1,"taux_erreur",0.461538461538462,"ok","",918,827,91,66657324,198265772,"8d152d857bb65287a815877d125c256a",0.282000000000153
"ecg_repos","AFDM",1,"accuracy",0.538461538461538,"ok","",918,827,91,66657324,198265772,"8d152d857bb65287a815877d125c256a",0.282000000000153
"ecg_repos","mice",1,"taux_erreur",0.395604395604396,"ok","",918,827,91,66657324,122455295,"8d152d857bb65287a815877d125c256a",0.354000000000042
"ecg_repos","mice",1,"accuracy",0.604395604395604,"ok","",918,827,91,66657324,122455295,"8d152d857bb65287a815877d125c256a",0.354000000000042
"fc_max","mean",1,"RMSE",24.0119838853949,"ok","",865,779,86,255900873,220830686,"2103b91c497ce6f0ef6bbe95cfa15176",0.000999999999976353
"fc_max","mean",1,"MAE",20.1760008358958,"ok","",865,779,86,255900873,220830686,"2103b91c497ce6f0ef6bbe95cfa15176",0.000999999999976353
"fc_max","median",1,"RMSE",24.2609361578611,"ok","",865,779,86,255900873,183784908,"2103b91c497ce6f0ef6bbe95cfa15176",0.000999999999976353
"fc_max","median",1,"MAE",20.406976744186,"ok","",865,779,86,255900873,183784908,"2103b91c497ce6f0ef6bbe95cfa15176",0.000999999999976353
"fc_max","mode",1,"RMSE",24.2609361578611,"ok","",865,779,86,255900873,118267417,"2103b91c497ce6f0ef6bbe95cfa15176",0.000999999999976353
"fc_max","mode",1,"MAE",20.406976744186,"ok","",865,779,86,255900873,118267417,"2103b91c497ce6f0ef6bbe95cfa15176",0.000999999999976353
"fc_max","RandomForest",1,"RMSE",18.9837730090256,"ok","",865,779,86,255900873,16158732,"2103b91c497ce6f0ef6bbe95cfa15176",0.172000000000025
"fc_max","RandomForest",1,"MAE",15.2692484377428,"ok","",865,779,86,255900873,16158732,"2103b91c497ce6f0ef6bbe95cfa15176",0.172000000000025
"fc_max","Knn",1,"RMSE",20.8209867290696,"ok","",865,779,86,255900873,97024878,"2103b91c497ce6f0ef6bbe95cfa15176",0.0320000000001528
"fc_max","Knn",1,"MAE",16.6744186046512,"ok","",865,779,86,255900873,97024878,"2103b91c497ce6f0ef6bbe95cfa15176",0.0320000000001528
"fc_max","ACP",1,"RMSE",46.9386523623034,"ok","",865,779,86,255900873,150792258,"2103b91c497ce6f0ef6bbe95cfa15176",0.0199999999999818
"fc_max","ACP",1,"MAE",37.6809697695772,"ok","",865,779,86,255900873,150792258,"2103b91c497ce6f0ef6bbe95cfa15176",0.0199999999999818
"fc_max","EM",1,"RMSE",22.6547244642949,"ok","",865,779,86,255900873,169402378,"2103b91c497ce6f0ef6bbe95cfa15176",0.264000000000124
"fc_max","EM",1,"MAE",19.3277256405823,"ok","",865,779,86,255900873,169402378,"2103b91c497ce6f0ef6bbe95cfa15176",0.264000000000124
"fc_max","AFDM",1,"RMSE",21.7570972414538,"ok","",865,779,86,255900873,259184456,"2103b91c497ce6f0ef6bbe95cfa15176",0.0370000000000346
"fc_max","AFDM",1,"MAE",17.2396005957687,"ok","",865,779,86,255900873,259184456,"2103b91c497ce6f0ef6bbe95cfa15176",0.0370000000000346
"fc_max","mice",1,"RMSE",21.2806932917315,"ok","",865,779,86,255900873,141313303,"2103b91c497ce6f0ef6bbe95cfa15176",0.0759999999997945
"fc_max","mice",1,"MAE",17.1720930232558,"ok","",865,779,86,255900873,141313303,"2103b91c497ce6f0ef6bbe95cfa15176",0.0759999999997945
"angine_effort","mean",1,"indisponible",NA,"non_applicable","non_applicable : moyenne pour cible quantitative seulement",865,779,86,198652712,254941060,"552e3ce0e58f628931299a01defcfdc0",0
"angine_effort","median",1,"indisponible",NA,"non_applicable","non_applicable : médiane sans sens pour cible nominale",865,779,86,198652712,200307869,"552e3ce0e58f628931299a01defcfdc0",0
"angine_effort","mode",1,"taux_erreur",0.441860465116279,"ok","",865,779,86,198652712,227985149,"552e3ce0e58f628931299a01defcfdc0",0.000999999999976353
"angine_effort","mode",1,"accuracy",0.558139534883721,"ok","",865,779,86,198652712,227985149,"552e3ce0e58f628931299a01defcfdc0",0.000999999999976353
"angine_effort","RandomForest",1,"taux_erreur",0.22093023255814,"ok","",865,779,86,198652712,78926979,"552e3ce0e58f628931299a01defcfdc0",0.111000000000104
"angine_effort","RandomForest",1,"accuracy",0.779069767441861,"ok","",865,779,86,198652712,78926979,"552e3ce0e58f628931299a01defcfdc0",0.111000000000104
"angine_effort","Knn",1,"taux_erreur",0.186046511627907,"ok","",865,779,86,198652712,84830783,"552e3ce0e58f628931299a01defcfdc0",0.0399999999999636
"angine_effort","Knn",1,"accuracy",0.813953488372093,"ok","",865,779,86,198652712,84830783,"552e3ce0e58f628931299a01defcfdc0",0.0399999999999636
"angine_effort","ACP",1,"taux_erreur",0.418604651162791,"ok","",865,779,86,198652712,22720141,"552e3ce0e58f628931299a01defcfdc0",0.0199999999999818
"angine_effort","ACP",1,"accuracy",0.581395348837209,"ok","",865,779,86,198652712,22720141,"552e3ce0e58f628931299a01defcfdc0",0.0199999999999818
"angine_effort","EM",1,"indisponible",NA,"non_applicable","non_applicable : EM gaussien pour cible quantitative seulement",865,779,86,198652712,99164814,"552e3ce0e58f628931299a01defcfdc0",0
"angine_effort","AFDM",1,"taux_erreur",0.197674418604651,"ok","",865,779,86,198652712,59718930,"552e3ce0e58f628931299a01defcfdc0",0.0540000000000873
"angine_effort","AFDM",1,"accuracy",0.802325581395349,"ok","",865,779,86,198652712,59718930,"552e3ce0e58f628931299a01defcfdc0",0.0540000000000873
"angine_effort","mice",1,"taux_erreur",0.22093023255814,"ok","",865,779,86,198652712,112551421,"552e3ce0e58f628931299a01defcfdc0",0.173999999999978
"angine_effort","mice",1,"accuracy",0.779069767441861,"ok","",865,779,86,198652712,112551421,"552e3ce0e58f628931299a01defcfdc0",0.173999999999978
"depress_st","mean",1,"RMSE",1.24538998830662,"ok","",858,773,85,248533631,121837656,"ae6a0a299e568d476cb05d875b5e1e33",0
"depress_st","mean",1,"MAE",0.968105928011567,"ok","",858,773,85,248533631,121837656,"ae6a0a299e568d476cb05d875b5e1e33",0
"depress_st","median",1,"RMSE",1.32456430128374,"ok","",858,773,85,248533631,68812221,"ae6a0a299e568d476cb05d875b5e1e33",0.000999999999976353
"depress_st","median",1,"MAE",0.951764705882353,"ok","",858,773,85,248533631,68812221,"ae6a0a299e568d476cb05d875b5e1e33",0.000999999999976353
"depress_st","mode",1,"RMSE",1.56986323870434,"ok","",858,773,85,248533631,32902546,"ae6a0a299e568d476cb05d875b5e1e33",0.000999999999976353
"depress_st","mode",1,"MAE",1.04,"ok","",858,773,85,248533631,32902546,"ae6a0a299e568d476cb05d875b5e1e33",0.000999999999976353
"depress_st","RandomForest",1,"RMSE",0.986662256173799,"ok","",858,773,85,248533631,125515949,"ae6a0a299e568d476cb05d875b5e1e33",0.138999999999896
"depress_st","RandomForest",1,"MAE",0.749319041392899,"ok","",858,773,85,248533631,125515949,"ae6a0a299e568d476cb05d875b5e1e33",0.138999999999896
"depress_st","Knn",1,"RMSE",1.18884224451899,"ok","",858,773,85,248533631,20010411,"ae6a0a299e568d476cb05d875b5e1e33",0.0380000000000109
"depress_st","Knn",1,"MAE",0.894588235294118,"ok","",858,773,85,248533631,20010411,"ae6a0a299e568d476cb05d875b5e1e33",0.0380000000000109
"depress_st","ACP",1,"RMSE",1.88850580007577,"ok","",858,773,85,248533631,45220792,"ae6a0a299e568d476cb05d875b5e1e33",0.0339999999998781
"depress_st","ACP",1,"MAE",1.53585296810673,"ok","",858,773,85,248533631,45220792,"ae6a0a299e568d476cb05d875b5e1e33",0.0339999999998781
"depress_st","EM",1,"RMSE",1.19658787035219,"ok","",858,773,85,248533631,97598836,"ae6a0a299e568d476cb05d875b5e1e33",0.246000000000095
"depress_st","EM",1,"MAE",0.902618274279015,"ok","",858,773,85,248533631,97598836,"ae6a0a299e568d476cb05d875b5e1e33",0.246000000000095
"depress_st","AFDM",1,"RMSE",1.09762926982461,"ok","",858,773,85,248533631,215080,"ae6a0a299e568d476cb05d875b5e1e33",0.0450000000000728
"depress_st","AFDM",1,"MAE",0.832395472240888,"ok","",858,773,85,248533631,215080,"ae6a0a299e568d476cb05d875b5e1e33",0.0450000000000728
"depress_st","mice",1,"RMSE",1.11624370099007,"ok","",858,773,85,248533631,227298120,"ae6a0a299e568d476cb05d875b5e1e33",0.0750000000000455
"depress_st","mice",1,"MAE",0.816705882352941,"ok","",858,773,85,248533631,227298120,"ae6a0a299e568d476cb05d875b5e1e33",0.0750000000000455
"pente_st","mean",1,"indisponible",NA,"non_applicable","non_applicable : moyenne pour cible quantitative seulement",611,550,61,3317834,10781175,"8db5b73c1c718d42557622f70443f235",0
"pente_st","median",1,"taux_erreur",0.524590163934426,"ok","",611,550,61,3317834,4562621,"8db5b73c1c718d42557622f70443f235",0.000999999999976353
"pente_st","median",1,"accuracy",0.475409836065574,"ok","",611,550,61,3317834,4562621,"8db5b73c1c718d42557622f70443f235",0.000999999999976353
"pente_st","median",1,"RMSE",0.724285968340148,"ok","",611,550,61,3317834,4562621,"8db5b73c1c718d42557622f70443f235",0.000999999999976353
"pente_st","median",1,"MAE",0.524590163934426,"ok","",611,550,61,3317834,4562621,"8db5b73c1c718d42557622f70443f235",0.000999999999976353
"pente_st","mode",1,"taux_erreur",0.524590163934426,"ok","",611,550,61,3317834,213201035,"8db5b73c1c718d42557622f70443f235",0.000999999999976353
"pente_st","mode",1,"accuracy",0.475409836065574,"ok","",611,550,61,3317834,213201035,"8db5b73c1c718d42557622f70443f235",0.000999999999976353
"pente_st","mode",1,"RMSE",0.724285968340148,"ok","",611,550,61,3317834,213201035,"8db5b73c1c718d42557622f70443f235",0.000999999999976353
"pente_st","mode",1,"MAE",0.524590163934426,"ok","",611,550,61,3317834,213201035,"8db5b73c1c718d42557622f70443f235",0.000999999999976353
"pente_st","RandomForest",1,"taux_erreur",0.426229508196721,"ok","",611,550,61,3317834,112787962,"8db5b73c1c718d42557622f70443f235",0.0950000000000273
"pente_st","RandomForest",1,"accuracy",0.573770491803279,"ok","",611,550,61,3317834,112787962,"8db5b73c1c718d42557622f70443f235",0.0950000000000273
"pente_st","RandomForest",1,"RMSE",0.724285968340148,"ok","",611,550,61,3317834,112787962,"8db5b73c1c718d42557622f70443f235",0.0950000000000273
"pente_st","RandomForest",1,"MAE",0.459016393442623,"ok","",611,550,61,3317834,112787962,"8db5b73c1c718d42557622f70443f235",0.0950000000000273
"pente_st","Knn",1,"taux_erreur",0.426229508196721,"ok","",611,550,61,3317834,15085385,"8db5b73c1c718d42557622f70443f235",0.0270000000000437
"pente_st","Knn",1,"accuracy",0.573770491803279,"ok","",611,550,61,3317834,15085385,"8db5b73c1c718d42557622f70443f235",0.0270000000000437
"pente_st","Knn",1,"RMSE",0.819836049183606,"ok","",611,550,61,3317834,15085385,"8db5b73c1c718d42557622f70443f235",0.0270000000000437
"pente_st","Knn",1,"MAE",0.508196721311475,"ok","",611,550,61,3317834,15085385,"8db5b73c1c718d42557622f70443f235",0.0270000000000437
"pente_st","ACP",1,"taux_erreur",0.409836065573771,"ok","",611,550,61,3317834,160437359,"8db5b73c1c718d42557622f70443f235",0.0190000000000055
"pente_st","ACP",1,"accuracy",0.590163934426229,"ok","",611,550,61,3317834,160437359,"8db5b73c1c718d42557622f70443f235",0.0190000000000055
"pente_st","ACP",1,"RMSE",0.7465768876548,"ok","",611,550,61,3317834,160437359,"8db5b73c1c718d42557622f70443f235",0.0190000000000055
"pente_st","ACP",1,"MAE",0.459016393442623,"ok","",611,550,61,3317834,160437359,"8db5b73c1c718d42557622f70443f235",0.0190000000000055
"pente_st","EM",1,"indisponible",NA,"non_applicable","non_applicable : EM gaussien pour cible quantitative seulement",611,550,61,3317834,39147651,"8db5b73c1c718d42557622f70443f235",0
"pente_st","AFDM",1,"taux_erreur",0.344262295081967,"ok","",611,550,61,3317834,218316450,"8db5b73c1c718d42557622f70443f235",0.0440000000000964
"pente_st","AFDM",1,"accuracy",0.655737704918033,"ok","",611,550,61,3317834,218316450,"8db5b73c1c718d42557622f70443f235",0.0440000000000964
"pente_st","AFDM",1,"RMSE",0.665299143859116,"ok","",611,550,61,3317834,218316450,"8db5b73c1c718d42557622f70443f235",0.0440000000000964
"pente_st","AFDM",1,"MAE",0.377049180327869,"ok","",611,550,61,3317834,218316450,"8db5b73c1c718d42557622f70443f235",0.0440000000000964
"pente_st","mice",1,"taux_erreur",0.442622950819672,"ok","",611,550,61,3317834,190717123,"8db5b73c1c718d42557622f70443f235",0.31899999999996
"pente_st","mice",1,"accuracy",0.557377049180328,"ok","",611,550,61,3317834,190717123,"8db5b73c1c718d42557622f70443f235",0.31899999999996
"pente_st","mice",1,"RMSE",0.665299143859116,"ok","",611,550,61,3317834,190717123,"8db5b73c1c718d42557622f70443f235",0.31899999999996
"pente_st","mice",1,"MAE",0.442622950819672,"ok","",611,550,61,3317834,190717123,"8db5b73c1c718d42557622f70443f235",0.31899999999996
"nb_vaisseaux","mean",1,"indisponible",NA,"non_applicable","non_applicable : moyenne pour cible quantitative seulement",309,279,30,204848345,129743522,"fe2b52ba3346a0357e3c0722209870dd",0.000999999999976353
"nb_vaisseaux","median",1,"taux_erreur",0.466666666666667,"ok","",309,279,30,204848345,199441616,"fe2b52ba3346a0357e3c0722209870dd",0.000999999999976353
"nb_vaisseaux","median",1,"accuracy",0.533333333333333,"ok","",309,279,30,204848345,199441616,"fe2b52ba3346a0357e3c0722209870dd",0.000999999999976353
"nb_vaisseaux","median",1,"RMSE",1.11055541659718,"ok","",309,279,30,204848345,199441616,"fe2b52ba3346a0357e3c0722209870dd",0.000999999999976353
"nb_vaisseaux","median",1,"MAE",0.7,"ok","",309,279,30,204848345,199441616,"fe2b52ba3346a0357e3c0722209870dd",0.000999999999976353
"nb_vaisseaux","mode",1,"taux_erreur",0.466666666666667,"ok","",309,279,30,204848345,94616890,"fe2b52ba3346a0357e3c0722209870dd",0
"nb_vaisseaux","mode",1,"accuracy",0.533333333333333,"ok","",309,279,30,204848345,94616890,"fe2b52ba3346a0357e3c0722209870dd",0
"nb_vaisseaux","mode",1,"RMSE",1.11055541659718,"ok","",309,279,30,204848345,94616890,"fe2b52ba3346a0357e3c0722209870dd",0
"nb_vaisseaux","mode",1,"MAE",0.7,"ok","",309,279,30,204848345,94616890,"fe2b52ba3346a0357e3c0722209870dd",0
"nb_vaisseaux","RandomForest",1,"taux_erreur",0.5,"ok","",309,279,30,204848345,34045479,"fe2b52ba3346a0357e3c0722209870dd",0.0610000000001492
"nb_vaisseaux","RandomForest",1,"accuracy",0.5,"ok","",309,279,30,204848345,34045479,"fe2b52ba3346a0357e3c0722209870dd",0.0610000000001492
"nb_vaisseaux","RandomForest",1,"RMSE",1.08012344973464,"ok","",309,279,30,204848345,34045479,"fe2b52ba3346a0357e3c0722209870dd",0.0610000000001492
"nb_vaisseaux","RandomForest",1,"MAE",0.7,"ok","",309,279,30,204848345,34045479,"fe2b52ba3346a0357e3c0722209870dd",0.0610000000001492
"nb_vaisseaux","Knn",1,"taux_erreur",0.5,"ok","",309,279,30,204848345,214566664,"fe2b52ba3346a0357e3c0722209870dd",0.0249999999998636
"nb_vaisseaux","Knn",1,"accuracy",0.5,"ok","",309,279,30,204848345,214566664,"fe2b52ba3346a0357e3c0722209870dd",0.0249999999998636
"nb_vaisseaux","Knn",1,"RMSE",1.03279555898864,"ok","",309,279,30,204848345,214566664,"fe2b52ba3346a0357e3c0722209870dd",0.0249999999998636
"nb_vaisseaux","Knn",1,"MAE",0.666666666666667,"ok","",309,279,30,204848345,214566664,"fe2b52ba3346a0357e3c0722209870dd",0.0249999999998636
"nb_vaisseaux","ACP",1,"taux_erreur",0.4,"ok","",309,279,30,204848345,102028054,"fe2b52ba3346a0357e3c0722209870dd",0.0199999999999818
"nb_vaisseaux","ACP",1,"accuracy",0.6,"ok","",309,279,30,204848345,102028054,"fe2b52ba3346a0357e3c0722209870dd",0.0199999999999818
"nb_vaisseaux","ACP",1,"RMSE",0.983192080250175,"ok","",309,279,30,204848345,102028054,"fe2b52ba3346a0357e3c0722209870dd",0.0199999999999818
"nb_vaisseaux","ACP",1,"MAE",0.566666666666667,"ok","",309,279,30,204848345,102028054,"fe2b52ba3346a0357e3c0722209870dd",0.0199999999999818
"nb_vaisseaux","EM",1,"indisponible",NA,"non_applicable","non_applicable : EM gaussien pour cible quantitative seulement",309,279,30,204848345,36580502,"fe2b52ba3346a0357e3c0722209870dd",0.000999999999976353
"nb_vaisseaux","AFDM",1,"taux_erreur",0.433333333333333,"ok","",309,279,30,204848345,160646209,"fe2b52ba3346a0357e3c0722209870dd",0.0299999999999727
"nb_vaisseaux","AFDM",1,"accuracy",0.566666666666667,"ok","",309,279,30,204848345,160646209,"fe2b52ba3346a0357e3c0722209870dd",0.0299999999999727
"nb_vaisseaux","AFDM",1,"RMSE",1.04880884817015,"ok","",309,279,30,204848345,160646209,"fe2b52ba3346a0357e3c0722209870dd",0.0299999999999727
"nb_vaisseaux","AFDM",1,"MAE",0.633333333333333,"ok","",309,279,30,204848345,160646209,"fe2b52ba3346a0357e3c0722209870dd",0.0299999999999727
"nb_vaisseaux","mice",1,"taux_erreur",0.333333333333333,"ok","",309,279,30,204848345,224336906,"fe2b52ba3346a0357e3c0722209870dd",0.248000000000047
"nb_vaisseaux","mice",1,"accuracy",0.666666666666667,"ok","",309,279,30,204848345,224336906,"fe2b52ba3346a0357e3c0722209870dd",0.248000000000047
"nb_vaisseaux","mice",1,"RMSE",0.894427190999916,"ok","",309,279,30,204848345,224336906,"fe2b52ba3346a0357e3c0722209870dd",0.248000000000047
"nb_vaisseaux","mice",1,"MAE",0.466666666666667,"ok","",309,279,30,204848345,224336906,"fe2b52ba3346a0357e3c0722209870dd",0.248000000000047
"test_thallium","mean",1,"indisponible",NA,"non_applicable","non_applicable : moyenne pour cible quantitative seulement",434,391,43,242911018,235554412,"456d342e51aa563eda9bc72de17a1c6c",0.000999999999976353
"test_thallium","median",1,"indisponible",NA,"non_applicable","non_applicable : médiane sans sens pour cible nominale",434,391,43,242911018,243607680,"456d342e51aa563eda9bc72de17a1c6c",0.000999999999976353
"test_thallium","mode",1,"taux_erreur",0.534883720930233,"ok","",434,391,43,242911018,254380153,"456d342e51aa563eda9bc72de17a1c6c",0.000999999999976353
"test_thallium","mode",1,"accuracy",0.465116279069767,"ok","",434,391,43,242911018,254380153,"456d342e51aa563eda9bc72de17a1c6c",0.000999999999976353
"test_thallium","RandomForest",1,"taux_erreur",0.325581395348837,"ok","",434,391,43,242911018,166837204,"456d342e51aa563eda9bc72de17a1c6c",0.08400000000006
"test_thallium","RandomForest",1,"accuracy",0.674418604651163,"ok","",434,391,43,242911018,166837204,"456d342e51aa563eda9bc72de17a1c6c",0.08400000000006
"test_thallium","Knn",1,"taux_erreur",0.418604651162791,"ok","",434,391,43,242911018,14037912,"456d342e51aa563eda9bc72de17a1c6c",0.0269999999998163
"test_thallium","Knn",1,"accuracy",0.581395348837209,"ok","",434,391,43,242911018,14037912,"456d342e51aa563eda9bc72de17a1c6c",0.0269999999998163
"test_thallium","ACP",1,"taux_erreur",0.325581395348837,"ok","",434,391,43,242911018,72682531,"456d342e51aa563eda9bc72de17a1c6c",0.0199999999999818
"test_thallium","ACP",1,"accuracy",0.674418604651163,"ok","",434,391,43,242911018,72682531,"456d342e51aa563eda9bc72de17a1c6c",0.0199999999999818
"test_thallium","EM",1,"indisponible",NA,"non_applicable","non_applicable : EM gaussien pour cible quantitative seulement",434,391,43,242911018,99969817,"456d342e51aa563eda9bc72de17a1c6c",0
"test_thallium","AFDM",1,"taux_erreur",0.418604651162791,"ok","",434,391,43,242911018,157470950,"456d342e51aa563eda9bc72de17a1c6c",0.0519999999999072
"test_thallium","AFDM",1,"accuracy",0.581395348837209,"ok","",434,391,43,242911018,157470950,"456d342e51aa563eda9bc72de17a1c6c",0.0519999999999072
"test_thallium","mice",1,"taux_erreur",0.418604651162791,"ok","",434,391,43,242911018,109312317,"456d342e51aa563eda9bc72de17a1c6c",0.267000000000053
"test_thallium","mice",1,"accuracy",0.581395348837209,"ok","",434,391,43,242911018,109312317,"456d342e51aa563eda9bc72de17a1c6c",0.267000000000053
"pa_repos","mean",2,"RMSE",19.5135015527879,"ok","",860,774,86,94513004,120782963,"9800537989e4a49b1c629dc3c0d5f879",0
"pa_repos","mean",2,"MAE",15.5502674118142,"ok","",860,774,86,94513004,120782963,"9800537989e4a49b1c629dc3c0d5f879",0
"pa_repos","median",2,"RMSE",19.6675863666178,"ok","",860,774,86,94513004,106958817,"9800537989e4a49b1c629dc3c0d5f879",0.000999999999976353
"pa_repos","median",2,"MAE",15.1162790697674,"ok","",860,774,86,94513004,106958817,"9800537989e4a49b1c629dc3c0d5f879",0.000999999999976353
"pa_repos","mode",2,"RMSE",23.1541849148219,"ok","",860,774,86,94513004,94344591,"9800537989e4a49b1c629dc3c0d5f879",0.000999999999976353
"pa_repos","mode",2,"MAE",17.1860465116279,"ok","",860,774,86,94513004,94344591,"9800537989e4a49b1c629dc3c0d5f879",0.000999999999976353
"pa_repos","RandomForest",2,"RMSE",19.1087489550455,"ok","",860,774,86,94513004,179749386,"9800537989e4a49b1c629dc3c0d5f879",0.134999999999991
"pa_repos","RandomForest",2,"MAE",14.4287419116534,"ok","",860,774,86,94513004,179749386,"9800537989e4a49b1c629dc3c0d5f879",0.134999999999991
"pa_repos","Knn",2,"RMSE",19.7746960697545,"ok","",860,774,86,94513004,263501,"9800537989e4a49b1c629dc3c0d5f879",0.0160000000000764
"pa_repos","Knn",2,"MAE",15.3604651162791,"ok","",860,774,86,94513004,263501,"9800537989e4a49b1c629dc3c0d5f879",0.0160000000000764
"pa_repos","ACP",2,"RMSE",22.4190129740779,"ok","",860,774,86,94513004,249384847,"9800537989e4a49b1c629dc3c0d5f879",0.0180000000000291
"pa_repos","ACP",2,"MAE",16.2162368913983,"ok","",860,774,86,94513004,249384847,"9800537989e4a49b1c629dc3c0d5f879",0.0180000000000291
"pa_repos","EM",2,"RMSE",19.0088324921599,"ok","",860,774,86,94513004,28401758,"9800537989e4a49b1c629dc3c0d5f879",0.252999999999929
"pa_repos","EM",2,"MAE",14.6046981248792,"ok","",860,774,86,94513004,28401758,"9800537989e4a49b1c629dc3c0d5f879",0.252999999999929
"pa_repos","AFDM",2,"RMSE",19.5329505103041,"ok","",860,774,86,94513004,46442420,"9800537989e4a49b1c629dc3c0d5f879",0.0399999999999636
"pa_repos","AFDM",2,"MAE",14.9061132961012,"ok","",860,774,86,94513004,46442420,"9800537989e4a49b1c629dc3c0d5f879",0.0399999999999636
"pa_repos","mice",2,"RMSE",20.3435950722854,"ok","",860,774,86,94513004,174482320,"9800537989e4a49b1c629dc3c0d5f879",0.0769999999999982
"pa_repos","mice",2,"MAE",15.2209302325581,"ok","",860,774,86,94513004,174482320,"9800537989e4a49b1c629dc3c0d5f879",0.0769999999999982
"cholesterol","mean",2,"RMSE",49.7678549204035,"ok","",718,647,71,217881783,60773819,"0235b475ba2a67665c14efd6359301c6",0
"cholesterol","mean",2,"MAE",37.1322463373751,"ok","",718,647,71,217881783,60773819,"0235b475ba2a67665c14efd6359301c6",0
"cholesterol","median",2,"RMSE",50.8891366143317,"ok","",718,647,71,217881783,251756085,"0235b475ba2a67665c14efd6359301c6",0.000999999999976353
"cholesterol","median",2,"MAE",37.8450704225352,"ok","",718,647,71,217881783,251756085,"0235b475ba2a67665c14efd6359301c6",0.000999999999976353
"cholesterol","mode",2,"RMSE",49.9821094753476,"ok","",718,647,71,217881783,139645655,"0235b475ba2a67665c14efd6359301c6",0.000999999999976353
"cholesterol","mode",2,"MAE",37.3661971830986,"ok","",718,647,71,217881783,139645655,"0235b475ba2a67665c14efd6359301c6",0.000999999999976353
"cholesterol","RandomForest",2,"RMSE",51.3712090923367,"ok","",718,647,71,217881783,188367706,"0235b475ba2a67665c14efd6359301c6",0.122000000000071
"cholesterol","RandomForest",2,"MAE",37.0239478518633,"ok","",718,647,71,217881783,188367706,"0235b475ba2a67665c14efd6359301c6",0.122000000000071
"cholesterol","Knn",2,"RMSE",55.4189777837119,"ok","",718,647,71,217881783,50040031,"0235b475ba2a67665c14efd6359301c6",0.0139999999998963
"cholesterol","Knn",2,"MAE",39.9661971830986,"ok","",718,647,71,217881783,50040031,"0235b475ba2a67665c14efd6359301c6",0.0139999999998963
"cholesterol","ACP",2,"RMSE",52.727939500998,"ok","",718,647,71,217881783,176634043,"0235b475ba2a67665c14efd6359301c6",0.0140000000001237
"cholesterol","ACP",2,"MAE",39.0246165053888,"ok","",718,647,71,217881783,176634043,"0235b475ba2a67665c14efd6359301c6",0.0140000000001237
"cholesterol","EM",2,"RMSE",51.8974760584543,"ok","",718,647,71,217881783,267992076,"0235b475ba2a67665c14efd6359301c6",0.0819999999998799
"cholesterol","EM",2,"MAE",38.3704737042239,"ok","",718,647,71,217881783,267992076,"0235b475ba2a67665c14efd6359301c6",0.0819999999998799
"cholesterol","AFDM",2,"RMSE",50.4644069506112,"ok","",718,647,71,217881783,160989608,"0235b475ba2a67665c14efd6359301c6",0.0330000000001291
"cholesterol","AFDM",2,"MAE",37.2091056803593,"ok","",718,647,71,217881783,160989608,"0235b475ba2a67665c14efd6359301c6",0.0330000000001291
"cholesterol","mice",2,"RMSE",59.3448361482681,"ok","",718,647,71,217881783,88161762,"0235b475ba2a67665c14efd6359301c6",0.0699999999999363
"cholesterol","mice",2,"MAE",44.112676056338,"ok","",718,647,71,217881783,88161762,"0235b475ba2a67665c14efd6359301c6",0.0699999999999363
"glyc_jeun_elevee","mean",2,"indisponible",NA,"non_applicable","non_applicable : moyenne pour cible quantitative seulement",830,747,83,243062380,215847782,"ec506c4969ed356a1333e109224c4fbe",0
"glyc_jeun_elevee","median",2,"indisponible",NA,"non_applicable","non_applicable : médiane sans sens pour cible nominale",830,747,83,243062380,177919548,"ec506c4969ed356a1333e109224c4fbe",0
"glyc_jeun_elevee","mode",2,"taux_erreur",0.216867469879518,"ok","",830,747,83,243062380,193197002,"ec506c4969ed356a1333e109224c4fbe",0.000999999999976353
"glyc_jeun_elevee","mode",2,"accuracy",0.783132530120482,"ok","",830,747,83,243062380,193197002,"ec506c4969ed356a1333e109224c4fbe",0.000999999999976353
"glyc_jeun_elevee","RandomForest",2,"taux_erreur",0.240963855421687,"ok","",830,747,83,243062380,266361872,"ec506c4969ed356a1333e109224c4fbe",0.107000000000198
"glyc_jeun_elevee","RandomForest",2,"accuracy",0.759036144578313,"ok","",830,747,83,243062380,266361872,"ec506c4969ed356a1333e109224c4fbe",0.107000000000198
"glyc_jeun_elevee","Knn",2,"taux_erreur",0.253012048192771,"ok","",830,747,83,243062380,125487178,"ec506c4969ed356a1333e109224c4fbe",0.0389999999999873
"glyc_jeun_elevee","Knn",2,"accuracy",0.746987951807229,"ok","",830,747,83,243062380,125487178,"ec506c4969ed356a1333e109224c4fbe",0.0389999999999873
"glyc_jeun_elevee","ACP",2,"taux_erreur",0.265060240963855,"ok","",830,747,83,243062380,13462621,"ec506c4969ed356a1333e109224c4fbe",0.0190000000000055
"glyc_jeun_elevee","ACP",2,"accuracy",0.734939759036145,"ok","",830,747,83,243062380,13462621,"ec506c4969ed356a1333e109224c4fbe",0.0190000000000055
"glyc_jeun_elevee","EM",2,"indisponible",NA,"non_applicable","non_applicable : EM gaussien pour cible quantitative seulement",830,747,83,243062380,126339101,"ec506c4969ed356a1333e109224c4fbe",0
"glyc_jeun_elevee","AFDM",2,"taux_erreur",0.216867469879518,"ok","",830,747,83,243062380,148446715,"ec506c4969ed356a1333e109224c4fbe",0.0519999999999072
"glyc_jeun_elevee","AFDM",2,"accuracy",0.783132530120482,"ok","",830,747,83,243062380,148446715,"ec506c4969ed356a1333e109224c4fbe",0.0519999999999072
"glyc_jeun_elevee","mice",2,"taux_erreur",0.240963855421687,"ok","",830,747,83,243062380,17842676,"ec506c4969ed356a1333e109224c4fbe",0.170000000000073
"glyc_jeun_elevee","mice",2,"accuracy",0.759036144578313,"ok","",830,747,83,243062380,17842676,"ec506c4969ed356a1333e109224c4fbe",0.170000000000073
"ecg_repos","mean",2,"indisponible",NA,"non_applicable","non_applicable : moyenne pour cible quantitative seulement",918,827,91,244480475,136147957,"e01d15daa8a93b3041f24fd15dc14c64",0
"ecg_repos","median",2,"indisponible",NA,"non_applicable","non_applicable : médiane sans sens pour cible nominale",918,827,91,244480475,125208027,"e01d15daa8a93b3041f24fd15dc14c64",0
"ecg_repos","mode",2,"taux_erreur",0.472527472527473,"ok","",918,827,91,244480475,16077608,"e01d15daa8a93b3041f24fd15dc14c64",0.000999999999976353
"ecg_repos","mode",2,"accuracy",0.527472527472527,"ok","",918,827,91,244480475,16077608,"e01d15daa8a93b3041f24fd15dc14c64",0.000999999999976353
"ecg_repos","RandomForest",2,"taux_erreur",0.351648351648352,"ok","",918,827,91,244480475,174829577,"e01d15daa8a93b3041f24fd15dc14c64",0.170000000000073
"ecg_repos","RandomForest",2,"accuracy",0.648351648351648,"ok","",918,827,91,244480475,174829577,"e01d15daa8a93b3041f24fd15dc14c64",0.170000000000073
"ecg_repos","Knn",2,"taux_erreur",0.384615384615385,"ok","",918,827,91,244480475,136194076,"e01d15daa8a93b3041f24fd15dc14c64",0.0419999999999163
"ecg_repos","Knn",2,"accuracy",0.615384615384615,"ok","",918,827,91,244480475,136194076,"e01d15daa8a93b3041f24fd15dc14c64",0.0419999999999163
"ecg_repos","ACP",2,"taux_erreur",0.373626373626374,"ok","",918,827,91,244480475,140496173,"e01d15daa8a93b3041f24fd15dc14c64",0.0239999999998872
"ecg_repos","ACP",2,"accuracy",0.626373626373626,"ok","",918,827,91,244480475,140496173,"e01d15daa8a93b3041f24fd15dc14c64",0.0239999999998872
"ecg_repos","EM",2,"indisponible",NA,"non_applicable","non_applicable : EM gaussien pour cible quantitative seulement",918,827,91,244480475,150095516,"e01d15daa8a93b3041f24fd15dc14c64",0
"ecg_repos","AFDM",2,"taux_erreur",0.351648351648352,"ok","",918,827,91,244480475,63892846,"e01d15daa8a93b3041f24fd15dc14c64",0.053000000000111
"ecg_repos","AFDM",2,"accuracy",0.648351648351648,"ok","",918,827,91,244480475,63892846,"e01d15daa8a93b3041f24fd15dc14c64",0.053000000000111
"ecg_repos","mice",2,"taux_erreur",0.362637362637363,"ok","",918,827,91,244480475,81554023,"e01d15daa8a93b3041f24fd15dc14c64",0.354000000000042
"ecg_repos","mice",2,"accuracy",0.637362637362637,"ok","",918,827,91,244480475,81554023,"e01d15daa8a93b3041f24fd15dc14c64",0.354000000000042
"fc_max","mean",2,"RMSE",25.3007530060244,"ok","",865,779,86,131483272,15853120,"a180b5606966597de9a019bad80509c7",0
"fc_max","mean",2,"MAE",20.5425261963758,"ok","",865,779,86,131483272,15853120,"a180b5606966597de9a019bad80509c7",0
"fc_max","median",2,"RMSE",25.2508346626956,"ok","",865,779,86,131483272,69637483,"a180b5606966597de9a019bad80509c7",0
"fc_max","median",2,"MAE",20.0697674418605,"ok","",865,779,86,131483272,69637483,"a180b5606966597de9a019bad80509c7",0
"fc_max","mode",2,"RMSE",27.4654116519178,"ok","",865,779,86,131483272,225193051,"a180b5606966597de9a019bad80509c7",0.000999999999976353
"fc_max","mode",2,"MAE",21.2558139534884,"ok","",865,779,86,131483272,225193051,"a180b5606966597de9a019bad80509c7",0.000999999999976353
"fc_max","RandomForest",2,"RMSE",20.795293289136,"ok","",865,779,86,131483272,207751648,"a180b5606966597de9a019bad80509c7",0.142000000000053
"fc_max","RandomForest",2,"MAE",16.7768702459788,"ok","",865,779,86,131483272,207751648,"a180b5606966597de9a019bad80509c7",0.142000000000053
"fc_max","Knn",2,"RMSE",23.2288913930226,"ok","",865,779,86,131483272,95629574,"a180b5606966597de9a019bad80509c7",0.0389999999999873
"fc_max","Knn",2,"MAE",18.8093023255814,"ok","",865,779,86,131483272,95629574,"a180b5606966597de9a019bad80509c7",0.0389999999999873
"fc_max","ACP",2,"RMSE",46.8310760338783,"ok","",865,779,86,131483272,184457334,"a180b5606966597de9a019bad80509c7",0.0170000000000528
"fc_max","ACP",2,"MAE",39.272895175399,"ok","",865,779,86,131483272,184457334,"a180b5606966597de9a019bad80509c7",0.0170000000000528
"fc_max","EM",2,"RMSE",23.4092788409945,"ok","",865,779,86,131483272,230349184,"a180b5606966597de9a019bad80509c7",0.271999999999935
"fc_max","EM",2,"MAE",18.8806842551281,"ok","",865,779,86,131483272,230349184,"a180b5606966597de9a019bad80509c7",0.271999999999935
"fc_max","AFDM",2,"RMSE",22.3624140650039,"ok","",865,779,86,131483272,232262296,"a180b5606966597de9a019bad80509c7",0.0450000000000728
"fc_max","AFDM",2,"MAE",17.9107786677553,"ok","",865,779,86,131483272,232262296,"a180b5606966597de9a019bad80509c7",0.0450000000000728
"fc_max","mice",2,"RMSE",22.700732495097,"ok","",865,779,86,131483272,180205605,"a180b5606966597de9a019bad80509c7",0.0850000000000364
"fc_max","mice",2,"MAE",17.6627906976744,"ok","",865,779,86,131483272,180205605,"a180b5606966597de9a019bad80509c7",0.0850000000000364
"angine_effort","mean",2,"indisponible",NA,"non_applicable","non_applicable : moyenne pour cible quantitative seulement",865,779,86,127174746,13238416,"a81b199f98387b0a04466e992b17a7f6",0.000999999999976353
"angine_effort","median",2,"indisponible",NA,"non_applicable","non_applicable : médiane sans sens pour cible nominale",865,779,86,127174746,28954949,"a81b199f98387b0a04466e992b17a7f6",0
"angine_effort","mode",2,"taux_erreur",0.406976744186047,"ok","",865,779,86,127174746,209707695,"a81b199f98387b0a04466e992b17a7f6",0
"angine_effort","mode",2,"accuracy",0.593023255813953,"ok","",865,779,86,127174746,209707695,"a81b199f98387b0a04466e992b17a7f6",0
"angine_effort","RandomForest",2,"taux_erreur",0.174418604651163,"ok","",865,779,86,127174746,20248255,"a81b199f98387b0a04466e992b17a7f6",0.105000000000018
"angine_effort","RandomForest",2,"accuracy",0.825581395348837,"ok","",865,779,86,127174746,20248255,"a81b199f98387b0a04466e992b17a7f6",0.105000000000018
"angine_effort","Knn",2,"taux_erreur",0.290697674418605,"ok","",865,779,86,127174746,221701546,"a81b199f98387b0a04466e992b17a7f6",0.0329999999999018
"angine_effort","Knn",2,"accuracy",0.709302325581395,"ok","",865,779,86,127174746,221701546,"a81b199f98387b0a04466e992b17a7f6",0.0329999999999018
"angine_effort","ACP",2,"taux_erreur",0.395348837209302,"ok","",865,779,86,127174746,52268000,"a81b199f98387b0a04466e992b17a7f6",0.0230000000001382
"angine_effort","ACP",2,"accuracy",0.604651162790698,"ok","",865,779,86,127174746,52268000,"a81b199f98387b0a04466e992b17a7f6",0.0230000000001382
"angine_effort","EM",2,"indisponible",NA,"non_applicable","non_applicable : EM gaussien pour cible quantitative seulement",865,779,86,127174746,172291943,"a81b199f98387b0a04466e992b17a7f6",0.000999999999976353
"angine_effort","AFDM",2,"taux_erreur",0.313953488372093,"ok","",865,779,86,127174746,136408243,"a81b199f98387b0a04466e992b17a7f6",0.0599999999999454
"angine_effort","AFDM",2,"accuracy",0.686046511627907,"ok","",865,779,86,127174746,136408243,"a81b199f98387b0a04466e992b17a7f6",0.0599999999999454
"angine_effort","mice",2,"taux_erreur",0.267441860465116,"ok","",865,779,86,127174746,57694270,"a81b199f98387b0a04466e992b17a7f6",0.199000000000069
"angine_effort","mice",2,"accuracy",0.732558139534884,"ok","",865,779,86,127174746,57694270,"a81b199f98387b0a04466e992b17a7f6",0.199000000000069
"depress_st","mean",2,"RMSE",0.990539339314994,"ok","",858,773,85,156509743,24359669,"c95e26357b05a3215c06589f381316d4",0
"depress_st","mean",2,"MAE",0.808133323186972,"ok","",858,773,85,156509743,24359669,"c95e26357b05a3215c06589f381316d4",0
"depress_st","median",2,"RMSE",1.06218420912648,"ok","",858,773,85,156509743,120466812,"c95e26357b05a3215c06589f381316d4",0
"depress_st","median",2,"MAE",0.8,"ok","",858,773,85,156509743,120466812,"c95e26357b05a3215c06589f381316d4",0
"depress_st","mode",2,"RMSE",1.32731484806068,"ok","",858,773,85,156509743,222290707,"c95e26357b05a3215c06589f381316d4",0.00199999999995271
"depress_st","mode",2,"MAE",0.885882352941176,"ok","",858,773,85,156509743,222290707,"c95e26357b05a3215c06589f381316d4",0.00199999999995271
"depress_st","RandomForest",2,"RMSE",0.783453854214463,"ok","",858,773,85,156509743,236101515,"c95e26357b05a3215c06589f381316d4",0.139000000000124
"depress_st","RandomForest",2,"MAE",0.608582316799661,"ok","",858,773,85,156509743,236101515,"c95e26357b05a3215c06589f381316d4",0.139000000000124
"depress_st","Knn",2,"RMSE",0.837792617888362,"ok","",858,773,85,156509743,170207825,"c95e26357b05a3215c06589f381316d4",0.0229999999999109
"depress_st","Knn",2,"MAE",0.633176470588235,"ok","",858,773,85,156509743,170207825,"c95e26357b05a3215c06589f381316d4",0.0229999999999109
"depress_st","ACP",2,"RMSE",1.56338559539043,"ok","",858,773,85,156509743,158968435,"c95e26357b05a3215c06589f381316d4",0.0330000000001291
"depress_st","ACP",2,"MAE",1.3440855540551,"ok","",858,773,85,156509743,158968435,"c95e26357b05a3215c06589f381316d4",0.0330000000001291
"depress_st","EM",2,"RMSE",0.894365487469002,"ok","",858,773,85,156509743,171581704,"c95e26357b05a3215c06589f381316d4",0.296000000000049
"depress_st","EM",2,"MAE",0.73463309314862,"ok","",858,773,85,156509743,171581704,"c95e26357b05a3215c06589f381316d4",0.296000000000049
"depress_st","AFDM",2,"RMSE",0.814377176780061,"ok","",858,773,85,156509743,18589393,"c95e26357b05a3215c06589f381316d4",0.0380000000000109
"depress_st","AFDM",2,"MAE",0.643622804062185,"ok","",858,773,85,156509743,18589393,"c95e26357b05a3215c06589f381316d4",0.0380000000000109
"depress_st","mice",2,"RMSE",0.860317314921036,"ok","",858,773,85,156509743,41689776,"c95e26357b05a3215c06589f381316d4",0.0769999999999982
"depress_st","mice",2,"MAE",0.675529411764706,"ok","",858,773,85,156509743,41689776,"c95e26357b05a3215c06589f381316d4",0.0769999999999982
"pente_st","mean",2,"indisponible",NA,"non_applicable","non_applicable : moyenne pour cible quantitative seulement",611,550,61,155736793,243306176,"14cfd33ac08441b4236716c2c3a6ebec",0
"pente_st","median",2,"taux_erreur",0.39344262295082,"ok","",611,550,61,155736793,190086245,"14cfd33ac08441b4236716c2c3a6ebec",0.000999999999976353
"pente_st","median",2,"accuracy",0.60655737704918,"ok","",611,550,61,155736793,190086245,"14cfd33ac08441b4236716c2c3a6ebec",0.000999999999976353
"pente_st","median",2,"RMSE",0.62725004818718,"ok","",611,550,61,155736793,190086245,"14cfd33ac08441b4236716c2c3a6ebec",0.000999999999976353
"pente_st","median",2,"MAE",0.39344262295082,"ok","",611,550,61,155736793,190086245,"14cfd33ac08441b4236716c2c3a6ebec",0.000999999999976353
"pente_st","mode",2,"taux_erreur",0.39344262295082,"ok","",611,550,61,155736793,265903514,"14cfd33ac08441b4236716c2c3a6ebec",0.000999999999976353
"pente_st","mode",2,"accuracy",0.60655737704918,"ok","",611,550,61,155736793,265903514,"14cfd33ac08441b4236716c2c3a6ebec",0.000999999999976353
"pente_st","mode",2,"RMSE",0.62725004818718,"ok","",611,550,61,155736793,265903514,"14cfd33ac08441b4236716c2c3a6ebec",0.000999999999976353
"pente_st","mode",2,"MAE",0.39344262295082,"ok","",611,550,61,155736793,265903514,"14cfd33ac08441b4236716c2c3a6ebec",0.000999999999976353
"pente_st","RandomForest",2,"taux_erreur",0.19672131147541,"ok","",611,550,61,155736793,112771080,"14cfd33ac08441b4236716c2c3a6ebec",0.103000000000065
"pente_st","RandomForest",2,"accuracy",0.80327868852459,"ok","",611,550,61,155736793,112771080,"14cfd33ac08441b4236716c2c3a6ebec",0.103000000000065
"pente_st","RandomForest",2,"RMSE",0.495884703680465,"ok","",611,550,61,155736793,112771080,"14cfd33ac08441b4236716c2c3a6ebec",0.103000000000065
"pente_st","RandomForest",2,"MAE",0.213114754098361,"ok","",611,550,61,155736793,112771080,"14cfd33ac08441b4236716c2c3a6ebec",0.103000000000065
"pente_st","Knn",2,"taux_erreur",0.295081967213115,"ok","",611,550,61,155736793,167187632,"14cfd33ac08441b4236716c2c3a6ebec",0.0199999999999818
"pente_st","Knn",2,"accuracy",0.704918032786885,"ok","",611,550,61,155736793,167187632,"14cfd33ac08441b4236716c2c3a6ebec",0.0199999999999818
"pente_st","Knn",2,"RMSE",0.586738694038468,"ok","",611,550,61,155736793,167187632,"14cfd33ac08441b4236716c2c3a6ebec",0.0199999999999818
"pente_st","Knn",2,"MAE",0.311475409836066,"ok","",611,550,61,155736793,167187632,"14cfd33ac08441b4236716c2c3a6ebec",0.0199999999999818
"pente_st","ACP",2,"taux_erreur",0.327868852459016,"ok","",611,550,61,155736793,111203976,"14cfd33ac08441b4236716c2c3a6ebec",0.0299999999999727
"pente_st","ACP",2,"accuracy",0.672131147540984,"ok","",611,550,61,155736793,111203976,"14cfd33ac08441b4236716c2c3a6ebec",0.0299999999999727
"pente_st","ACP",2,"RMSE",0.614043304928788,"ok","",611,550,61,155736793,111203976,"14cfd33ac08441b4236716c2c3a6ebec",0.0299999999999727
"pente_st","ACP",2,"MAE",0.344262295081967,"ok","",611,550,61,155736793,111203976,"14cfd33ac08441b4236716c2c3a6ebec",0.0299999999999727
"pente_st","EM",2,"indisponible",NA,"non_applicable","non_applicable : EM gaussien pour cible quantitative seulement",611,550,61,155736793,118846390,"14cfd33ac08441b4236716c2c3a6ebec",0
"pente_st","AFDM",2,"taux_erreur",0.262295081967213,"ok","",611,550,61,155736793,263488724,"14cfd33ac08441b4236716c2c3a6ebec",0.0370000000000346
"pente_st","AFDM",2,"accuracy",0.737704918032787,"ok","",611,550,61,155736793,263488724,"14cfd33ac08441b4236716c2c3a6ebec",0.0370000000000346
"pente_st","AFDM",2,"RMSE",0.558099820673744,"ok","",611,550,61,155736793,263488724,"14cfd33ac08441b4236716c2c3a6ebec",0.0370000000000346
"pente_st","AFDM",2,"MAE",0.278688524590164,"ok","",611,550,61,155736793,263488724,"14cfd33ac08441b4236716c2c3a6ebec",0.0370000000000346
"pente_st","mice",2,"taux_erreur",0.377049180327869,"ok","",611,550,61,155736793,161408678,"14cfd33ac08441b4236716c2c3a6ebec",0.311000000000149
"pente_st","mice",2,"accuracy",0.622950819672131,"ok","",611,550,61,155736793,161408678,"14cfd33ac08441b4236716c2c3a6ebec",0.311000000000149
"pente_st","mice",2,"RMSE",0.652862549237373,"ok","",611,550,61,155736793,161408678,"14cfd33ac08441b4236716c2c3a6ebec",0.311000000000149
"pente_st","mice",2,"MAE",0.39344262295082,"ok","",611,550,61,155736793,161408678,"14cfd33ac08441b4236716c2c3a6ebec",0.311000000000149
"nb_vaisseaux","mean",2,"indisponible",NA,"non_applicable","non_applicable : moyenne pour cible quantitative seulement",309,279,30,20002308,186749486,"8f454e97c989a7f5d812cacbc57c72fc",0
"nb_vaisseaux","median",2,"taux_erreur",0.2,"ok","",309,279,30,20002308,200783571,"8f454e97c989a7f5d812cacbc57c72fc",0.000999999999976353
"nb_vaisseaux","median",2,"accuracy",0.8,"ok","",309,279,30,20002308,200783571,"8f454e97c989a7f5d812cacbc57c72fc",0.000999999999976353
"nb_vaisseaux","median",2,"RMSE",0.547722557505166,"ok","",309,279,30,20002308,200783571,"8f454e97c989a7f5d812cacbc57c72fc",0.000999999999976353
"nb_vaisseaux","median",2,"MAE",0.233333333333333,"ok","",309,279,30,20002308,200783571,"8f454e97c989a7f5d812cacbc57c72fc",0.000999999999976353
"nb_vaisseaux","mode",2,"taux_erreur",0.2,"ok","",309,279,30,20002308,54092627,"8f454e97c989a7f5d812cacbc57c72fc",0
"nb_vaisseaux","mode",2,"accuracy",0.8,"ok","",309,279,30,20002308,54092627,"8f454e97c989a7f5d812cacbc57c72fc",0
"nb_vaisseaux","mode",2,"RMSE",0.547722557505166,"ok","",309,279,30,20002308,54092627,"8f454e97c989a7f5d812cacbc57c72fc",0
"nb_vaisseaux","mode",2,"MAE",0.233333333333333,"ok","",309,279,30,20002308,54092627,"8f454e97c989a7f5d812cacbc57c72fc",0
"nb_vaisseaux","RandomForest",2,"taux_erreur",0.2,"ok","",309,279,30,20002308,88160608,"8f454e97c989a7f5d812cacbc57c72fc",0.0610000000001492
"nb_vaisseaux","RandomForest",2,"accuracy",0.8,"ok","",309,279,30,20002308,88160608,"8f454e97c989a7f5d812cacbc57c72fc",0.0610000000001492
"nb_vaisseaux","RandomForest",2,"RMSE",0.632455532033676,"ok","",309,279,30,20002308,88160608,"8f454e97c989a7f5d812cacbc57c72fc",0.0610000000001492
"nb_vaisseaux","RandomForest",2,"MAE",0.266666666666667,"ok","",309,279,30,20002308,88160608,"8f454e97c989a7f5d812cacbc57c72fc",0.0610000000001492
"nb_vaisseaux","Knn",2,"taux_erreur",0.266666666666667,"ok","",309,279,30,20002308,212033740,"8f454e97c989a7f5d812cacbc57c72fc",0.015999999999849
"nb_vaisseaux","Knn",2,"accuracy",0.733333333333333,"ok","",309,279,30,20002308,212033740,"8f454e97c989a7f5d812cacbc57c72fc",0.015999999999849
"nb_vaisseaux","Knn",2,"RMSE",0.752772652709081,"ok","",309,279,30,20002308,212033740,"8f454e97c989a7f5d812cacbc57c72fc",0.015999999999849
"nb_vaisseaux","Knn",2,"MAE",0.366666666666667,"ok","",309,279,30,20002308,212033740,"8f454e97c989a7f5d812cacbc57c72fc",0.015999999999849
"nb_vaisseaux","ACP",2,"taux_erreur",0.2,"ok","",309,279,30,20002308,80401898,"8f454e97c989a7f5d812cacbc57c72fc",0.0160000000000764
"nb_vaisseaux","ACP",2,"accuracy",0.8,"ok","",309,279,30,20002308,80401898,"8f454e97c989a7f5d812cacbc57c72fc",0.0160000000000764
"nb_vaisseaux","ACP",2,"RMSE",0.547722557505166,"ok","",309,279,30,20002308,80401898,"8f454e97c989a7f5d812cacbc57c72fc",0.0160000000000764
"nb_vaisseaux","ACP",2,"MAE",0.233333333333333,"ok","",309,279,30,20002308,80401898,"8f454e97c989a7f5d812cacbc57c72fc",0.0160000000000764
"nb_vaisseaux","EM",2,"indisponible",NA,"non_applicable","non_applicable : EM gaussien pour cible quantitative seulement",309,279,30,20002308,151724005,"8f454e97c989a7f5d812cacbc57c72fc",0.000999999999976353
"nb_vaisseaux","AFDM",2,"taux_erreur",0.266666666666667,"ok","",309,279,30,20002308,62190111,"8f454e97c989a7f5d812cacbc57c72fc",0.0389999999999873
"nb_vaisseaux","AFDM",2,"accuracy",0.733333333333333,"ok","",309,279,30,20002308,62190111,"8f454e97c989a7f5d812cacbc57c72fc",0.0389999999999873
"nb_vaisseaux","AFDM",2,"RMSE",0.605530070819498,"ok","",309,279,30,20002308,62190111,"8f454e97c989a7f5d812cacbc57c72fc",0.0389999999999873
"nb_vaisseaux","AFDM",2,"MAE",0.3,"ok","",309,279,30,20002308,62190111,"8f454e97c989a7f5d812cacbc57c72fc",0.0389999999999873
"nb_vaisseaux","mice",2,"taux_erreur",0.3,"ok","",309,279,30,20002308,221137537,"8f454e97c989a7f5d812cacbc57c72fc",0.236000000000104
"nb_vaisseaux","mice",2,"accuracy",0.7,"ok","",309,279,30,20002308,221137537,"8f454e97c989a7f5d812cacbc57c72fc",0.236000000000104
"nb_vaisseaux","mice",2,"RMSE",0.774596669241483,"ok","",309,279,30,20002308,221137537,"8f454e97c989a7f5d812cacbc57c72fc",0.236000000000104
"nb_vaisseaux","mice",2,"MAE",0.4,"ok","",309,279,30,20002308,221137537,"8f454e97c989a7f5d812cacbc57c72fc",0.236000000000104
"test_thallium","mean",2,"indisponible",NA,"non_applicable","non_applicable : moyenne pour cible quantitative seulement",434,391,43,65194670,104600902,"ff8980629048b37b265659f3dad3bbfd",0
"test_thallium","median",2,"indisponible",NA,"non_applicable","non_applicable : médiane sans sens pour cible nominale",434,391,43,65194670,189338845,"ff8980629048b37b265659f3dad3bbfd",0
"test_thallium","mode",2,"taux_erreur",0.558139534883721,"ok","",434,391,43,65194670,139108152,"ff8980629048b37b265659f3dad3bbfd",0
"test_thallium","mode",2,"accuracy",0.441860465116279,"ok","",434,391,43,65194670,139108152,"ff8980629048b37b265659f3dad3bbfd",0
"test_thallium","RandomForest",2,"taux_erreur",0.325581395348837,"ok","",434,391,43,65194670,78573165,"ff8980629048b37b265659f3dad3bbfd",0.0900000000001455
"test_thallium","RandomForest",2,"accuracy",0.674418604651163,"ok","",434,391,43,65194670,78573165,"ff8980629048b37b265659f3dad3bbfd",0.0900000000001455
"test_thallium","Knn",2,"taux_erreur",0.395348837209302,"ok","",434,391,43,65194670,152602541,"ff8980629048b37b265659f3dad3bbfd",0.0270000000000437
"test_thallium","Knn",2,"accuracy",0.604651162790698,"ok","",434,391,43,65194670,152602541,"ff8980629048b37b265659f3dad3bbfd",0.0270000000000437
"test_thallium","ACP",2,"taux_erreur",0.302325581395349,"ok","",434,391,43,65194670,105887304,"ff8980629048b37b265659f3dad3bbfd",0.0329999999999018
"test_thallium","ACP",2,"accuracy",0.697674418604651,"ok","",434,391,43,65194670,105887304,"ff8980629048b37b265659f3dad3bbfd",0.0329999999999018
"test_thallium","EM",2,"indisponible",NA,"non_applicable","non_applicable : EM gaussien pour cible quantitative seulement",434,391,43,65194670,243995605,"ff8980629048b37b265659f3dad3bbfd",0
"test_thallium","AFDM",2,"taux_erreur",0.418604651162791,"ok","",434,391,43,65194670,95808405,"ff8980629048b37b265659f3dad3bbfd",0.0529999999998836
"test_thallium","AFDM",2,"accuracy",0.581395348837209,"ok","",434,391,43,65194670,95808405,"ff8980629048b37b265659f3dad3bbfd",0.0529999999998836
"test_thallium","mice",2,"taux_erreur",0.395348837209302,"ok","",434,391,43,65194670,130265448,"ff8980629048b37b265659f3dad3bbfd",0.259000000000015
"test_thallium","mice",2,"accuracy",0.604651162790698,"ok","",434,391,43,65194670,130265448,"ff8980629048b37b265659f3dad3bbfd",0.259000000000015
"pa_repos","mean",3,"RMSE",17.2719232215445,"ok","",860,774,86,45155926,211898036,"b6090676323f512a95c79f260e223c77",0
"pa_repos","mean",3,"MAE",13.578691184424,"ok","",860,774,86,45155926,211898036,"b6090676323f512a95c79f260e223c77",0
"pa_repos","median",3,"RMSE",17.0334827584884,"ok","",860,774,86,45155926,6514675,"b6090676323f512a95c79f260e223c77",0
"pa_repos","median",3,"MAE",12.8604651162791,"ok","",860,774,86,45155926,6514675,"b6090676323f512a95c79f260e223c77",0
"pa_repos","mode",3,"RMSE",19.5982913351091,"ok","",860,774,86,45155926,225299812,"b6090676323f512a95c79f260e223c77",0.000999999999976353
"pa_repos","mode",3,"MAE",14.6511627906977,"ok","",860,774,86,45155926,225299812,"b6090676323f512a95c79f260e223c77",0.000999999999976353
"pa_repos","RandomForest",3,"RMSE",16.5449769535207,"ok","",860,774,86,45155926,92157614,"b6090676323f512a95c79f260e223c77",0.142000000000053
"pa_repos","RandomForest",3,"MAE",13.7294441308708,"ok","",860,774,86,45155926,92157614,"b6090676323f512a95c79f260e223c77",0.142000000000053
"pa_repos","Knn",3,"RMSE",16.9874782885704,"ok","",860,774,86,45155926,265349833,"b6090676323f512a95c79f260e223c77",0.0270000000000437
"pa_repos","Knn",3,"MAE",13.7186046511628,"ok","",860,774,86,45155926,265349833,"b6090676323f512a95c79f260e223c77",0.0270000000000437
"pa_repos","ACP",3,"RMSE",19.3432876161362,"ok","",860,774,86,45155926,146630082,"b6090676323f512a95c79f260e223c77",0.0170000000000528
"pa_repos","ACP",3,"MAE",15.2366251220289,"ok","",860,774,86,45155926,146630082,"b6090676323f512a95c79f260e223c77",0.0170000000000528
"pa_repos","EM",3,"RMSE",16.6209727152501,"ok","",860,774,86,45155926,30833853,"b6090676323f512a95c79f260e223c77",0.288000000000011
"pa_repos","EM",3,"MAE",13.0896097862428,"ok","",860,774,86,45155926,30833853,"b6090676323f512a95c79f260e223c77",0.288000000000011
"pa_repos","AFDM",3,"RMSE",17.20226098974,"ok","",860,774,86,45155926,206682158,"b6090676323f512a95c79f260e223c77",0.0480000000000018
"pa_repos","AFDM",3,"MAE",13.5703130329668,"ok","",860,774,86,45155926,206682158,"b6090676323f512a95c79f260e223c77",0.0480000000000018
"pa_repos","mice",3,"RMSE",18.3050761799422,"ok","",860,774,86,45155926,166657868,"b6090676323f512a95c79f260e223c77",0.08400000000006
"pa_repos","mice",3,"MAE",14.5976744186047,"ok","",860,774,86,45155926,166657868,"b6090676323f512a95c79f260e223c77",0.08400000000006
"cholesterol","mean",3,"RMSE",72.733632909644,"ok","",718,647,71,99642469,106383986,"a04fd33c96d336e7b7784aea50c6d14a",0
"cholesterol","mean",3,"MAE",45.8773973050047,"ok","",718,647,71,99642469,106383986,"a04fd33c96d336e7b7784aea50c6d14a",0
"cholesterol","median",3,"RMSE",73.7099377938787,"ok","",718,647,71,99642469,196350702,"a04fd33c96d336e7b7784aea50c6d14a",0.000999999999976353
"cholesterol","median",3,"MAE",45.4366197183099,"ok","",718,647,71,99642469,196350702,"a04fd33c96d336e7b7784aea50c6d14a",0.000999999999976353
"cholesterol","mode",3,"RMSE",87.2045515028711,"ok","",718,647,71,99642469,267259139,"a04fd33c96d336e7b7784aea50c6d14a",0.000999999999976353
"cholesterol","mode",3,"MAE",58.2957746478873,"ok","",718,647,71,99642469,267259139,"a04fd33c96d336e7b7784aea50c6d14a",0.000999999999976353
"cholesterol","RandomForest",3,"RMSE",70.1714208865294,"ok","",718,647,71,99642469,204954795,"a04fd33c96d336e7b7784aea50c6d14a",0.119000000000142
"cholesterol","RandomForest",3,"MAE",44.5673158315552,"ok","",718,647,71,99642469,204954795,"a04fd33c96d336e7b7784aea50c6d14a",0.119000000000142
"cholesterol","Knn",3,"RMSE",66.2017360735723,"ok","",718,647,71,99642469,209213106,"a04fd33c96d336e7b7784aea50c6d14a",0.0299999999999727
"cholesterol","Knn",3,"MAE",43.1464788732394,"ok","",718,647,71,99642469,209213106,"a04fd33c96d336e7b7784aea50c6d14a",0.0299999999999727
"cholesterol","ACP",3,"RMSE",73.1391660359165,"ok","",718,647,71,99642469,25032911,"a04fd33c96d336e7b7784aea50c6d14a",0.0180000000000291
"cholesterol","ACP",3,"MAE",46.3986241064217,"ok","",718,647,71,99642469,25032911,"a04fd33c96d336e7b7784aea50c6d14a",0.0180000000000291
"cholesterol","EM",3,"RMSE",72.6245284435707,"ok","",718,647,71,99642469,112135766,"a04fd33c96d336e7b7784aea50c6d14a",0.0899999999999181
"cholesterol","EM",3,"MAE",45.1186930153421,"ok","",718,647,71,99642469,112135766,"a04fd33c96d336e7b7784aea50c6d14a",0.0899999999999181
"cholesterol","AFDM",3,"RMSE",72.4734149860543,"ok","",718,647,71,99642469,183843717,"a04fd33c96d336e7b7784aea50c6d14a",0.0399999999999636
"cholesterol","AFDM",3,"MAE",45.6132612802933,"ok","",718,647,71,99642469,183843717,"a04fd33c96d336e7b7784aea50c6d14a",0.0399999999999636
"cholesterol","mice",3,"RMSE",70.8930318989884,"ok","Number of logged events: 5 | mice : événements d'ajustement, voir contrôle des prédicteurs",718,647,71,99642469,211747480,"a04fd33c96d336e7b7784aea50c6d14a",0.0949999999997999
"cholesterol","mice",3,"MAE",47.3577464788732,"ok","Number of logged events: 5 | mice : événements d'ajustement, voir contrôle des prédicteurs",718,647,71,99642469,211747480,"a04fd33c96d336e7b7784aea50c6d14a",0.0949999999997999
"glyc_jeun_elevee","mean",3,"indisponible",NA,"non_applicable","non_applicable : moyenne pour cible quantitative seulement",830,747,83,138271026,60499520,"588e3726781ae2792eaabe2b7c5c53ee",0.000999999999976353
"glyc_jeun_elevee","median",3,"indisponible",NA,"non_applicable","non_applicable : médiane sans sens pour cible nominale",830,747,83,138271026,201397071,"588e3726781ae2792eaabe2b7c5c53ee",0
"glyc_jeun_elevee","mode",3,"taux_erreur",0.144578313253012,"ok","",830,747,83,138271026,166561287,"588e3726781ae2792eaabe2b7c5c53ee",0.00100000000020373
"glyc_jeun_elevee","mode",3,"accuracy",0.855421686746988,"ok","",830,747,83,138271026,166561287,"588e3726781ae2792eaabe2b7c5c53ee",0.00100000000020373
"glyc_jeun_elevee","RandomForest",3,"taux_erreur",0.216867469879518,"ok","",830,747,83,138271026,8304078,"588e3726781ae2792eaabe2b7c5c53ee",0.107999999999947
"glyc_jeun_elevee","RandomForest",3,"accuracy",0.783132530120482,"ok","",830,747,83,138271026,8304078,"588e3726781ae2792eaabe2b7c5c53ee",0.107999999999947
"glyc_jeun_elevee","Knn",3,"taux_erreur",0.216867469879518,"ok","",830,747,83,138271026,215023909,"588e3726781ae2792eaabe2b7c5c53ee",0.0519999999999072
"glyc_jeun_elevee","Knn",3,"accuracy",0.783132530120482,"ok","",830,747,83,138271026,215023909,"588e3726781ae2792eaabe2b7c5c53ee",0.0519999999999072
"glyc_jeun_elevee","ACP",3,"taux_erreur",0.192771084337349,"ok","",830,747,83,138271026,33721803,"588e3726781ae2792eaabe2b7c5c53ee",0.0190000000000055
"glyc_jeun_elevee","ACP",3,"accuracy",0.807228915662651,"ok","",830,747,83,138271026,33721803,"588e3726781ae2792eaabe2b7c5c53ee",0.0190000000000055
"glyc_jeun_elevee","EM",3,"indisponible",NA,"non_applicable","non_applicable : EM gaussien pour cible quantitative seulement",830,747,83,138271026,174756443,"588e3726781ae2792eaabe2b7c5c53ee",0
"glyc_jeun_elevee","AFDM",3,"taux_erreur",0.180722891566265,"ok","",830,747,83,138271026,179203795,"588e3726781ae2792eaabe2b7c5c53ee",0.0449999999998454
"glyc_jeun_elevee","AFDM",3,"accuracy",0.819277108433735,"ok","",830,747,83,138271026,179203795,"588e3726781ae2792eaabe2b7c5c53ee",0.0449999999998454
"glyc_jeun_elevee","mice",3,"taux_erreur",0.240963855421687,"ok","",830,747,83,138271026,28560844,"588e3726781ae2792eaabe2b7c5c53ee",0.17899999999986
"glyc_jeun_elevee","mice",3,"accuracy",0.759036144578313,"ok","",830,747,83,138271026,28560844,"588e3726781ae2792eaabe2b7c5c53ee",0.17899999999986
"ecg_repos","mean",3,"indisponible",NA,"non_applicable","non_applicable : moyenne pour cible quantitative seulement",918,827,91,261205669,203361043,"31e53bd7a63017316a2cc1ad7a6fa21a",0
"ecg_repos","median",3,"indisponible",NA,"non_applicable","non_applicable : médiane sans sens pour cible nominale",918,827,91,261205669,61989779,"31e53bd7a63017316a2cc1ad7a6fa21a",0.000999999999976353
"ecg_repos","mode",3,"taux_erreur",0.406593406593407,"ok","",918,827,91,261205669,108369368,"31e53bd7a63017316a2cc1ad7a6fa21a",0.000999999999976353
"ecg_repos","mode",3,"accuracy",0.593406593406593,"ok","",918,827,91,261205669,108369368,"31e53bd7a63017316a2cc1ad7a6fa21a",0.000999999999976353
"ecg_repos","RandomForest",3,"taux_erreur",0.384615384615385,"ok","",918,827,91,261205669,221380367,"31e53bd7a63017316a2cc1ad7a6fa21a",0.152000000000044
"ecg_repos","RandomForest",3,"accuracy",0.615384615384615,"ok","",918,827,91,261205669,221380367,"31e53bd7a63017316a2cc1ad7a6fa21a",0.152000000000044
"ecg_repos","Knn",3,"taux_erreur",0.373626373626374,"ok","",918,827,91,261205669,149209975,"31e53bd7a63017316a2cc1ad7a6fa21a",0.0520000000001346
"ecg_repos","Knn",3,"accuracy",0.626373626373626,"ok","",918,827,91,261205669,149209975,"31e53bd7a63017316a2cc1ad7a6fa21a",0.0520000000001346
"ecg_repos","ACP",3,"taux_erreur",0.373626373626374,"ok","",918,827,91,261205669,34761667,"31e53bd7a63017316a2cc1ad7a6fa21a",0.0499999999999545
"ecg_repos","ACP",3,"accuracy",0.626373626373626,"ok","",918,827,91,261205669,34761667,"31e53bd7a63017316a2cc1ad7a6fa21a",0.0499999999999545
"ecg_repos","EM",3,"indisponible",NA,"non_applicable","non_applicable : EM gaussien pour cible quantitative seulement",918,827,91,261205669,116415848,"31e53bd7a63017316a2cc1ad7a6fa21a",0.000999999999976353
"ecg_repos","AFDM",3,"taux_erreur",0.395604395604396,"ok","",918,827,91,261205669,76172044,"31e53bd7a63017316a2cc1ad7a6fa21a",0.0690000000001874
"ecg_repos","AFDM",3,"accuracy",0.604395604395604,"ok","",918,827,91,261205669,76172044,"31e53bd7a63017316a2cc1ad7a6fa21a",0.0690000000001874
"ecg_repos","mice",3,"taux_erreur",0.384615384615385,"ok","",918,827,91,261205669,259237921,"31e53bd7a63017316a2cc1ad7a6fa21a",0.571999999999889
"ecg_repos","mice",3,"accuracy",0.615384615384615,"ok","",918,827,91,261205669,259237921,"31e53bd7a63017316a2cc1ad7a6fa21a",0.571999999999889
"fc_max","mean",3,"RMSE",24.1742879469806,"ok","",865,779,86,240435569,201449178,"400dc41c2ba0b7c0c6e167b45a7b14ec",0
"fc_max","mean",3,"MAE",20.3679284712064,"ok","",865,779,86,240435569,201449178,"400dc41c2ba0b7c0c6e167b45a7b14ec",0
"fc_max","median",3,"RMSE",24.41334937912,"ok","",865,779,86,240435569,161934,"400dc41c2ba0b7c0c6e167b45a7b14ec",0
"fc_max","median",3,"MAE",20.453488372093,"ok","",865,779,86,240435569,161934,"400dc41c2ba0b7c0c6e167b45a7b14ec",0
"fc_max","mode",3,"RMSE",27.7356709286158,"ok","",865,779,86,240435569,49469463,"400dc41c2ba0b7c0c6e167b45a7b14ec",0.000999999999976353
"fc_max","mode",3,"MAE",22.7093023255814,"ok","",865,779,86,240435569,49469463,"400dc41c2ba0b7c0c6e167b45a7b14ec",0.000999999999976353
"fc_max","RandomForest",3,"RMSE",18.2318281707794,"ok","",865,779,86,240435569,112945043,"400dc41c2ba0b7c0c6e167b45a7b14ec",0.15099999999984
"fc_max","RandomForest",3,"MAE",14.309230615529,"ok","",865,779,86,240435569,112945043,"400dc41c2ba0b7c0c6e167b45a7b14ec",0.15099999999984
"fc_max","Knn",3,"RMSE",21.2004058758866,"ok","",865,779,86,240435569,200730346,"400dc41c2ba0b7c0c6e167b45a7b14ec",0.0279999999997926
"fc_max","Knn",3,"MAE",17.0209302325581,"ok","",865,779,86,240435569,200730346,"400dc41c2ba0b7c0c6e167b45a7b14ec",0.0279999999997926
"fc_max","ACP",3,"RMSE",45.2509745324733,"ok","",865,779,86,240435569,150963905,"400dc41c2ba0b7c0c6e167b45a7b14ec",0.0179999999998017
"fc_max","ACP",3,"MAE",38.2871563674702,"ok","",865,779,86,240435569,150963905,"400dc41c2ba0b7c0c6e167b45a7b14ec",0.0179999999998017
"fc_max","EM",3,"RMSE",23.203248720793,"ok","",865,779,86,240435569,241341266,"400dc41c2ba0b7c0c6e167b45a7b14ec",0.263999999999896
"fc_max","EM",3,"MAE",20.0410868290427,"ok","",865,779,86,240435569,241341266,"400dc41c2ba0b7c0c6e167b45a7b14ec",0.263999999999896
"fc_max","AFDM",3,"RMSE",20.005842012772,"ok","",865,779,86,240435569,143103019,"400dc41c2ba0b7c0c6e167b45a7b14ec",0.0380000000000109
"fc_max","AFDM",3,"MAE",15.4269273595788,"ok","",865,779,86,240435569,143103019,"400dc41c2ba0b7c0c6e167b45a7b14ec",0.0380000000000109
"fc_max","mice",3,"RMSE",22.0076308119136,"ok","",865,779,86,240435569,137297287,"400dc41c2ba0b7c0c6e167b45a7b14ec",0.0769999999999982
"fc_max","mice",3,"MAE",17.2418604651163,"ok","",865,779,86,240435569,137297287,"400dc41c2ba0b7c0c6e167b45a7b14ec",0.0769999999999982
"angine_effort","mean",3,"indisponible",NA,"non_applicable","non_applicable : moyenne pour cible quantitative seulement",865,779,86,105204271,192121887,"a6ed7489560aa6f9eda6f925ba93258c",0
"angine_effort","median",3,"indisponible",NA,"non_applicable","non_applicable : médiane sans sens pour cible nominale",865,779,86,105204271,33372419,"a6ed7489560aa6f9eda6f925ba93258c",0
"angine_effort","mode",3,"taux_erreur",0.418604651162791,"ok","",865,779,86,105204271,195132592,"a6ed7489560aa6f9eda6f925ba93258c",0
"angine_effort","mode",3,"accuracy",0.581395348837209,"ok","",865,779,86,105204271,195132592,"a6ed7489560aa6f9eda6f925ba93258c",0
"angine_effort","RandomForest",3,"taux_erreur",0.22093023255814,"ok","",865,779,86,105204271,77591878,"a6ed7489560aa6f9eda6f925ba93258c",0.108000000000175
"angine_effort","RandomForest",3,"accuracy",0.779069767441861,"ok","",865,779,86,105204271,77591878,"a6ed7489560aa6f9eda6f925ba93258c",0.108000000000175
"angine_effort","Knn",3,"taux_erreur",0.348837209302326,"ok","",865,779,86,105204271,173741423,"a6ed7489560aa6f9eda6f925ba93258c",0.04099999999994
"angine_effort","Knn",3,"accuracy",0.651162790697674,"ok","",865,779,86,105204271,173741423,"a6ed7489560aa6f9eda6f925ba93258c",0.04099999999994
"angine_effort","ACP",3,"taux_erreur",0.453488372093023,"ok","",865,779,86,105204271,55208993,"a6ed7489560aa6f9eda6f925ba93258c",0.0199999999999818
"angine_effort","ACP",3,"accuracy",0.546511627906977,"ok","",865,779,86,105204271,55208993,"a6ed7489560aa6f9eda6f925ba93258c",0.0199999999999818
"angine_effort","EM",3,"indisponible",NA,"non_applicable","non_applicable : EM gaussien pour cible quantitative seulement",865,779,86,105204271,246900526,"a6ed7489560aa6f9eda6f925ba93258c",0.000999999999976353
"angine_effort","AFDM",3,"taux_erreur",0.302325581395349,"ok","",865,779,86,105204271,52197968,"a6ed7489560aa6f9eda6f925ba93258c",0.0590000000001965
"angine_effort","AFDM",3,"accuracy",0.697674418604651,"ok","",865,779,86,105204271,52197968,"a6ed7489560aa6f9eda6f925ba93258c",0.0590000000001965
"angine_effort","mice",3,"taux_erreur",0.27906976744186,"ok","",865,779,86,105204271,208282339,"a6ed7489560aa6f9eda6f925ba93258c",0.174999999999955
"angine_effort","mice",3,"accuracy",0.720930232558139,"ok","",865,779,86,105204271,208282339,"a6ed7489560aa6f9eda6f925ba93258c",0.174999999999955
"depress_st","mean",3,"RMSE",0.957877923142562,"ok","",858,773,85,62018223,204338712,"5fa47eb5c8de383edc03e944ba6650ac",0
"depress_st","mean",3,"MAE",0.827492580473328,"ok","",858,773,85,62018223,204338712,"5fa47eb5c8de383edc03e944ba6650ac",0
"depress_st","median",3,"RMSE",0.999941174740383,"ok","",858,773,85,62018223,48023147,"5fa47eb5c8de383edc03e944ba6650ac",0.000999999999976353
"depress_st","median",3,"MAE",0.796470588235294,"ok","",858,773,85,62018223,48023147,"5fa47eb5c8de383edc03e944ba6650ac",0.000999999999976353
"depress_st","mode",3,"RMSE",1.24494271070647,"ok","",858,773,85,62018223,254002289,"5fa47eb5c8de383edc03e944ba6650ac",0.00100000000020373
"depress_st","mode",3,"MAE",0.821176470588235,"ok","",858,773,85,62018223,254002289,"5fa47eb5c8de383edc03e944ba6650ac",0.00100000000020373
"depress_st","RandomForest",3,"RMSE",0.846942630594379,"ok","",858,773,85,62018223,38163827,"5fa47eb5c8de383edc03e944ba6650ac",0.127999999999929
"depress_st","RandomForest",3,"MAE",0.649213723957445,"ok","",858,773,85,62018223,38163827,"5fa47eb5c8de383edc03e944ba6650ac",0.127999999999929
"depress_st","Knn",3,"RMSE",0.974935291970401,"ok","",858,773,85,62018223,14084241,"5fa47eb5c8de383edc03e944ba6650ac",0.0229999999999109
"depress_st","Knn",3,"MAE",0.745647058823529,"ok","",858,773,85,62018223,14084241,"5fa47eb5c8de383edc03e944ba6650ac",0.0229999999999109
"depress_st","ACP",3,"RMSE",1.67903371321563,"ok","",858,773,85,62018223,94373383,"5fa47eb5c8de383edc03e944ba6650ac",0.0389999999999873
"depress_st","ACP",3,"MAE",1.40764553201829,"ok","",858,773,85,62018223,94373383,"5fa47eb5c8de383edc03e944ba6650ac",0.0389999999999873
"depress_st","EM",3,"RMSE",0.935659260243349,"ok","",858,773,85,62018223,53549832,"5fa47eb5c8de383edc03e944ba6650ac",0.339999999999918
"depress_st","EM",3,"MAE",0.767823074742881,"ok","",858,773,85,62018223,53549832,"5fa47eb5c8de383edc03e944ba6650ac",0.339999999999918
"depress_st","AFDM",3,"RMSE",0.906150957216645,"ok","",858,773,85,62018223,99598697,"5fa47eb5c8de383edc03e944ba6650ac",0.0420000000001437
"depress_st","AFDM",3,"MAE",0.703821602233205,"ok","",858,773,85,62018223,99598697,"5fa47eb5c8de383edc03e944ba6650ac",0.0420000000001437
"depress_st","mice",3,"RMSE",0.918010636872888,"ok","",858,773,85,62018223,179584151,"5fa47eb5c8de383edc03e944ba6650ac",0.0769999999999982
"depress_st","mice",3,"MAE",0.700470588235294,"ok","",858,773,85,62018223,179584151,"5fa47eb5c8de383edc03e944ba6650ac",0.0769999999999982
"pente_st","mean",3,"indisponible",NA,"non_applicable","non_applicable : moyenne pour cible quantitative seulement",611,550,61,61290352,117296996,"d311122f6c41268e4599aa694c6f4678",0
"pente_st","median",3,"taux_erreur",0.39344262295082,"ok","",611,550,61,61290352,151191421,"d311122f6c41268e4599aa694c6f4678",0
"pente_st","median",3,"accuracy",0.60655737704918,"ok","",611,550,61,61290352,151191421,"d311122f6c41268e4599aa694c6f4678",0
"pente_st","median",3,"RMSE",0.62725004818718,"ok","",611,550,61,61290352,151191421,"d311122f6c41268e4599aa694c6f4678",0
"pente_st","median",3,"MAE",0.39344262295082,"ok","",611,550,61,61290352,151191421,"d311122f6c41268e4599aa694c6f4678",0
"pente_st","mode",3,"taux_erreur",0.39344262295082,"ok","",611,550,61,61290352,84578092,"d311122f6c41268e4599aa694c6f4678",0.000999999999976353
"pente_st","mode",3,"accuracy",0.60655737704918,"ok","",611,550,61,61290352,84578092,"d311122f6c41268e4599aa694c6f4678",0.000999999999976353
"pente_st","mode",3,"RMSE",0.62725004818718,"ok","",611,550,61,61290352,84578092,"d311122f6c41268e4599aa694c6f4678",0.000999999999976353
"pente_st","mode",3,"MAE",0.39344262295082,"ok","",611,550,61,61290352,84578092,"d311122f6c41268e4599aa694c6f4678",0.000999999999976353
"pente_st","RandomForest",3,"taux_erreur",0.229508196721311,"ok","",611,550,61,61290352,90964449,"d311122f6c41268e4599aa694c6f4678",0.0989999999999327
"pente_st","RandomForest",3,"accuracy",0.770491803278688,"ok","",611,550,61,61290352,90964449,"d311122f6c41268e4599aa694c6f4678",0.0989999999999327
"pente_st","RandomForest",3,"RMSE",0.479070137580408,"ok","",611,550,61,61290352,90964449,"d311122f6c41268e4599aa694c6f4678",0.0989999999999327
"pente_st","RandomForest",3,"MAE",0.229508196721311,"ok","",611,550,61,61290352,90964449,"d311122f6c41268e4599aa694c6f4678",0.0989999999999327
"pente_st","Knn",3,"taux_erreur",0.311475409836066,"ok","",611,550,61,61290352,232200285,"d311122f6c41268e4599aa694c6f4678",0.0270000000000437
"pente_st","Knn",3,"accuracy",0.688524590163934,"ok","",611,550,61,61290352,232200285,"d311122f6c41268e4599aa694c6f4678",0.0270000000000437
"pente_st","Knn",3,"RMSE",0.600546199475876,"ok","",611,550,61,61290352,232200285,"d311122f6c41268e4599aa694c6f4678",0.0270000000000437
"pente_st","Knn",3,"MAE",0.327868852459016,"ok","",611,550,61,61290352,232200285,"d311122f6c41268e4599aa694c6f4678",0.0270000000000437
"pente_st","ACP",3,"taux_erreur",0.573770491803279,"ok","",611,550,61,61290352,9683710,"d311122f6c41268e4599aa694c6f4678",0.0180000000000291
"pente_st","ACP",3,"accuracy",0.426229508196721,"ok","",611,550,61,61290352,9683710,"d311122f6c41268e4599aa694c6f4678",0.0180000000000291
"pente_st","ACP",3,"RMSE",0.877776624932954,"ok","",611,550,61,61290352,9683710,"d311122f6c41268e4599aa694c6f4678",0.0180000000000291
"pente_st","ACP",3,"MAE",0.639344262295082,"ok","",611,550,61,61290352,9683710,"d311122f6c41268e4599aa694c6f4678",0.0180000000000291
"pente_st","EM",3,"indisponible",NA,"non_applicable","non_applicable : EM gaussien pour cible quantitative seulement",611,550,61,61290352,16734633,"d311122f6c41268e4599aa694c6f4678",0
"pente_st","AFDM",3,"taux_erreur",0.262295081967213,"ok","",611,550,61,61290352,105894743,"d311122f6c41268e4599aa694c6f4678",0.0450000000000728
"pente_st","AFDM",3,"accuracy",0.737704918032787,"ok","",611,550,61,61290352,105894743,"d311122f6c41268e4599aa694c6f4678",0.0450000000000728
"pente_st","AFDM",3,"RMSE",0.558099820673744,"ok","",611,550,61,61290352,105894743,"d311122f6c41268e4599aa694c6f4678",0.0450000000000728
"pente_st","AFDM",3,"MAE",0.278688524590164,"ok","",611,550,61,61290352,105894743,"d311122f6c41268e4599aa694c6f4678",0.0450000000000728
"pente_st","mice",3,"taux_erreur",0.377049180327869,"ok","",611,550,61,61290352,167428383,"d311122f6c41268e4599aa694c6f4678",0.288000000000011
"pente_st","mice",3,"accuracy",0.622950819672131,"ok","",611,550,61,61290352,167428383,"d311122f6c41268e4599aa694c6f4678",0.288000000000011
"pente_st","mice",3,"RMSE",0.652862549237373,"ok","",611,550,61,61290352,167428383,"d311122f6c41268e4599aa694c6f4678",0.288000000000011
"pente_st","mice",3,"MAE",0.39344262295082,"ok","",611,550,61,61290352,167428383,"d311122f6c41268e4599aa694c6f4678",0.288000000000011
"nb_vaisseaux","mean",3,"indisponible",NA,"non_applicable","non_applicable : moyenne pour cible quantitative seulement",309,279,30,98161850,172674333,"6a743c489e1991f7c838a16f2795cb24",0.000999999999976353
"nb_vaisseaux","median",3,"taux_erreur",0.366666666666667,"ok","",309,279,30,98161850,192588351,"6a743c489e1991f7c838a16f2795cb24",0
"nb_vaisseaux","median",3,"accuracy",0.633333333333333,"ok","",309,279,30,98161850,192588351,"6a743c489e1991f7c838a16f2795cb24",0
"nb_vaisseaux","median",3,"RMSE",1.18321595661992,"ok","",309,279,30,98161850,192588351,"6a743c489e1991f7c838a16f2795cb24",0
"nb_vaisseaux","median",3,"MAE",0.666666666666667,"ok","",309,279,30,98161850,192588351,"6a743c489e1991f7c838a16f2795cb24",0
"nb_vaisseaux","mode",3,"taux_erreur",0.366666666666667,"ok","",309,279,30,98161850,95462371,"6a743c489e1991f7c838a16f2795cb24",0
"nb_vaisseaux","mode",3,"accuracy",0.633333333333333,"ok","",309,279,30,98161850,95462371,"6a743c489e1991f7c838a16f2795cb24",0
"nb_vaisseaux","mode",3,"RMSE",1.18321595661992,"ok","",309,279,30,98161850,95462371,"6a743c489e1991f7c838a16f2795cb24",0
"nb_vaisseaux","mode",3,"MAE",0.666666666666667,"ok","",309,279,30,98161850,95462371,"6a743c489e1991f7c838a16f2795cb24",0
"nb_vaisseaux","RandomForest",3,"taux_erreur",0.333333333333333,"ok","",309,279,30,98161850,148035689,"6a743c489e1991f7c838a16f2795cb24",0.0730000000000928
"nb_vaisseaux","RandomForest",3,"accuracy",0.666666666666667,"ok","",309,279,30,98161850,148035689,"6a743c489e1991f7c838a16f2795cb24",0.0730000000000928
"nb_vaisseaux","RandomForest",3,"RMSE",0.894427190999916,"ok","",309,279,30,98161850,148035689,"6a743c489e1991f7c838a16f2795cb24",0.0730000000000928
"nb_vaisseaux","RandomForest",3,"MAE",0.466666666666667,"ok","",309,279,30,98161850,148035689,"6a743c489e1991f7c838a16f2795cb24",0.0730000000000928
"nb_vaisseaux","Knn",3,"taux_erreur",0.433333333333333,"ok","",309,279,30,98161850,127759677,"6a743c489e1991f7c838a16f2795cb24",0.0150000000001
"nb_vaisseaux","Knn",3,"accuracy",0.566666666666667,"ok","",309,279,30,98161850,127759677,"6a743c489e1991f7c838a16f2795cb24",0.0150000000001
"nb_vaisseaux","Knn",3,"RMSE",1,"ok","",309,279,30,98161850,127759677,"6a743c489e1991f7c838a16f2795cb24",0.0150000000001
"nb_vaisseaux","Knn",3,"MAE",0.6,"ok","",309,279,30,98161850,127759677,"6a743c489e1991f7c838a16f2795cb24",0.0150000000001
"nb_vaisseaux","ACP",3,"taux_erreur",0.366666666666667,"ok","",309,279,30,98161850,112499135,"6a743c489e1991f7c838a16f2795cb24",0.0199999999999818
"nb_vaisseaux","ACP",3,"accuracy",0.633333333333333,"ok","",309,279,30,98161850,112499135,"6a743c489e1991f7c838a16f2795cb24",0.0199999999999818
"nb_vaisseaux","ACP",3,"RMSE",1.18321595661992,"ok","",309,279,30,98161850,112499135,"6a743c489e1991f7c838a16f2795cb24",0.0199999999999818
"nb_vaisseaux","ACP",3,"MAE",0.666666666666667,"ok","",309,279,30,98161850,112499135,"6a743c489e1991f7c838a16f2795cb24",0.0199999999999818
"nb_vaisseaux","EM",3,"indisponible",NA,"non_applicable","non_applicable : EM gaussien pour cible quantitative seulement",309,279,30,98161850,243832357,"6a743c489e1991f7c838a16f2795cb24",0
"nb_vaisseaux","AFDM",3,"taux_erreur",0.4,"ok","",309,279,30,98161850,83710379,"6a743c489e1991f7c838a16f2795cb24",0.0319999999999254
"nb_vaisseaux","AFDM",3,"accuracy",0.6,"ok","",309,279,30,98161850,83710379,"6a743c489e1991f7c838a16f2795cb24",0.0319999999999254
"nb_vaisseaux","AFDM",3,"RMSE",1.12546286774228,"ok","",309,279,30,98161850,83710379,"6a743c489e1991f7c838a16f2795cb24",0.0319999999999254
"nb_vaisseaux","AFDM",3,"MAE",0.666666666666667,"ok","",309,279,30,98161850,83710379,"6a743c489e1991f7c838a16f2795cb24",0.0319999999999254
"nb_vaisseaux","mice",3,"taux_erreur",0.5,"ok","",309,279,30,98161850,74761377,"6a743c489e1991f7c838a16f2795cb24",0.260999999999967
"nb_vaisseaux","mice",3,"accuracy",0.5,"ok","",309,279,30,98161850,74761377,"6a743c489e1991f7c838a16f2795cb24",0.260999999999967
"nb_vaisseaux","mice",3,"RMSE",1.15470053837925,"ok","",309,279,30,98161850,74761377,"6a743c489e1991f7c838a16f2795cb24",0.260999999999967
"nb_vaisseaux","mice",3,"MAE",0.733333333333333,"ok","",309,279,30,98161850,74761377,"6a743c489e1991f7c838a16f2795cb24",0.260999999999967
"test_thallium","mean",3,"indisponible",NA,"non_applicable","non_applicable : moyenne pour cible quantitative seulement",434,391,43,44557810,213858307,"3f4d3ed96caae02f798ea612768d59d9",0.000999999999976353
"test_thallium","median",3,"indisponible",NA,"non_applicable","non_applicable : médiane sans sens pour cible nominale",434,391,43,44557810,26924258,"3f4d3ed96caae02f798ea612768d59d9",0
"test_thallium","mode",3,"taux_erreur",0.581395348837209,"ok","",434,391,43,44557810,57997587,"3f4d3ed96caae02f798ea612768d59d9",0.000999999999976353
"test_thallium","mode",3,"accuracy",0.418604651162791,"ok","",434,391,43,44557810,57997587,"3f4d3ed96caae02f798ea612768d59d9",0.000999999999976353
"test_thallium","RandomForest",3,"taux_erreur",0.372093023255814,"ok","",434,391,43,44557810,168920875,"3f4d3ed96caae02f798ea612768d59d9",0.0929999999998472
"test_thallium","RandomForest",3,"accuracy",0.627906976744186,"ok","",434,391,43,44557810,168920875,"3f4d3ed96caae02f798ea612768d59d9",0.0929999999998472
"test_thallium","Knn",3,"taux_erreur",0.441860465116279,"ok","",434,391,43,44557810,41818168,"3f4d3ed96caae02f798ea612768d59d9",0.0290000000002237
"test_thallium","Knn",3,"accuracy",0.558139534883721,"ok","",434,391,43,44557810,41818168,"3f4d3ed96caae02f798ea612768d59d9",0.0290000000002237
"test_thallium","ACP",3,"taux_erreur",0.488372093023256,"ok","",434,391,43,44557810,198249233,"3f4d3ed96caae02f798ea612768d59d9",0.0259999999998399
"test_thallium","ACP",3,"accuracy",0.511627906976744,"ok","",434,391,43,44557810,198249233,"3f4d3ed96caae02f798ea612768d59d9",0.0259999999998399
"test_thallium","EM",3,"indisponible",NA,"non_applicable","non_applicable : EM gaussien pour cible quantitative seulement",434,391,43,44557810,253333228,"3f4d3ed96caae02f798ea612768d59d9",0
"test_thallium","AFDM",3,"taux_erreur",0.418604651162791,"ok","",434,391,43,44557810,46158573,"3f4d3ed96caae02f798ea612768d59d9",0.0370000000000346
"test_thallium","AFDM",3,"accuracy",0.581395348837209,"ok","",434,391,43,44557810,46158573,"3f4d3ed96caae02f798ea612768d59d9",0.0370000000000346
"test_thallium","mice",3,"taux_erreur",0.418604651162791,"ok","",434,391,43,44557810,13555624,"3f4d3ed96caae02f798ea612768d59d9",0.243999999999915
"test_thallium","mice",3,"accuracy",0.581395348837209,"ok","",434,391,43,44557810,13555624,"3f4d3ed96caae02f798ea612768d59d9",0.243999999999915
"pa_repos","mean",4,"RMSE",17.4107694948859,"ok","",860,774,86,230059340,50009220,"ebc368775fd59e31da26d682abfc3ce1",0
"pa_repos","mean",4,"MAE",14.0631572621838,"ok","",860,774,86,230059340,50009220,"ebc368775fd59e31da26d682abfc3ce1",0
"pa_repos","median",4,"RMSE",17.3808234343432,"ok","",860,774,86,230059340,7566941,"ebc368775fd59e31da26d682abfc3ce1",0.000999999999976353
"pa_repos","median",4,"MAE",13.8372093023256,"ok","",860,774,86,230059340,7566941,"ebc368775fd59e31da26d682abfc3ce1",0.000999999999976353
"pa_repos","mode",4,"RMSE",20.5449026100348,"ok","",860,774,86,230059340,215429309,"ebc368775fd59e31da26d682abfc3ce1",0.00200000000018008
"pa_repos","mode",4,"MAE",15.953488372093,"ok","",860,774,86,230059340,215429309,"ebc368775fd59e31da26d682abfc3ce1",0.00200000000018008
"pa_repos","RandomForest",4,"RMSE",17.3523109943891,"ok","",860,774,86,230059340,182614903,"ebc368775fd59e31da26d682abfc3ce1",0.127999999999929
"pa_repos","RandomForest",4,"MAE",13.9339394407373,"ok","",860,774,86,230059340,182614903,"ebc368775fd59e31da26d682abfc3ce1",0.127999999999929
"pa_repos","Knn",4,"RMSE",17.9260236968881,"ok","",860,774,86,230059340,83084740,"ebc368775fd59e31da26d682abfc3ce1",0.0170000000000528
"pa_repos","Knn",4,"MAE",14.8232558139535,"ok","",860,774,86,230059340,83084740,"ebc368775fd59e31da26d682abfc3ce1",0.0170000000000528
"pa_repos","ACP",4,"RMSE",19.3283266132854,"ok","",860,774,86,230059340,246819204,"ebc368775fd59e31da26d682abfc3ce1",0.0239999999998872
"pa_repos","ACP",4,"MAE",15.7397375877918,"ok","",860,774,86,230059340,246819204,"ebc368775fd59e31da26d682abfc3ce1",0.0239999999998872
"pa_repos","EM",4,"RMSE",18.5232331539878,"ok","",860,774,86,230059340,236534703,"ebc368775fd59e31da26d682abfc3ce1",0.323999999999842
"pa_repos","EM",4,"MAE",14.4149655768944,"ok","",860,774,86,230059340,236534703,"ebc368775fd59e31da26d682abfc3ce1",0.323999999999842
"pa_repos","AFDM",4,"RMSE",17.7788209857799,"ok","",860,774,86,230059340,55696624,"ebc368775fd59e31da26d682abfc3ce1",0.0470000000000255
"pa_repos","AFDM",4,"MAE",14.0306642366458,"ok","",860,774,86,230059340,55696624,"ebc368775fd59e31da26d682abfc3ce1",0.0470000000000255
"pa_repos","mice",4,"RMSE",19.0417778142058,"ok","",860,774,86,230059340,74969285,"ebc368775fd59e31da26d682abfc3ce1",0.0660000000000309
"pa_repos","mice",4,"MAE",15.4023255813953,"ok","",860,774,86,230059340,74969285,"ebc368775fd59e31da26d682abfc3ce1",0.0660000000000309
"cholesterol","mean",4,"RMSE",59.3532273406927,"ok","",718,647,71,20630721,50103369,"eb305eecdf89e3b36e19d50f070ade0b",0
"cholesterol","mean",4,"MAE",44.74475912663,"ok","",718,647,71,20630721,50103369,"eb305eecdf89e3b36e19d50f070ade0b",0
"cholesterol","median",4,"RMSE",60.1071812634449,"ok","",718,647,71,20630721,5083768,"eb305eecdf89e3b36e19d50f070ade0b",0
"cholesterol","median",4,"MAE",44.7605633802817,"ok","",718,647,71,20630721,5083768,"eb305eecdf89e3b36e19d50f070ade0b",0
"cholesterol","mode",4,"RMSE",74.2842845397158,"ok","",718,647,71,20630721,180162353,"eb305eecdf89e3b36e19d50f070ade0b",0.00100000000020373
"cholesterol","mode",4,"MAE",57.056338028169,"ok","",718,647,71,20630721,180162353,"eb305eecdf89e3b36e19d50f070ade0b",0.00100000000020373
"cholesterol","RandomForest",4,"RMSE",57.463097238496,"ok","",718,647,71,20630721,90305706,"eb305eecdf89e3b36e19d50f070ade0b",0.114000000000033
"cholesterol","RandomForest",4,"MAE",43.8173136406521,"ok","",718,647,71,20630721,90305706,"eb305eecdf89e3b36e19d50f070ade0b",0.114000000000033
"cholesterol","Knn",4,"RMSE",57.5331625128707,"ok","",718,647,71,20630721,240074950,"eb305eecdf89e3b36e19d50f070ade0b",0.0169999999998254
"cholesterol","Knn",4,"MAE",45.6140845070423,"ok","",718,647,71,20630721,240074950,"eb305eecdf89e3b36e19d50f070ade0b",0.0169999999998254
"cholesterol","ACP",4,"RMSE",58.7406621377704,"ok","",718,647,71,20630721,229003011,"eb305eecdf89e3b36e19d50f070ade0b",0.0289999999999964
"cholesterol","ACP",4,"MAE",45.6106361699988,"ok","",718,647,71,20630721,229003011,"eb305eecdf89e3b36e19d50f070ade0b",0.0289999999999964
"cholesterol","EM",4,"RMSE",58.2863248069675,"ok","",718,647,71,20630721,161968555,"eb305eecdf89e3b36e19d50f070ade0b",0.111999999999853
"cholesterol","EM",4,"MAE",44.456963687766,"ok","",718,647,71,20630721,161968555,"eb305eecdf89e3b36e19d50f070ade0b",0.111999999999853
"cholesterol","AFDM",4,"RMSE",58.5093595622454,"ok","",718,647,71,20630721,267146346,"eb305eecdf89e3b36e19d50f070ade0b",0.0389999999999873
"cholesterol","AFDM",4,"MAE",44.6561685131281,"ok","",718,647,71,20630721,267146346,"eb305eecdf89e3b36e19d50f070ade0b",0.0389999999999873
"cholesterol","mice",4,"RMSE",62.9806677246459,"ok","",718,647,71,20630721,179827761,"eb305eecdf89e3b36e19d50f070ade0b",0.0629999999998745
"cholesterol","mice",4,"MAE",48.7943661971831,"ok","",718,647,71,20630721,179827761,"eb305eecdf89e3b36e19d50f070ade0b",0.0629999999998745
"glyc_jeun_elevee","mean",4,"indisponible",NA,"non_applicable","non_applicable : moyenne pour cible quantitative seulement",830,747,83,249980017,2207549,"4fa1dadd8c0c2a40d3f71cfb5de78c25",0
"glyc_jeun_elevee","median",4,"indisponible",NA,"non_applicable","non_applicable : médiane sans sens pour cible nominale",830,747,83,249980017,31532043,"4fa1dadd8c0c2a40d3f71cfb5de78c25",0
"glyc_jeun_elevee","mode",4,"taux_erreur",0.156626506024096,"ok","",830,747,83,249980017,40608864,"4fa1dadd8c0c2a40d3f71cfb5de78c25",0
"glyc_jeun_elevee","mode",4,"accuracy",0.843373493975904,"ok","",830,747,83,249980017,40608864,"4fa1dadd8c0c2a40d3f71cfb5de78c25",0
"glyc_jeun_elevee","RandomForest",4,"taux_erreur",0.156626506024096,"ok","",830,747,83,249980017,250543668,"4fa1dadd8c0c2a40d3f71cfb5de78c25",0.101000000000113
"glyc_jeun_elevee","RandomForest",4,"accuracy",0.843373493975904,"ok","",830,747,83,249980017,250543668,"4fa1dadd8c0c2a40d3f71cfb5de78c25",0.101000000000113
"glyc_jeun_elevee","Knn",4,"taux_erreur",0.204819277108434,"ok","",830,747,83,249980017,169526752,"4fa1dadd8c0c2a40d3f71cfb5de78c25",0.0380000000000109
"glyc_jeun_elevee","Knn",4,"accuracy",0.795180722891566,"ok","",830,747,83,249980017,169526752,"4fa1dadd8c0c2a40d3f71cfb5de78c25",0.0380000000000109
"glyc_jeun_elevee","ACP",4,"taux_erreur",0.216867469879518,"ok","",830,747,83,249980017,99818774,"4fa1dadd8c0c2a40d3f71cfb5de78c25",0.0190000000000055
"glyc_jeun_elevee","ACP",4,"accuracy",0.783132530120482,"ok","",830,747,83,249980017,99818774,"4fa1dadd8c0c2a40d3f71cfb5de78c25",0.0190000000000055
"glyc_jeun_elevee","EM",4,"indisponible",NA,"non_applicable","non_applicable : EM gaussien pour cible quantitative seulement",830,747,83,249980017,47912941,"4fa1dadd8c0c2a40d3f71cfb5de78c25",0.000999999999976353
"glyc_jeun_elevee","AFDM",4,"taux_erreur",0.192771084337349,"ok","",830,747,83,249980017,262025456,"4fa1dadd8c0c2a40d3f71cfb5de78c25",0.0380000000000109
"glyc_jeun_elevee","AFDM",4,"accuracy",0.807228915662651,"ok","",830,747,83,249980017,262025456,"4fa1dadd8c0c2a40d3f71cfb5de78c25",0.0380000000000109
"glyc_jeun_elevee","mice",4,"taux_erreur",0.216867469879518,"ok","",830,747,83,249980017,131073664,"4fa1dadd8c0c2a40d3f71cfb5de78c25",0.158000000000129
"glyc_jeun_elevee","mice",4,"accuracy",0.783132530120482,"ok","",830,747,83,249980017,131073664,"4fa1dadd8c0c2a40d3f71cfb5de78c25",0.158000000000129
"ecg_repos","mean",4,"indisponible",NA,"non_applicable","non_applicable : moyenne pour cible quantitative seulement",918,827,91,251887729,92256895,"bfdc635552565fbea98b5d63cb9fe0ea",0
"ecg_repos","median",4,"indisponible",NA,"non_applicable","non_applicable : médiane sans sens pour cible nominale",918,827,91,251887729,158367657,"bfdc635552565fbea98b5d63cb9fe0ea",0
"ecg_repos","mode",4,"taux_erreur",0.384615384615385,"ok","",918,827,91,251887729,89412307,"bfdc635552565fbea98b5d63cb9fe0ea",0.000999999999976353
"ecg_repos","mode",4,"accuracy",0.615384615384615,"ok","",918,827,91,251887729,89412307,"bfdc635552565fbea98b5d63cb9fe0ea",0.000999999999976353
"ecg_repos","RandomForest",4,"taux_erreur",0.384615384615385,"ok","",918,827,91,251887729,191259530,"bfdc635552565fbea98b5d63cb9fe0ea",0.144999999999982
"ecg_repos","RandomForest",4,"accuracy",0.615384615384615,"ok","",918,827,91,251887729,191259530,"bfdc635552565fbea98b5d63cb9fe0ea",0.144999999999982
"ecg_repos","Knn",4,"taux_erreur",0.406593406593407,"ok","",918,827,91,251887729,11385666,"bfdc635552565fbea98b5d63cb9fe0ea",0.0329999999999018
"ecg_repos","Knn",4,"accuracy",0.593406593406593,"ok","",918,827,91,251887729,11385666,"bfdc635552565fbea98b5d63cb9fe0ea",0.0329999999999018
"ecg_repos","ACP",4,"taux_erreur",0.351648351648352,"ok","",918,827,91,251887729,2708906,"bfdc635552565fbea98b5d63cb9fe0ea",0.0450000000000728
"ecg_repos","ACP",4,"accuracy",0.648351648351648,"ok","",918,827,91,251887729,2708906,"bfdc635552565fbea98b5d63cb9fe0ea",0.0450000000000728
"ecg_repos","EM",4,"indisponible",NA,"non_applicable","non_applicable : EM gaussien pour cible quantitative seulement",918,827,91,251887729,243543351,"bfdc635552565fbea98b5d63cb9fe0ea",0.000999999999976353
"ecg_repos","AFDM",4,"taux_erreur",0.32967032967033,"ok","",918,827,91,251887729,102631983,"bfdc635552565fbea98b5d63cb9fe0ea",0.0579999999999927
"ecg_repos","AFDM",4,"accuracy",0.67032967032967,"ok","",918,827,91,251887729,102631983,"bfdc635552565fbea98b5d63cb9fe0ea",0.0579999999999927
"ecg_repos","mice",4,"taux_erreur",0.340659340659341,"ok","",918,827,91,251887729,253546648,"bfdc635552565fbea98b5d63cb9fe0ea",0.392000000000053
"ecg_repos","mice",4,"accuracy",0.659340659340659,"ok","",918,827,91,251887729,253546648,"bfdc635552565fbea98b5d63cb9fe0ea",0.392000000000053
"fc_max","mean",4,"RMSE",24.1630521847075,"ok","",865,779,86,217440055,131450476,"cf87dcdbdf0e68d6f3094ed64a216896",0.00100000000020373
"fc_max","mean",4,"MAE",20.3081320715288,"ok","",865,779,86,217440055,131450476,"cf87dcdbdf0e68d6f3094ed64a216896",0.00100000000020373
"fc_max","median",4,"RMSE",24.3575593538109,"ok","",865,779,86,217440055,239885906,"cf87dcdbdf0e68d6f3094ed64a216896",0.000999999999976353
"fc_max","median",4,"MAE",20.1976744186047,"ok","",865,779,86,217440055,239885906,"cf87dcdbdf0e68d6f3094ed64a216896",0.000999999999976353
"fc_max","mode",4,"RMSE",27.5096177684722,"ok","",865,779,86,217440055,18110241,"cf87dcdbdf0e68d6f3094ed64a216896",0.000999999999976353
"fc_max","mode",4,"MAE",22.1744186046512,"ok","",865,779,86,217440055,18110241,"cf87dcdbdf0e68d6f3094ed64a216896",0.000999999999976353
"fc_max","RandomForest",4,"RMSE",18.753250956275,"ok","",865,779,86,217440055,243060757,"cf87dcdbdf0e68d6f3094ed64a216896",0.144999999999982
"fc_max","RandomForest",4,"MAE",15.0444395113367,"ok","",865,779,86,217440055,243060757,"cf87dcdbdf0e68d6f3094ed64a216896",0.144999999999982
"fc_max","Knn",4,"RMSE",22.1920790394461,"ok","",865,779,86,217440055,249561241,"cf87dcdbdf0e68d6f3094ed64a216896",0.0229999999999109
"fc_max","Knn",4,"MAE",17.9023255813953,"ok","",865,779,86,217440055,249561241,"cf87dcdbdf0e68d6f3094ed64a216896",0.0229999999999109
"fc_max","ACP",4,"RMSE",41.4612116744329,"ok","",865,779,86,217440055,9561173,"cf87dcdbdf0e68d6f3094ed64a216896",0.0199999999999818
"fc_max","ACP",4,"MAE",33.7461971456187,"ok","",865,779,86,217440055,9561173,"cf87dcdbdf0e68d6f3094ed64a216896",0.0199999999999818
"fc_max","EM",4,"RMSE",23.3886021932129,"ok","",865,779,86,217440055,217544269,"cf87dcdbdf0e68d6f3094ed64a216896",0.259999999999991
"fc_max","EM",4,"MAE",19.7728134451719,"ok","",865,779,86,217440055,217544269,"cf87dcdbdf0e68d6f3094ed64a216896",0.259999999999991
"fc_max","AFDM",4,"RMSE",19.579453682749,"ok","",865,779,86,217440055,220964630,"cf87dcdbdf0e68d6f3094ed64a216896",0.0370000000000346
"fc_max","AFDM",4,"MAE",15.4492572041399,"ok","",865,779,86,217440055,220964630,"cf87dcdbdf0e68d6f3094ed64a216896",0.0370000000000346
"fc_max","mice",4,"RMSE",20.4922220071591,"ok","",865,779,86,217440055,88061549,"cf87dcdbdf0e68d6f3094ed64a216896",0.0740000000000691
"fc_max","mice",4,"MAE",17.3767441860465,"ok","",865,779,86,217440055,88061549,"cf87dcdbdf0e68d6f3094ed64a216896",0.0740000000000691
"angine_effort","mean",4,"indisponible",NA,"non_applicable","non_applicable : moyenne pour cible quantitative seulement",865,779,86,106280601,135673787,"02e2d17c366a2cfd2ba329a19e785360",0
"angine_effort","median",4,"indisponible",NA,"non_applicable","non_applicable : médiane sans sens pour cible nominale",865,779,86,106280601,220517140,"02e2d17c366a2cfd2ba329a19e785360",0
"angine_effort","mode",4,"taux_erreur",0.395348837209302,"ok","",865,779,86,106280601,32292120,"02e2d17c366a2cfd2ba329a19e785360",0.000999999999976353
"angine_effort","mode",4,"accuracy",0.604651162790698,"ok","",865,779,86,106280601,32292120,"02e2d17c366a2cfd2ba329a19e785360",0.000999999999976353
"angine_effort","RandomForest",4,"taux_erreur",0.174418604651163,"ok","",865,779,86,106280601,77398780,"02e2d17c366a2cfd2ba329a19e785360",0.120999999999867
"angine_effort","RandomForest",4,"accuracy",0.825581395348837,"ok","",865,779,86,106280601,77398780,"02e2d17c366a2cfd2ba329a19e785360",0.120999999999867
"angine_effort","Knn",4,"taux_erreur",0.290697674418605,"ok","",865,779,86,106280601,145253139,"02e2d17c366a2cfd2ba329a19e785360",0.0269999999998163
"angine_effort","Knn",4,"accuracy",0.709302325581395,"ok","",865,779,86,106280601,145253139,"02e2d17c366a2cfd2ba329a19e785360",0.0269999999998163
"angine_effort","ACP",4,"taux_erreur",0.325581395348837,"ok","",865,779,86,106280601,160312083,"02e2d17c366a2cfd2ba329a19e785360",0.0200000000002092
"angine_effort","ACP",4,"accuracy",0.674418604651163,"ok","",865,779,86,106280601,160312083,"02e2d17c366a2cfd2ba329a19e785360",0.0200000000002092
"angine_effort","EM",4,"indisponible",NA,"non_applicable","non_applicable : EM gaussien pour cible quantitative seulement",865,779,86,106280601,98741847,"02e2d17c366a2cfd2ba329a19e785360",0
"angine_effort","AFDM",4,"taux_erreur",0.186046511627907,"ok","",865,779,86,106280601,111458720,"02e2d17c366a2cfd2ba329a19e785360",0.0480000000000018
"angine_effort","AFDM",4,"accuracy",0.813953488372093,"ok","",865,779,86,106280601,111458720,"02e2d17c366a2cfd2ba329a19e785360",0.0480000000000018
"angine_effort","mice",4,"taux_erreur",0.232558139534884,"ok","",865,779,86,106280601,184369710,"02e2d17c366a2cfd2ba329a19e785360",0.162000000000035
"angine_effort","mice",4,"accuracy",0.767441860465116,"ok","",865,779,86,106280601,184369710,"02e2d17c366a2cfd2ba329a19e785360",0.162000000000035
"depress_st","mean",4,"RMSE",0.999769806581773,"ok","",858,773,85,252407400,164462326,"abb682b89c9c37fc0a4e7866ce15a6f5",0.000999999999976353
"depress_st","mean",4,"MAE",0.851411612510463,"ok","",858,773,85,252407400,164462326,"abb682b89c9c37fc0a4e7866ce15a6f5",0.000999999999976353
"depress_st","median",4,"RMSE",1.10708945384893,"ok","",858,773,85,252407400,31020355,"abb682b89c9c37fc0a4e7866ce15a6f5",0
"depress_st","median",4,"MAE",0.905882352941176,"ok","",858,773,85,252407400,31020355,"abb682b89c9c37fc0a4e7866ce15a6f5",0
"depress_st","mode",4,"RMSE",1.40264456107236,"ok","",858,773,85,252407400,155852986,"abb682b89c9c37fc0a4e7866ce15a6f5",0.000999999999976353
"depress_st","mode",4,"MAE",1.00352941176471,"ok","",858,773,85,252407400,155852986,"abb682b89c9c37fc0a4e7866ce15a6f5",0.000999999999976353
"depress_st","RandomForest",4,"RMSE",0.782120312615639,"ok","",858,773,85,252407400,49247106,"abb682b89c9c37fc0a4e7866ce15a6f5",0.157000000000153
"depress_st","RandomForest",4,"MAE",0.579633169664717,"ok","",858,773,85,252407400,49247106,"abb682b89c9c37fc0a4e7866ce15a6f5",0.157000000000153
"depress_st","Knn",4,"RMSE",0.944624419606886,"ok","",858,773,85,252407400,55556730,"abb682b89c9c37fc0a4e7866ce15a6f5",0.0319999999999254
"depress_st","Knn",4,"MAE",0.692941176470588,"ok","",858,773,85,252407400,55556730,"abb682b89c9c37fc0a4e7866ce15a6f5",0.0319999999999254
"depress_st","ACP",4,"RMSE",1.67321031230238,"ok","",858,773,85,252407400,132000562,"abb682b89c9c37fc0a4e7866ce15a6f5",0.0360000000000582
"depress_st","ACP",4,"MAE",1.4546319801513,"ok","",858,773,85,252407400,132000562,"abb682b89c9c37fc0a4e7866ce15a6f5",0.0360000000000582
"depress_st","EM",4,"RMSE",0.959946313626443,"ok","",858,773,85,252407400,43123656,"abb682b89c9c37fc0a4e7866ce15a6f5",0.278999999999996
"depress_st","EM",4,"MAE",0.793610889933711,"ok","",858,773,85,252407400,43123656,"abb682b89c9c37fc0a4e7866ce15a6f5",0.278999999999996
"depress_st","AFDM",4,"RMSE",0.862443113739072,"ok","",858,773,85,252407400,253178891,"abb682b89c9c37fc0a4e7866ce15a6f5",0.0350000000000819
"depress_st","AFDM",4,"MAE",0.673348930432044,"ok","",858,773,85,252407400,253178891,"abb682b89c9c37fc0a4e7866ce15a6f5",0.0350000000000819
"depress_st","mice",4,"RMSE",0.94002252789025,"ok","",858,773,85,252407400,36539728,"abb682b89c9c37fc0a4e7866ce15a6f5",0.0740000000000691
"depress_st","mice",4,"MAE",0.708235294117647,"ok","",858,773,85,252407400,36539728,"abb682b89c9c37fc0a4e7866ce15a6f5",0.0740000000000691
"pente_st","mean",4,"indisponible",NA,"non_applicable","non_applicable : moyenne pour cible quantitative seulement",611,550,61,118403404,22694585,"84801bff9fa9beec509e30a3b1d3412a",0.000999999999976353
"pente_st","median",4,"taux_erreur",0.491803278688525,"ok","",611,550,61,118403404,5204920,"84801bff9fa9beec509e30a3b1d3412a",0
"pente_st","median",4,"accuracy",0.508196721311475,"ok","",611,550,61,118403404,5204920,"84801bff9fa9beec509e30a3b1d3412a",0
"pente_st","median",4,"RMSE",0.701286873318277,"ok","",611,550,61,118403404,5204920,"84801bff9fa9beec509e30a3b1d3412a",0
"pente_st","median",4,"MAE",0.491803278688525,"ok","",611,550,61,118403404,5204920,"84801bff9fa9beec509e30a3b1d3412a",0
"pente_st","mode",4,"taux_erreur",0.491803278688525,"ok","",611,550,61,118403404,263904932,"84801bff9fa9beec509e30a3b1d3412a",0.000999999999976353
"pente_st","mode",4,"accuracy",0.508196721311475,"ok","",611,550,61,118403404,263904932,"84801bff9fa9beec509e30a3b1d3412a",0.000999999999976353
"pente_st","mode",4,"RMSE",0.701286873318277,"ok","",611,550,61,118403404,263904932,"84801bff9fa9beec509e30a3b1d3412a",0.000999999999976353
"pente_st","mode",4,"MAE",0.491803278688525,"ok","",611,550,61,118403404,263904932,"84801bff9fa9beec509e30a3b1d3412a",0.000999999999976353
"pente_st","RandomForest",4,"taux_erreur",0.360655737704918,"ok","",611,550,61,118403404,226349330,"84801bff9fa9beec509e30a3b1d3412a",0.100000000000136
"pente_st","RandomForest",4,"accuracy",0.639344262295082,"ok","",611,550,61,118403404,226349330,"84801bff9fa9beec509e30a3b1d3412a",0.100000000000136
"pente_st","RandomForest",4,"RMSE",0.677507485894158,"ok","",611,550,61,118403404,226349330,"84801bff9fa9beec509e30a3b1d3412a",0.100000000000136
"pente_st","RandomForest",4,"MAE",0.39344262295082,"ok","",611,550,61,118403404,226349330,"84801bff9fa9beec509e30a3b1d3412a",0.100000000000136
"pente_st","Knn",4,"taux_erreur",0.344262295081967,"ok","",611,550,61,118403404,113427667,"84801bff9fa9beec509e30a3b1d3412a",0.0299999999999727
"pente_st","Knn",4,"accuracy",0.655737704918033,"ok","",611,550,61,118403404,113427667,"84801bff9fa9beec509e30a3b1d3412a",0.0299999999999727
"pente_st","Knn",4,"RMSE",0.735515877841789,"ok","",611,550,61,118403404,113427667,"84801bff9fa9beec509e30a3b1d3412a",0.0299999999999727
"pente_st","Knn",4,"MAE",0.409836065573771,"ok","",611,550,61,118403404,113427667,"84801bff9fa9beec509e30a3b1d3412a",0.0299999999999727
"pente_st","ACP",4,"taux_erreur",0.508196721311475,"ok","",611,550,61,118403404,142879921,"84801bff9fa9beec509e30a3b1d3412a",0.0329999999999018
"pente_st","ACP",4,"accuracy",0.491803278688525,"ok","",611,550,61,118403404,142879921,"84801bff9fa9beec509e30a3b1d3412a",0.0329999999999018
"pente_st","ACP",4,"RMSE",0.86838836971469,"ok","",611,550,61,118403404,142879921,"84801bff9fa9beec509e30a3b1d3412a",0.0329999999999018
"pente_st","ACP",4,"MAE",0.590163934426229,"ok","",611,550,61,118403404,142879921,"84801bff9fa9beec509e30a3b1d3412a",0.0329999999999018
"pente_st","EM",4,"indisponible",NA,"non_applicable","non_applicable : EM gaussien pour cible quantitative seulement",611,550,61,118403404,68893320,"84801bff9fa9beec509e30a3b1d3412a",0
"pente_st","AFDM",4,"taux_erreur",0.327868852459016,"ok","",611,550,61,118403404,57237401,"84801bff9fa9beec509e30a3b1d3412a",0.0359999999998308
"pente_st","AFDM",4,"accuracy",0.672131147540984,"ok","",611,550,61,118403404,57237401,"84801bff9fa9beec509e30a3b1d3412a",0.0359999999998308
"pente_st","AFDM",4,"RMSE",0.614043304928788,"ok","",611,550,61,118403404,57237401,"84801bff9fa9beec509e30a3b1d3412a",0.0359999999998308
"pente_st","AFDM",4,"MAE",0.344262295081967,"ok","",611,550,61,118403404,57237401,"84801bff9fa9beec509e30a3b1d3412a",0.0359999999998308
"pente_st","mice",4,"taux_erreur",0.409836065573771,"ok","",611,550,61,118403404,190739644,"84801bff9fa9beec509e30a3b1d3412a",0.288000000000011
"pente_st","mice",4,"accuracy",0.590163934426229,"ok","",611,550,61,118403404,190739644,"84801bff9fa9beec509e30a3b1d3412a",0.288000000000011
"pente_st","mice",4,"RMSE",0.712879177218325,"ok","",611,550,61,118403404,190739644,"84801bff9fa9beec509e30a3b1d3412a",0.288000000000011
"pente_st","mice",4,"MAE",0.442622950819672,"ok","",611,550,61,118403404,190739644,"84801bff9fa9beec509e30a3b1d3412a",0.288000000000011
"nb_vaisseaux","mean",4,"indisponible",NA,"non_applicable","non_applicable : moyenne pour cible quantitative seulement",309,279,30,160227503,137615093,"fb104689d72b12208aad9d587d1783d3",0
"nb_vaisseaux","median",4,"taux_erreur",0.6,"ok","",309,279,30,160227503,34784853,"fb104689d72b12208aad9d587d1783d3",0.000999999999976353
"nb_vaisseaux","median",4,"accuracy",0.4,"ok","",309,279,30,160227503,34784853,"fb104689d72b12208aad9d587d1783d3",0.000999999999976353
"nb_vaisseaux","median",4,"RMSE",1.48323969741913,"ok","",309,279,30,160227503,34784853,"fb104689d72b12208aad9d587d1783d3",0.000999999999976353
"nb_vaisseaux","median",4,"MAE",1.06666666666667,"ok","",309,279,30,160227503,34784853,"fb104689d72b12208aad9d587d1783d3",0.000999999999976353
"nb_vaisseaux","mode",4,"taux_erreur",0.6,"ok","",309,279,30,160227503,124674187,"fb104689d72b12208aad9d587d1783d3",0.000999999999976353
"nb_vaisseaux","mode",4,"accuracy",0.4,"ok","",309,279,30,160227503,124674187,"fb104689d72b12208aad9d587d1783d3",0.000999999999976353
"nb_vaisseaux","mode",4,"RMSE",1.48323969741913,"ok","",309,279,30,160227503,124674187,"fb104689d72b12208aad9d587d1783d3",0.000999999999976353
"nb_vaisseaux","mode",4,"MAE",1.06666666666667,"ok","",309,279,30,160227503,124674187,"fb104689d72b12208aad9d587d1783d3",0.000999999999976353
"nb_vaisseaux","RandomForest",4,"taux_erreur",0.6,"ok","",309,279,30,160227503,42973905,"fb104689d72b12208aad9d587d1783d3",0.0570000000000164
"nb_vaisseaux","RandomForest",4,"accuracy",0.4,"ok","",309,279,30,160227503,42973905,"fb104689d72b12208aad9d587d1783d3",0.0570000000000164
"nb_vaisseaux","RandomForest",4,"RMSE",1.4142135623731,"ok","",309,279,30,160227503,42973905,"fb104689d72b12208aad9d587d1783d3",0.0570000000000164
"nb_vaisseaux","RandomForest",4,"MAE",1,"ok","",309,279,30,160227503,42973905,"fb104689d72b12208aad9d587d1783d3",0.0570000000000164
"nb_vaisseaux","Knn",4,"taux_erreur",0.6,"ok","",309,279,30,160227503,135541451,"fb104689d72b12208aad9d587d1783d3",0.0260000000000673
"nb_vaisseaux","Knn",4,"accuracy",0.4,"ok","",309,279,30,160227503,135541451,"fb104689d72b12208aad9d587d1783d3",0.0260000000000673
"nb_vaisseaux","Knn",4,"RMSE",1.04880884817015,"ok","",309,279,30,160227503,135541451,"fb104689d72b12208aad9d587d1783d3",0.0260000000000673
"nb_vaisseaux","Knn",4,"MAE",0.766666666666667,"ok","",309,279,30,160227503,135541451,"fb104689d72b12208aad9d587d1783d3",0.0260000000000673
"nb_vaisseaux","ACP",4,"taux_erreur",0.633333333333333,"ok","",309,279,30,160227503,131483013,"fb104689d72b12208aad9d587d1783d3",0.0160000000000764
"nb_vaisseaux","ACP",4,"accuracy",0.366666666666667,"ok","",309,279,30,160227503,131483013,"fb104689d72b12208aad9d587d1783d3",0.0160000000000764
"nb_vaisseaux","ACP",4,"RMSE",1.43759057685652,"ok","",309,279,30,160227503,131483013,"fb104689d72b12208aad9d587d1783d3",0.0160000000000764
"nb_vaisseaux","ACP",4,"MAE",1.06666666666667,"ok","",309,279,30,160227503,131483013,"fb104689d72b12208aad9d587d1783d3",0.0160000000000764
"nb_vaisseaux","EM",4,"indisponible",NA,"non_applicable","non_applicable : EM gaussien pour cible quantitative seulement",309,279,30,160227503,18023057,"fb104689d72b12208aad9d587d1783d3",0
"nb_vaisseaux","AFDM",4,"taux_erreur",0.6,"ok","",309,279,30,160227503,6716378,"fb104689d72b12208aad9d587d1783d3",0.0419999999999163
"nb_vaisseaux","AFDM",4,"accuracy",0.4,"ok","",309,279,30,160227503,6716378,"fb104689d72b12208aad9d587d1783d3",0.0419999999999163
"nb_vaisseaux","AFDM",4,"RMSE",1.32916013582513,"ok","",309,279,30,160227503,6716378,"fb104689d72b12208aad9d587d1783d3",0.0419999999999163
"nb_vaisseaux","AFDM",4,"MAE",0.966666666666667,"ok","",309,279,30,160227503,6716378,"fb104689d72b12208aad9d587d1783d3",0.0419999999999163
"nb_vaisseaux","mice",4,"taux_erreur",0.6,"ok","",309,279,30,160227503,174335069,"fb104689d72b12208aad9d587d1783d3",0.233999999999924
"nb_vaisseaux","mice",4,"accuracy",0.4,"ok","",309,279,30,160227503,174335069,"fb104689d72b12208aad9d587d1783d3",0.233999999999924
"nb_vaisseaux","mice",4,"RMSE",1.12546286774228,"ok","",309,279,30,160227503,174335069,"fb104689d72b12208aad9d587d1783d3",0.233999999999924
"nb_vaisseaux","mice",4,"MAE",0.8,"ok","",309,279,30,160227503,174335069,"fb104689d72b12208aad9d587d1783d3",0.233999999999924
"test_thallium","mean",4,"indisponible",NA,"non_applicable","non_applicable : moyenne pour cible quantitative seulement",434,391,43,52244923,228791334,"ca65abbe85b6ff1ee5ff4b91ad23199f",0
"test_thallium","median",4,"indisponible",NA,"non_applicable","non_applicable : médiane sans sens pour cible nominale",434,391,43,52244923,176761325,"ca65abbe85b6ff1ee5ff4b91ad23199f",0
"test_thallium","mode",4,"taux_erreur",0.627906976744186,"ok","",434,391,43,52244923,178075256,"ca65abbe85b6ff1ee5ff4b91ad23199f",0.000999999999976353
"test_thallium","mode",4,"accuracy",0.372093023255814,"ok","",434,391,43,52244923,178075256,"ca65abbe85b6ff1ee5ff4b91ad23199f",0.000999999999976353
"test_thallium","RandomForest",4,"taux_erreur",0.255813953488372,"ok","",434,391,43,52244923,96920319,"ca65abbe85b6ff1ee5ff4b91ad23199f",0.0779999999999745
"test_thallium","RandomForest",4,"accuracy",0.744186046511628,"ok","",434,391,43,52244923,96920319,"ca65abbe85b6ff1ee5ff4b91ad23199f",0.0779999999999745
"test_thallium","Knn",4,"taux_erreur",0.325581395348837,"ok","",434,391,43,52244923,260065696,"ca65abbe85b6ff1ee5ff4b91ad23199f",0.0170000000000528
"test_thallium","Knn",4,"accuracy",0.674418604651163,"ok","",434,391,43,52244923,260065696,"ca65abbe85b6ff1ee5ff4b91ad23199f",0.0170000000000528
"test_thallium","ACP",4,"taux_erreur",0.27906976744186,"ok","",434,391,43,52244923,108250005,"ca65abbe85b6ff1ee5ff4b91ad23199f",0.0170000000000528
"test_thallium","ACP",4,"accuracy",0.720930232558139,"ok","",434,391,43,52244923,108250005,"ca65abbe85b6ff1ee5ff4b91ad23199f",0.0170000000000528
"test_thallium","EM",4,"indisponible",NA,"non_applicable","non_applicable : EM gaussien pour cible quantitative seulement",434,391,43,52244923,181711432,"ca65abbe85b6ff1ee5ff4b91ad23199f",0
"test_thallium","AFDM",4,"taux_erreur",0.325581395348837,"ok","",434,391,43,52244923,152339601,"ca65abbe85b6ff1ee5ff4b91ad23199f",0.043999999999869
"test_thallium","AFDM",4,"accuracy",0.674418604651163,"ok","",434,391,43,52244923,152339601,"ca65abbe85b6ff1ee5ff4b91ad23199f",0.043999999999869
"test_thallium","mice",4,"taux_erreur",0.418604651162791,"ok","",434,391,43,52244923,17811529,"ca65abbe85b6ff1ee5ff4b91ad23199f",0.265999999999849
"test_thallium","mice",4,"accuracy",0.581395348837209,"ok","",434,391,43,52244923,17811529,"ca65abbe85b6ff1ee5ff4b91ad23199f",0.265999999999849
"pa_repos","mean",5,"RMSE",18.5096865744807,"ok","",860,774,86,3828180,158769586,"5dff8c93ca7aff10e5d3b3662d4ec104",0
"pa_repos","mean",5,"MAE",14.9102217414819,"ok","",860,774,86,3828180,158769586,"5dff8c93ca7aff10e5d3b3662d4ec104",0
"pa_repos","median",5,"RMSE",18.5697929256717,"ok","",860,774,86,3828180,254956502,"5dff8c93ca7aff10e5d3b3662d4ec104",0
"pa_repos","median",5,"MAE",14.6279069767442,"ok","",860,774,86,3828180,254956502,"5dff8c93ca7aff10e5d3b3662d4ec104",0
"pa_repos","mode",5,"RMSE",21.8600197876461,"ok","",860,774,86,3828180,196277509,"5dff8c93ca7aff10e5d3b3662d4ec104",0.000999999999976353
"pa_repos","mode",5,"MAE",16.7209302325581,"ok","",860,774,86,3828180,196277509,"5dff8c93ca7aff10e5d3b3662d4ec104",0.000999999999976353
"pa_repos","RandomForest",5,"RMSE",16.9436177684482,"ok","",860,774,86,3828180,31463551,"5dff8c93ca7aff10e5d3b3662d4ec104",0.123000000000047
"pa_repos","RandomForest",5,"MAE",13.4033973828832,"ok","",860,774,86,3828180,31463551,"5dff8c93ca7aff10e5d3b3662d4ec104",0.123000000000047
"pa_repos","Knn",5,"RMSE",18.1927151277903,"ok","",860,774,86,3828180,97316932,"5dff8c93ca7aff10e5d3b3662d4ec104",0.0289999999999964
"pa_repos","Knn",5,"MAE",14.5441860465116,"ok","",860,774,86,3828180,97316932,"5dff8c93ca7aff10e5d3b3662d4ec104",0.0289999999999964
"pa_repos","ACP",5,"RMSE",18.5293162040804,"ok","",860,774,86,3828180,127797005,"5dff8c93ca7aff10e5d3b3662d4ec104",0.0170000000000528
"pa_repos","ACP",5,"MAE",13.9282009009741,"ok","",860,774,86,3828180,127797005,"5dff8c93ca7aff10e5d3b3662d4ec104",0.0170000000000528
"pa_repos","EM",5,"RMSE",17.2967559117179,"ok","",860,774,86,3828180,235723105,"5dff8c93ca7aff10e5d3b3662d4ec104",0.257000000000062
"pa_repos","EM",5,"MAE",14.0402844508557,"ok","",860,774,86,3828180,235723105,"5dff8c93ca7aff10e5d3b3662d4ec104",0.257000000000062
"pa_repos","AFDM",5,"RMSE",17.3022376435989,"ok","",860,774,86,3828180,23586431,"5dff8c93ca7aff10e5d3b3662d4ec104",0.0360000000000582
"pa_repos","AFDM",5,"MAE",13.4136181772037,"ok","",860,774,86,3828180,23586431,"5dff8c93ca7aff10e5d3b3662d4ec104",0.0360000000000582
"pa_repos","mice",5,"RMSE",19.9584218978145,"ok","",860,774,86,3828180,267037215,"5dff8c93ca7aff10e5d3b3662d4ec104",0.0799999999999272
"pa_repos","mice",5,"MAE",15.7581395348837,"ok","",860,774,86,3828180,267037215,"5dff8c93ca7aff10e5d3b3662d4ec104",0.0799999999999272
"cholesterol","mean",5,"RMSE",59.9131977465186,"ok","",718,647,71,125287208,17578443,"bd275a9f481c752b3d493ba3362ca938",0
"cholesterol","mean",5,"MAE",41.068506868102,"ok","",718,647,71,125287208,17578443,"bd275a9f481c752b3d493ba3362ca938",0
"cholesterol","median",5,"RMSE",60.1377526664794,"ok","",718,647,71,125287208,250215919,"bd275a9f481c752b3d493ba3362ca938",0.000999999999976353
"cholesterol","median",5,"MAE",40.4084507042254,"ok","",718,647,71,125287208,250215919,"bd275a9f481c752b3d493ba3362ca938",0.000999999999976353
"cholesterol","mode",5,"RMSE",64.7634917152784,"ok","",718,647,71,125287208,58236290,"bd275a9f481c752b3d493ba3362ca938",0.000999999999976353
"cholesterol","mode",5,"MAE",43.7746478873239,"ok","",718,647,71,125287208,58236290,"bd275a9f481c752b3d493ba3362ca938",0.000999999999976353
"cholesterol","RandomForest",5,"RMSE",58.9552136852966,"ok","",718,647,71,125287208,144563616,"bd275a9f481c752b3d493ba3362ca938",0.118999999999915
"cholesterol","RandomForest",5,"MAE",40.438524895003,"ok","",718,647,71,125287208,144563616,"bd275a9f481c752b3d493ba3362ca938",0.118999999999915
"cholesterol","Knn",5,"RMSE",63.4972861791169,"ok","",718,647,71,125287208,49491216,"bd275a9f481c752b3d493ba3362ca938",0.0190000000000055
"cholesterol","Knn",5,"MAE",43.3070422535211,"ok","",718,647,71,125287208,49491216,"bd275a9f481c752b3d493ba3362ca938",0.0190000000000055
"cholesterol","ACP",5,"RMSE",58.9860369156942,"ok","",718,647,71,125287208,133111278,"bd275a9f481c752b3d493ba3362ca938",0.0219999999999345
"cholesterol","ACP",5,"MAE",42.5785247151349,"ok","",718,647,71,125287208,133111278,"bd275a9f481c752b3d493ba3362ca938",0.0219999999999345
"cholesterol","EM",5,"RMSE",61.1413911577513,"ok","",718,647,71,125287208,167434154,"bd275a9f481c752b3d493ba3362ca938",0.071999999999889
"cholesterol","EM",5,"MAE",41.410038387614,"ok","",718,647,71,125287208,167434154,"bd275a9f481c752b3d493ba3362ca938",0.071999999999889
"cholesterol","AFDM",5,"RMSE",60.5474669958375,"ok","",718,647,71,125287208,243059364,"bd275a9f481c752b3d493ba3362ca938",0.0480000000000018
"cholesterol","AFDM",5,"MAE",41.6891311876461,"ok","",718,647,71,125287208,243059364,"bd275a9f481c752b3d493ba3362ca938",0.0480000000000018
"cholesterol","mice",5,"RMSE",64.2570103590394,"ok","",718,647,71,125287208,58914065,"bd275a9f481c752b3d493ba3362ca938",0.0749999999998181
"cholesterol","mice",5,"MAE",43.9830985915493,"ok","",718,647,71,125287208,58914065,"bd275a9f481c752b3d493ba3362ca938",0.0749999999998181
"glyc_jeun_elevee","mean",5,"indisponible",NA,"non_applicable","non_applicable : moyenne pour cible quantitative seulement",830,747,83,40515954,160629489,"336b696a5484bb0750f4f107e6818ae4",0
"glyc_jeun_elevee","median",5,"indisponible",NA,"non_applicable","non_applicable : médiane sans sens pour cible nominale",830,747,83,40515954,205849818,"336b696a5484bb0750f4f107e6818ae4",0
"glyc_jeun_elevee","mode",5,"taux_erreur",0.156626506024096,"ok","",830,747,83,40515954,199343805,"336b696a5484bb0750f4f107e6818ae4",0
"glyc_jeun_elevee","mode",5,"accuracy",0.843373493975904,"ok","",830,747,83,40515954,199343805,"336b696a5484bb0750f4f107e6818ae4",0
"glyc_jeun_elevee","RandomForest",5,"taux_erreur",0.144578313253012,"ok","",830,747,83,40515954,182407981,"336b696a5484bb0750f4f107e6818ae4",0.0999999999999091
"glyc_jeun_elevee","RandomForest",5,"accuracy",0.855421686746988,"ok","",830,747,83,40515954,182407981,"336b696a5484bb0750f4f107e6818ae4",0.0999999999999091
"glyc_jeun_elevee","Knn",5,"taux_erreur",0.180722891566265,"ok","",830,747,83,40515954,225284682,"336b696a5484bb0750f4f107e6818ae4",0.0309999999999491
"glyc_jeun_elevee","Knn",5,"accuracy",0.819277108433735,"ok","",830,747,83,40515954,225284682,"336b696a5484bb0750f4f107e6818ae4",0.0309999999999491
"glyc_jeun_elevee","ACP",5,"taux_erreur",0.192771084337349,"ok","",830,747,83,40515954,70979828,"336b696a5484bb0750f4f107e6818ae4",0.0199999999999818
"glyc_jeun_elevee","ACP",5,"accuracy",0.807228915662651,"ok","",830,747,83,40515954,70979828,"336b696a5484bb0750f4f107e6818ae4",0.0199999999999818
"glyc_jeun_elevee","EM",5,"indisponible",NA,"non_applicable","non_applicable : EM gaussien pour cible quantitative seulement",830,747,83,40515954,225189657,"336b696a5484bb0750f4f107e6818ae4",0
"glyc_jeun_elevee","AFDM",5,"taux_erreur",0.144578313253012,"ok","",830,747,83,40515954,205774956,"336b696a5484bb0750f4f107e6818ae4",0.0499999999999545
"glyc_jeun_elevee","AFDM",5,"accuracy",0.855421686746988,"ok","",830,747,83,40515954,205774956,"336b696a5484bb0750f4f107e6818ae4",0.0499999999999545
"glyc_jeun_elevee","mice",5,"taux_erreur",0.240963855421687,"ok","",830,747,83,40515954,82137080,"336b696a5484bb0750f4f107e6818ae4",0.164999999999964
"glyc_jeun_elevee","mice",5,"accuracy",0.759036144578313,"ok","",830,747,83,40515954,82137080,"336b696a5484bb0750f4f107e6818ae4",0.164999999999964
"ecg_repos","mean",5,"indisponible",NA,"non_applicable","non_applicable : moyenne pour cible quantitative seulement",918,827,91,90689723,229081139,"3609c3ad2b64b75e2d99bf5662a58bc0",0.000999999999976353
"ecg_repos","median",5,"indisponible",NA,"non_applicable","non_applicable : médiane sans sens pour cible nominale",918,827,91,90689723,225671410,"3609c3ad2b64b75e2d99bf5662a58bc0",0
"ecg_repos","mode",5,"taux_erreur",0.395604395604396,"ok","",918,827,91,90689723,26222485,"3609c3ad2b64b75e2d99bf5662a58bc0",0.00199999999995271
"ecg_repos","mode",5,"accuracy",0.604395604395604,"ok","",918,827,91,90689723,26222485,"3609c3ad2b64b75e2d99bf5662a58bc0",0.00199999999995271
"ecg_repos","RandomForest",5,"taux_erreur",0.384615384615385,"ok","",918,827,91,90689723,28885365,"3609c3ad2b64b75e2d99bf5662a58bc0",0.144999999999982
"ecg_repos","RandomForest",5,"accuracy",0.615384615384615,"ok","",918,827,91,90689723,28885365,"3609c3ad2b64b75e2d99bf5662a58bc0",0.144999999999982
"ecg_repos","Knn",5,"taux_erreur",0.406593406593407,"ok","",918,827,91,90689723,206798213,"3609c3ad2b64b75e2d99bf5662a58bc0",0.0260000000000673
"ecg_repos","Knn",5,"accuracy",0.593406593406593,"ok","",918,827,91,90689723,206798213,"3609c3ad2b64b75e2d99bf5662a58bc0",0.0260000000000673
"ecg_repos","ACP",5,"taux_erreur",0.307692307692308,"ok","",918,827,91,90689723,235016897,"3609c3ad2b64b75e2d99bf5662a58bc0",0.0240000000001146
"ecg_repos","ACP",5,"accuracy",0.692307692307692,"ok","",918,827,91,90689723,235016897,"3609c3ad2b64b75e2d99bf5662a58bc0",0.0240000000001146
"ecg_repos","EM",5,"indisponible",NA,"non_applicable","non_applicable : EM gaussien pour cible quantitative seulement",918,827,91,90689723,231218487,"3609c3ad2b64b75e2d99bf5662a58bc0",0.000999999999976353
"ecg_repos","AFDM",5,"taux_erreur",0.32967032967033,"ok","",918,827,91,90689723,10633025,"3609c3ad2b64b75e2d99bf5662a58bc0",0.0450000000000728
"ecg_repos","AFDM",5,"accuracy",0.67032967032967,"ok","",918,827,91,90689723,10633025,"3609c3ad2b64b75e2d99bf5662a58bc0",0.0450000000000728
"ecg_repos","mice",5,"taux_erreur",0.406593406593407,"ok","",918,827,91,90689723,59860298,"3609c3ad2b64b75e2d99bf5662a58bc0",0.355000000000018
"ecg_repos","mice",5,"accuracy",0.593406593406593,"ok","",918,827,91,90689723,59860298,"3609c3ad2b64b75e2d99bf5662a58bc0",0.355000000000018
"fc_max","mean",5,"RMSE",23.7019907321741,"ok","",865,779,86,23765463,45932473,"79cb1acef726a142168b6899567ff26f",0
"fc_max","mean",5,"MAE",18.9883720930233,"ok","",865,779,86,23765463,45932473,"79cb1acef726a142168b6899567ff26f",0
"fc_max","median",5,"RMSE",23.9808547668518,"ok","",865,779,86,23765463,60578242,"79cb1acef726a142168b6899567ff26f",0
"fc_max","median",5,"MAE",19.1744186046512,"ok","",865,779,86,23765463,60578242,"79cb1acef726a142168b6899567ff26f",0
"fc_max","mode",5,"RMSE",27.4998942915516,"ok","",865,779,86,23765463,149877049,"79cb1acef726a142168b6899567ff26f",0.000999999999976353
"fc_max","mode",5,"MAE",22.593023255814,"ok","",865,779,86,23765463,149877049,"79cb1acef726a142168b6899567ff26f",0.000999999999976353
"fc_max","RandomForest",5,"RMSE",20.2659381355015,"ok","",865,779,86,23765463,160345144,"79cb1acef726a142168b6899567ff26f",0.136999999999944
"fc_max","RandomForest",5,"MAE",16.6142661051493,"ok","",865,779,86,23765463,160345144,"79cb1acef726a142168b6899567ff26f",0.136999999999944
"fc_max","Knn",5,"RMSE",21.403987891849,"ok","",865,779,86,23765463,10617116,"79cb1acef726a142168b6899567ff26f",0.0270000000000437
"fc_max","Knn",5,"MAE",17.5976744186047,"ok","",865,779,86,23765463,10617116,"79cb1acef726a142168b6899567ff26f",0.0270000000000437
"fc_max","ACP",5,"RMSE",50.4631407199197,"ok","",865,779,86,23765463,132309110,"79cb1acef726a142168b6899567ff26f",0.0330000000001291
"fc_max","ACP",5,"MAE",40.911389502721,"ok","",865,779,86,23765463,132309110,"79cb1acef726a142168b6899567ff26f",0.0330000000001291
"fc_max","EM",5,"RMSE",23.5133084772842,"ok","",865,779,86,23765463,216804376,"79cb1acef726a142168b6899567ff26f",0.288000000000011
"fc_max","EM",5,"MAE",19.4061590635394,"ok","",865,779,86,23765463,216804376,"79cb1acef726a142168b6899567ff26f",0.288000000000011
"fc_max","AFDM",5,"RMSE",21.8304852461662,"ok","",865,779,86,23765463,77577924,"79cb1acef726a142168b6899567ff26f",0.0399999999999636
"fc_max","AFDM",5,"MAE",16.8127608426059,"ok","",865,779,86,23765463,77577924,"79cb1acef726a142168b6899567ff26f",0.0399999999999636
"fc_max","mice",5,"RMSE",21.0716496412751,"ok","",865,779,86,23765463,249156309,"79cb1acef726a142168b6899567ff26f",0.08400000000006
"fc_max","mice",5,"MAE",17.2209302325581,"ok","",865,779,86,23765463,249156309,"79cb1acef726a142168b6899567ff26f",0.08400000000006
"angine_effort","mean",5,"indisponible",NA,"non_applicable","non_applicable : moyenne pour cible quantitative seulement",865,779,86,195367555,260988755,"e155c93ab327131b8cf4fc84424062c8",0.000999999999976353
"angine_effort","median",5,"indisponible",NA,"non_applicable","non_applicable : médiane sans sens pour cible nominale",865,779,86,195367555,208513716,"e155c93ab327131b8cf4fc84424062c8",0
"angine_effort","mode",5,"taux_erreur",0.453488372093023,"ok","",865,779,86,195367555,206126522,"e155c93ab327131b8cf4fc84424062c8",0.00100000000020373
"angine_effort","mode",5,"accuracy",0.546511627906977,"ok","",865,779,86,195367555,206126522,"e155c93ab327131b8cf4fc84424062c8",0.00100000000020373
"angine_effort","RandomForest",5,"taux_erreur",0.255813953488372,"ok","",865,779,86,195367555,233598524,"e155c93ab327131b8cf4fc84424062c8",0.118999999999915
"angine_effort","RandomForest",5,"accuracy",0.744186046511628,"ok","",865,779,86,195367555,233598524,"e155c93ab327131b8cf4fc84424062c8",0.118999999999915
"angine_effort","Knn",5,"taux_erreur",0.372093023255814,"ok","",865,779,86,195367555,127873322,"e155c93ab327131b8cf4fc84424062c8",0.0370000000000346
"angine_effort","Knn",5,"accuracy",0.627906976744186,"ok","",865,779,86,195367555,127873322,"e155c93ab327131b8cf4fc84424062c8",0.0370000000000346
"angine_effort","ACP",5,"taux_erreur",0.36046511627907,"ok","",865,779,86,195367555,119138140,"e155c93ab327131b8cf4fc84424062c8",0.0270000000000437
"angine_effort","ACP",5,"accuracy",0.63953488372093,"ok","",865,779,86,195367555,119138140,"e155c93ab327131b8cf4fc84424062c8",0.0270000000000437
"angine_effort","EM",5,"indisponible",NA,"non_applicable","non_applicable : EM gaussien pour cible quantitative seulement",865,779,86,195367555,120364875,"e155c93ab327131b8cf4fc84424062c8",0.000999999999976353
"angine_effort","AFDM",5,"taux_erreur",0.255813953488372,"ok","",865,779,86,195367555,242874291,"e155c93ab327131b8cf4fc84424062c8",0.0380000000000109
"angine_effort","AFDM",5,"accuracy",0.744186046511628,"ok","",865,779,86,195367555,242874291,"e155c93ab327131b8cf4fc84424062c8",0.0380000000000109
"angine_effort","mice",5,"taux_erreur",0.302325581395349,"ok","",865,779,86,195367555,231932486,"e155c93ab327131b8cf4fc84424062c8",0.170000000000073
"angine_effort","mice",5,"accuracy",0.697674418604651,"ok","",865,779,86,195367555,231932486,"e155c93ab327131b8cf4fc84424062c8",0.170000000000073
"depress_st","mean",5,"RMSE",1.0073766390079,"ok","",858,773,85,180850842,21410024,"612be35423f9f5ee91cbe2577fcc281f",0
"depress_st","mean",5,"MAE",0.885792557644015,"ok","",858,773,85,180850842,21410024,"612be35423f9f5ee91cbe2577fcc281f",0
"depress_st","median",5,"RMSE",1.0518890569995,"ok","",858,773,85,180850842,261048284,"612be35423f9f5ee91cbe2577fcc281f",0
"depress_st","median",5,"MAE",0.834117647058824,"ok","",858,773,85,180850842,261048284,"612be35423f9f5ee91cbe2577fcc281f",0
"depress_st","mode",5,"RMSE",1.29160183265496,"ok","",858,773,85,180850842,73465680,"612be35423f9f5ee91cbe2577fcc281f",0.00200000000018008
"depress_st","mode",5,"MAE",0.835294117647059,"ok","",858,773,85,180850842,73465680,"612be35423f9f5ee91cbe2577fcc281f",0.00200000000018008
"depress_st","RandomForest",5,"RMSE",0.873187840191315,"ok","",858,773,85,180850842,32717932,"612be35423f9f5ee91cbe2577fcc281f",0.13799999999992
"depress_st","RandomForest",5,"MAE",0.688845751186642,"ok","",858,773,85,180850842,32717932,"612be35423f9f5ee91cbe2577fcc281f",0.13799999999992
"depress_st","Knn",5,"RMSE",0.930229573182625,"ok","",858,773,85,180850842,209042214,"612be35423f9f5ee91cbe2577fcc281f",0.0160000000000764
"depress_st","Knn",5,"MAE",0.717647058823529,"ok","",858,773,85,180850842,209042214,"612be35423f9f5ee91cbe2577fcc281f",0.0160000000000764
"depress_st","ACP",5,"RMSE",1.74031494701997,"ok","",858,773,85,180850842,76799894,"612be35423f9f5ee91cbe2577fcc281f",0.0380000000000109
"depress_st","ACP",5,"MAE",1.46831641551352,"ok","",858,773,85,180850842,76799894,"612be35423f9f5ee91cbe2577fcc281f",0.0380000000000109
"depress_st","EM",5,"RMSE",1.00576561915924,"ok","",858,773,85,180850842,13357970,"612be35423f9f5ee91cbe2577fcc281f",0.268000000000029
"depress_st","EM",5,"MAE",0.841493025603897,"ok","",858,773,85,180850842,13357970,"612be35423f9f5ee91cbe2577fcc281f",0.268000000000029
"depress_st","AFDM",5,"RMSE",0.936243388957318,"ok","",858,773,85,180850842,131864200,"612be35423f9f5ee91cbe2577fcc281f",0.0360000000000582
"depress_st","AFDM",5,"MAE",0.775600074471639,"ok","",858,773,85,180850842,131864200,"612be35423f9f5ee91cbe2577fcc281f",0.0360000000000582
"depress_st","mice",5,"RMSE",0.949037902918777,"ok","",858,773,85,180850842,241706670,"612be35423f9f5ee91cbe2577fcc281f",0.0789999999999509
"depress_st","mice",5,"MAE",0.711294117647059,"ok","",858,773,85,180850842,241706670,"612be35423f9f5ee91cbe2577fcc281f",0.0789999999999509
"pente_st","mean",5,"indisponible",NA,"non_applicable","non_applicable : moyenne pour cible quantitative seulement",611,550,61,60235078,197709857,"18b75a264bd024d0f1a116c8a691e454",0
"pente_st","median",5,"taux_erreur",0.459016393442623,"ok","",611,550,61,60235078,61268544,"18b75a264bd024d0f1a116c8a691e454",0.000999999999976353
"pente_st","median",5,"accuracy",0.540983606557377,"ok","",611,550,61,60235078,61268544,"18b75a264bd024d0f1a116c8a691e454",0.000999999999976353
"pente_st","median",5,"RMSE",0.677507485894158,"ok","",611,550,61,60235078,61268544,"18b75a264bd024d0f1a116c8a691e454",0.000999999999976353
"pente_st","median",5,"MAE",0.459016393442623,"ok","",611,550,61,60235078,61268544,"18b75a264bd024d0f1a116c8a691e454",0.000999999999976353
"pente_st","mode",5,"taux_erreur",0.459016393442623,"ok","",611,550,61,60235078,15176886,"18b75a264bd024d0f1a116c8a691e454",0.000999999999976353
"pente_st","mode",5,"accuracy",0.540983606557377,"ok","",611,550,61,60235078,15176886,"18b75a264bd024d0f1a116c8a691e454",0.000999999999976353
"pente_st","mode",5,"RMSE",0.677507485894158,"ok","",611,550,61,60235078,15176886,"18b75a264bd024d0f1a116c8a691e454",0.000999999999976353
"pente_st","mode",5,"MAE",0.459016393442623,"ok","",611,550,61,60235078,15176886,"18b75a264bd024d0f1a116c8a691e454",0.000999999999976353
"pente_st","RandomForest",5,"taux_erreur",0.327868852459016,"ok","",611,550,61,60235078,73021296,"18b75a264bd024d0f1a116c8a691e454",0.103999999999814
"pente_st","RandomForest",5,"accuracy",0.672131147540984,"ok","",611,550,61,60235078,73021296,"18b75a264bd024d0f1a116c8a691e454",0.103999999999814
"pente_st","RandomForest",5,"RMSE",0.614043304928788,"ok","",611,550,61,60235078,73021296,"18b75a264bd024d0f1a116c8a691e454",0.103999999999814
"pente_st","RandomForest",5,"MAE",0.344262295081967,"ok","",611,550,61,60235078,73021296,"18b75a264bd024d0f1a116c8a691e454",0.103999999999814
"pente_st","Knn",5,"taux_erreur",0.295081967213115,"ok","",611,550,61,60235078,5954495,"18b75a264bd024d0f1a116c8a691e454",0.0180000000000291
"pente_st","Knn",5,"accuracy",0.704918032786885,"ok","",611,550,61,60235078,5954495,"18b75a264bd024d0f1a116c8a691e454",0.0180000000000291
"pente_st","Knn",5,"RMSE",0.62725004818718,"ok","",611,550,61,60235078,5954495,"18b75a264bd024d0f1a116c8a691e454",0.0180000000000291
"pente_st","Knn",5,"MAE",0.327868852459016,"ok","",611,550,61,60235078,5954495,"18b75a264bd024d0f1a116c8a691e454",0.0180000000000291
"pente_st","ACP",5,"taux_erreur",0.426229508196721,"ok","",611,550,61,60235078,211477312,"18b75a264bd024d0f1a116c8a691e454",0.0380000000000109
"pente_st","ACP",5,"accuracy",0.573770491803279,"ok","",611,550,61,60235078,211477312,"18b75a264bd024d0f1a116c8a691e454",0.0380000000000109
"pente_st","ACP",5,"RMSE",0.724285968340148,"ok","",611,550,61,60235078,211477312,"18b75a264bd024d0f1a116c8a691e454",0.0380000000000109
"pente_st","ACP",5,"MAE",0.459016393442623,"ok","",611,550,61,60235078,211477312,"18b75a264bd024d0f1a116c8a691e454",0.0380000000000109
"pente_st","EM",5,"indisponible",NA,"non_applicable","non_applicable : EM gaussien pour cible quantitative seulement",611,550,61,60235078,205725779,"18b75a264bd024d0f1a116c8a691e454",0
"pente_st","AFDM",5,"taux_erreur",0.295081967213115,"ok","",611,550,61,60235078,191009754,"18b75a264bd024d0f1a116c8a691e454",0.0399999999999636
"pente_st","AFDM",5,"accuracy",0.704918032786885,"ok","",611,550,61,60235078,191009754,"18b75a264bd024d0f1a116c8a691e454",0.0399999999999636
"pente_st","AFDM",5,"RMSE",0.62725004818718,"ok","",611,550,61,60235078,191009754,"18b75a264bd024d0f1a116c8a691e454",0.0399999999999636
"pente_st","AFDM",5,"MAE",0.327868852459016,"ok","",611,550,61,60235078,191009754,"18b75a264bd024d0f1a116c8a691e454",0.0399999999999636
"pente_st","mice",5,"taux_erreur",0.377049180327869,"ok","",611,550,61,60235078,165468489,"18b75a264bd024d0f1a116c8a691e454",0.311999999999898
"pente_st","mice",5,"accuracy",0.622950819672131,"ok","",611,550,61,60235078,165468489,"18b75a264bd024d0f1a116c8a691e454",0.311999999999898
"pente_st","mice",5,"RMSE",0.689499699829937,"ok","",611,550,61,60235078,165468489,"18b75a264bd024d0f1a116c8a691e454",0.311999999999898
"pente_st","mice",5,"MAE",0.409836065573771,"ok","",611,550,61,60235078,165468489,"18b75a264bd024d0f1a116c8a691e454",0.311999999999898
"nb_vaisseaux","mean",5,"indisponible",NA,"non_applicable","non_applicable : moyenne pour cible quantitative seulement",309,279,30,259172444,116335986,"f6106b524826c4fa501c2aeb3a7bc62f",0
"nb_vaisseaux","median",5,"taux_erreur",0.433333333333333,"ok","",309,279,30,259172444,83002854,"f6106b524826c4fa501c2aeb3a7bc62f",0
"nb_vaisseaux","median",5,"accuracy",0.566666666666667,"ok","",309,279,30,259172444,83002854,"f6106b524826c4fa501c2aeb3a7bc62f",0
"nb_vaisseaux","median",5,"RMSE",1.39044357430761,"ok","",309,279,30,259172444,83002854,"f6106b524826c4fa501c2aeb3a7bc62f",0
"nb_vaisseaux","median",5,"MAE",0.866666666666667,"ok","",309,279,30,259172444,83002854,"f6106b524826c4fa501c2aeb3a7bc62f",0
"nb_vaisseaux","mode",5,"taux_erreur",0.433333333333333,"ok","",309,279,30,259172444,219343817,"f6106b524826c4fa501c2aeb3a7bc62f",0.00100000000020373
"nb_vaisseaux","mode",5,"accuracy",0.566666666666667,"ok","",309,279,30,259172444,219343817,"f6106b524826c4fa501c2aeb3a7bc62f",0.00100000000020373
"nb_vaisseaux","mode",5,"RMSE",1.39044357430761,"ok","",309,279,30,259172444,219343817,"f6106b524826c4fa501c2aeb3a7bc62f",0.00100000000020373
"nb_vaisseaux","mode",5,"MAE",0.866666666666667,"ok","",309,279,30,259172444,219343817,"f6106b524826c4fa501c2aeb3a7bc62f",0.00100000000020373
"nb_vaisseaux","RandomForest",5,"taux_erreur",0.433333333333333,"ok","",309,279,30,259172444,216900216,"f6106b524826c4fa501c2aeb3a7bc62f",0.0539999999998599
"nb_vaisseaux","RandomForest",5,"accuracy",0.566666666666667,"ok","",309,279,30,259172444,216900216,"f6106b524826c4fa501c2aeb3a7bc62f",0.0539999999998599
"nb_vaisseaux","RandomForest",5,"RMSE",1.31656117720877,"ok","",309,279,30,259172444,216900216,"f6106b524826c4fa501c2aeb3a7bc62f",0.0539999999998599
"nb_vaisseaux","RandomForest",5,"MAE",0.8,"ok","",309,279,30,259172444,216900216,"f6106b524826c4fa501c2aeb3a7bc62f",0.0539999999998599
"nb_vaisseaux","Knn",5,"taux_erreur",0.433333333333333,"ok","",309,279,30,259172444,111797036,"f6106b524826c4fa501c2aeb3a7bc62f",0.0109999999999673
"nb_vaisseaux","Knn",5,"accuracy",0.566666666666667,"ok","",309,279,30,259172444,111797036,"f6106b524826c4fa501c2aeb3a7bc62f",0.0109999999999673
"nb_vaisseaux","Knn",5,"RMSE",1.09544511501033,"ok","",309,279,30,259172444,111797036,"f6106b524826c4fa501c2aeb3a7bc62f",0.0109999999999673
"nb_vaisseaux","Knn",5,"MAE",0.666666666666667,"ok","",309,279,30,259172444,111797036,"f6106b524826c4fa501c2aeb3a7bc62f",0.0109999999999673
"nb_vaisseaux","ACP",5,"taux_erreur",0.433333333333333,"ok","",309,279,30,259172444,165863765,"f6106b524826c4fa501c2aeb3a7bc62f",0.0139999999998963
"nb_vaisseaux","ACP",5,"accuracy",0.566666666666667,"ok","",309,279,30,259172444,165863765,"f6106b524826c4fa501c2aeb3a7bc62f",0.0139999999998963
"nb_vaisseaux","ACP",5,"RMSE",1.09544511501033,"ok","",309,279,30,259172444,165863765,"f6106b524826c4fa501c2aeb3a7bc62f",0.0139999999998963
"nb_vaisseaux","ACP",5,"MAE",0.666666666666667,"ok","",309,279,30,259172444,165863765,"f6106b524826c4fa501c2aeb3a7bc62f",0.0139999999998963
"nb_vaisseaux","EM",5,"indisponible",NA,"non_applicable","non_applicable : EM gaussien pour cible quantitative seulement",309,279,30,259172444,104903724,"f6106b524826c4fa501c2aeb3a7bc62f",0
"nb_vaisseaux","AFDM",5,"taux_erreur",0.4,"ok","",309,279,30,259172444,7088613,"f6106b524826c4fa501c2aeb3a7bc62f",0.0270000000000437
"nb_vaisseaux","AFDM",5,"accuracy",0.6,"ok","",309,279,30,259172444,7088613,"f6106b524826c4fa501c2aeb3a7bc62f",0.0270000000000437
"nb_vaisseaux","AFDM",5,"RMSE",1.16904519445001,"ok","",309,279,30,259172444,7088613,"f6106b524826c4fa501c2aeb3a7bc62f",0.0270000000000437
"nb_vaisseaux","AFDM",5,"MAE",0.7,"ok","",309,279,30,259172444,7088613,"f6106b524826c4fa501c2aeb3a7bc62f",0.0270000000000437
"nb_vaisseaux","mice",5,"taux_erreur",0.4,"ok","",309,279,30,259172444,184302942,"f6106b524826c4fa501c2aeb3a7bc62f",0.226000000000113
"nb_vaisseaux","mice",5,"accuracy",0.6,"ok","",309,279,30,259172444,184302942,"f6106b524826c4fa501c2aeb3a7bc62f",0.226000000000113
"nb_vaisseaux","mice",5,"RMSE",1.27801930084539,"ok","",309,279,30,259172444,184302942,"f6106b524826c4fa501c2aeb3a7bc62f",0.226000000000113
"nb_vaisseaux","mice",5,"MAE",0.766666666666667,"ok","",309,279,30,259172444,184302942,"f6106b524826c4fa501c2aeb3a7bc62f",0.226000000000113
"test_thallium","mean",5,"indisponible",NA,"non_applicable","non_applicable : moyenne pour cible quantitative seulement",434,391,43,113303259,167678469,"ea1d1d9bd1cb006144613030b2b2d884",0
"test_thallium","median",5,"indisponible",NA,"non_applicable","non_applicable : médiane sans sens pour cible nominale",434,391,43,113303259,4238645,"ea1d1d9bd1cb006144613030b2b2d884",0
"test_thallium","mode",5,"taux_erreur",0.604651162790698,"ok","",434,391,43,113303259,92298716,"ea1d1d9bd1cb006144613030b2b2d884",0.000999999999976353
"test_thallium","mode",5,"accuracy",0.395348837209302,"ok","",434,391,43,113303259,92298716,"ea1d1d9bd1cb006144613030b2b2d884",0.000999999999976353
"test_thallium","RandomForest",5,"taux_erreur",0.325581395348837,"ok","",434,391,43,113303259,58342130,"ea1d1d9bd1cb006144613030b2b2d884",0.0989999999999327
"test_thallium","RandomForest",5,"accuracy",0.674418604651163,"ok","",434,391,43,113303259,58342130,"ea1d1d9bd1cb006144613030b2b2d884",0.0989999999999327
"test_thallium","Knn",5,"taux_erreur",0.395348837209302,"ok","",434,391,43,113303259,115523933,"ea1d1d9bd1cb006144613030b2b2d884",0.0160000000000764
"test_thallium","Knn",5,"accuracy",0.604651162790698,"ok","",434,391,43,113303259,115523933,"ea1d1d9bd1cb006144613030b2b2d884",0.0160000000000764
"test_thallium","ACP",5,"taux_erreur",0.325581395348837,"ok","",434,391,43,113303259,140323974,"ea1d1d9bd1cb006144613030b2b2d884",0.0180000000000291
"test_thallium","ACP",5,"accuracy",0.674418604651163,"ok","",434,391,43,113303259,140323974,"ea1d1d9bd1cb006144613030b2b2d884",0.0180000000000291
"test_thallium","EM",5,"indisponible",NA,"non_applicable","non_applicable : EM gaussien pour cible quantitative seulement",434,391,43,113303259,164401494,"ea1d1d9bd1cb006144613030b2b2d884",0
"test_thallium","AFDM",5,"taux_erreur",0.418604651162791,"ok","",434,391,43,113303259,39831362,"ea1d1d9bd1cb006144613030b2b2d884",0.0299999999999727
"test_thallium","AFDM",5,"accuracy",0.581395348837209,"ok","",434,391,43,113303259,39831362,"ea1d1d9bd1cb006144613030b2b2d884",0.0299999999999727
"test_thallium","mice",5,"taux_erreur",0.441860465116279,"ok","",434,391,43,113303259,4976206,"ea1d1d9bd1cb006144613030b2b2d884",0.240000000000009
"test_thallium","mice",5,"accuracy",0.558139534883721,"ok","",434,391,43,113303259,4976206,"ea1d1d9bd1cb006144613030b2b2d884",0.240000000000009
"pa_repos","mean",6,"RMSE",17.7237005501363,"ok","",860,774,86,248850717,72695637,"606c1d5fe6f9a0dc5dd97b5546752f11",0
"pa_repos","mean",6,"MAE",14.2607715882459,"ok","",860,774,86,248850717,72695637,"606c1d5fe6f9a0dc5dd97b5546752f11",0
"pa_repos","median",6,"RMSE",17.5124540402431,"ok","",860,774,86,248850717,57826173,"606c1d5fe6f9a0dc5dd97b5546752f11",0
"pa_repos","median",6,"MAE",13.593023255814,"ok","",860,774,86,248850717,57826173,"606c1d5fe6f9a0dc5dd97b5546752f11",0
"pa_repos","mode",6,"RMSE",20.0797827283715,"ok","",860,774,86,248850717,813581,"606c1d5fe6f9a0dc5dd97b5546752f11",0.00100000000020373
"pa_repos","mode",6,"MAE",15.1279069767442,"ok","",860,774,86,248850717,813581,"606c1d5fe6f9a0dc5dd97b5546752f11",0.00100000000020373
"pa_repos","RandomForest",6,"RMSE",18.3882385725897,"ok","",860,774,86,248850717,139864011,"606c1d5fe6f9a0dc5dd97b5546752f11",0.128999999999905
"pa_repos","RandomForest",6,"MAE",15.0027363816088,"ok","",860,774,86,248850717,139864011,"606c1d5fe6f9a0dc5dd97b5546752f11",0.128999999999905
"pa_repos","Knn",6,"RMSE",19.5984099972065,"ok","",860,774,86,248850717,3255948,"606c1d5fe6f9a0dc5dd97b5546752f11",0.0230000000001382
"pa_repos","Knn",6,"MAE",16.4837209302326,"ok","",860,774,86,248850717,3255948,"606c1d5fe6f9a0dc5dd97b5546752f11",0.0230000000001382
"pa_repos","ACP",6,"RMSE",20.02211977044,"ok","",860,774,86,248850717,171505000,"606c1d5fe6f9a0dc5dd97b5546752f11",0.0219999999999345
"pa_repos","ACP",6,"MAE",16.155895676353,"ok","",860,774,86,248850717,171505000,"606c1d5fe6f9a0dc5dd97b5546752f11",0.0219999999999345
"pa_repos","EM",6,"RMSE",18.4181697634306,"ok","",860,774,86,248850717,89357676,"606c1d5fe6f9a0dc5dd97b5546752f11",0.23700000000008
"pa_repos","EM",6,"MAE",15.0305603020958,"ok","",860,774,86,248850717,89357676,"606c1d5fe6f9a0dc5dd97b5546752f11",0.23700000000008
"pa_repos","AFDM",6,"RMSE",18.4976259252624,"ok","",860,774,86,248850717,18223205,"606c1d5fe6f9a0dc5dd97b5546752f11",0.0350000000000819
"pa_repos","AFDM",6,"MAE",14.9905046716101,"ok","",860,774,86,248850717,18223205,"606c1d5fe6f9a0dc5dd97b5546752f11",0.0350000000000819
"pa_repos","mice",6,"RMSE",18.9123682921681,"ok","",860,774,86,248850717,108378272,"606c1d5fe6f9a0dc5dd97b5546752f11",0.0779999999999745
"pa_repos","mice",6,"MAE",15.4953488372093,"ok","",860,774,86,248850717,108378272,"606c1d5fe6f9a0dc5dd97b5546752f11",0.0779999999999745
"cholesterol","mean",6,"RMSE",57.293497045777,"ok","",718,647,71,211910500,228622870,"e698ab97327d7040a8270742f62f8562",0
"cholesterol","mean",6,"MAE",46.2264405598972,"ok","",718,647,71,211910500,228622870,"e698ab97327d7040a8270742f62f8562",0
"cholesterol","median",6,"RMSE",55.6051218635908,"ok","",718,647,71,211910500,94948708,"e698ab97327d7040a8270742f62f8562",0
"cholesterol","median",6,"MAE",44.2957746478873,"ok","",718,647,71,211910500,94948708,"e698ab97327d7040a8270742f62f8562",0
"cholesterol","mode",6,"RMSE",56.6042600297992,"ok","",718,647,71,211910500,260175634,"e698ab97327d7040a8270742f62f8562",0.000999999999976353
"cholesterol","mode",6,"MAE",43,"ok","",718,647,71,211910500,260175634,"e698ab97327d7040a8270742f62f8562",0.000999999999976353
"cholesterol","RandomForest",6,"RMSE",56.9453311630353,"ok","",718,647,71,211910500,114609112,"e698ab97327d7040a8270742f62f8562",0.125
"cholesterol","RandomForest",6,"MAE",46.5288878064882,"ok","",718,647,71,211910500,114609112,"e698ab97327d7040a8270742f62f8562",0.125
"cholesterol","Knn",6,"RMSE",58.00562867297,"ok","",718,647,71,211910500,121241786,"e698ab97327d7040a8270742f62f8562",0.0170000000000528
"cholesterol","Knn",6,"MAE",47.7661971830986,"ok","",718,647,71,211910500,121241786,"e698ab97327d7040a8270742f62f8562",0.0170000000000528
"cholesterol","ACP",6,"RMSE",60.0283273418357,"ok","",718,647,71,211910500,241254479,"e698ab97327d7040a8270742f62f8562",0.0199999999999818
"cholesterol","ACP",6,"MAE",48.7027420966105,"ok","",718,647,71,211910500,241254479,"e698ab97327d7040a8270742f62f8562",0.0199999999999818
"cholesterol","EM",6,"RMSE",57.3694551500888,"ok","",718,647,71,211910500,144240876,"e698ab97327d7040a8270742f62f8562",0.0830000000000837
"cholesterol","EM",6,"MAE",46.4587677287628,"ok","",718,647,71,211910500,144240876,"e698ab97327d7040a8270742f62f8562",0.0830000000000837
"cholesterol","AFDM",6,"RMSE",57.4829178101281,"ok","",718,647,71,211910500,238368219,"e698ab97327d7040a8270742f62f8562",0.0540000000000873
"cholesterol","AFDM",6,"MAE",46.3340855478145,"ok","",718,647,71,211910500,238368219,"e698ab97327d7040a8270742f62f8562",0.0540000000000873
"cholesterol","mice",6,"RMSE",62.354949429134,"ok","",718,647,71,211910500,161800430,"e698ab97327d7040a8270742f62f8562",0.0670000000000073
"cholesterol","mice",6,"MAE",48.2422535211268,"ok","",718,647,71,211910500,161800430,"e698ab97327d7040a8270742f62f8562",0.0670000000000073
"glyc_jeun_elevee","mean",6,"indisponible",NA,"non_applicable","non_applicable : moyenne pour cible quantitative seulement",830,747,83,81080232,101666915,"ce707cd079d310ea8522fa2ae1934f62",0.000999999999976353
"glyc_jeun_elevee","median",6,"indisponible",NA,"non_applicable","non_applicable : médiane sans sens pour cible nominale",830,747,83,81080232,232316372,"ce707cd079d310ea8522fa2ae1934f62",0
"glyc_jeun_elevee","mode",6,"taux_erreur",0.108433734939759,"ok","",830,747,83,81080232,7434053,"ce707cd079d310ea8522fa2ae1934f62",0.000999999999976353
"glyc_jeun_elevee","mode",6,"accuracy",0.891566265060241,"ok","",830,747,83,81080232,7434053,"ce707cd079d310ea8522fa2ae1934f62",0.000999999999976353
"glyc_jeun_elevee","RandomForest",6,"taux_erreur",0.0843373493975904,"ok","",830,747,83,81080232,246638817,"ce707cd079d310ea8522fa2ae1934f62",0.115000000000009
"glyc_jeun_elevee","RandomForest",6,"accuracy",0.91566265060241,"ok","",830,747,83,81080232,246638817,"ce707cd079d310ea8522fa2ae1934f62",0.115000000000009
"glyc_jeun_elevee","Knn",6,"taux_erreur",0.132530120481928,"ok","",830,747,83,81080232,80958064,"ce707cd079d310ea8522fa2ae1934f62",0.0240000000001146
"glyc_jeun_elevee","Knn",6,"accuracy",0.867469879518072,"ok","",830,747,83,81080232,80958064,"ce707cd079d310ea8522fa2ae1934f62",0.0240000000001146
"glyc_jeun_elevee","ACP",6,"taux_erreur",0.144578313253012,"ok","",830,747,83,81080232,247556025,"ce707cd079d310ea8522fa2ae1934f62",0.0190000000000055
"glyc_jeun_elevee","ACP",6,"accuracy",0.855421686746988,"ok","",830,747,83,81080232,247556025,"ce707cd079d310ea8522fa2ae1934f62",0.0190000000000055
"glyc_jeun_elevee","EM",6,"indisponible",NA,"non_applicable","non_applicable : EM gaussien pour cible quantitative seulement",830,747,83,81080232,120359174,"ce707cd079d310ea8522fa2ae1934f62",0
"glyc_jeun_elevee","AFDM",6,"taux_erreur",0.132530120481928,"ok","",830,747,83,81080232,77273011,"ce707cd079d310ea8522fa2ae1934f62",0.0629999999998745
"glyc_jeun_elevee","AFDM",6,"accuracy",0.867469879518072,"ok","",830,747,83,81080232,77273011,"ce707cd079d310ea8522fa2ae1934f62",0.0629999999998745
"glyc_jeun_elevee","mice",6,"taux_erreur",0.180722891566265,"ok","",830,747,83,81080232,211056668,"ce707cd079d310ea8522fa2ae1934f62",0.232999999999947
"glyc_jeun_elevee","mice",6,"accuracy",0.819277108433735,"ok","",830,747,83,81080232,211056668,"ce707cd079d310ea8522fa2ae1934f62",0.232999999999947
"ecg_repos","mean",6,"indisponible",NA,"non_applicable","non_applicable : moyenne pour cible quantitative seulement",918,827,91,18856328,187181684,"ee04d4069b8af796e33ec0b5f756090a",0
"ecg_repos","median",6,"indisponible",NA,"non_applicable","non_applicable : médiane sans sens pour cible nominale",918,827,91,18856328,102090731,"ee04d4069b8af796e33ec0b5f756090a",0.000999999999976353
"ecg_repos","mode",6,"taux_erreur",0.417582417582418,"ok","",918,827,91,18856328,188208574,"ee04d4069b8af796e33ec0b5f756090a",0.000999999999976353
"ecg_repos","mode",6,"accuracy",0.582417582417582,"ok","",918,827,91,18856328,188208574,"ee04d4069b8af796e33ec0b5f756090a",0.000999999999976353
"ecg_repos","RandomForest",6,"taux_erreur",0.461538461538462,"ok","",918,827,91,18856328,35651763,"ee04d4069b8af796e33ec0b5f756090a",0.134999999999991
"ecg_repos","RandomForest",6,"accuracy",0.538461538461538,"ok","",918,827,91,18856328,35651763,"ee04d4069b8af796e33ec0b5f756090a",0.134999999999991
"ecg_repos","Knn",6,"taux_erreur",0.406593406593407,"ok","",918,827,91,18856328,60278714,"ee04d4069b8af796e33ec0b5f756090a",0.0620000000001255
"ecg_repos","Knn",6,"accuracy",0.593406593406593,"ok","",918,827,91,18856328,60278714,"ee04d4069b8af796e33ec0b5f756090a",0.0620000000001255
"ecg_repos","ACP",6,"taux_erreur",0.472527472527473,"ok","",918,827,91,18856328,98442820,"ee04d4069b8af796e33ec0b5f756090a",0.0299999999999727
"ecg_repos","ACP",6,"accuracy",0.527472527472527,"ok","",918,827,91,18856328,98442820,"ee04d4069b8af796e33ec0b5f756090a",0.0299999999999727
"ecg_repos","EM",6,"indisponible",NA,"non_applicable","non_applicable : EM gaussien pour cible quantitative seulement",918,827,91,18856328,52208178,"ee04d4069b8af796e33ec0b5f756090a",0
"ecg_repos","AFDM",6,"taux_erreur",0.461538461538462,"ok","",918,827,91,18856328,207500709,"ee04d4069b8af796e33ec0b5f756090a",0.0430000000001201
"ecg_repos","AFDM",6,"accuracy",0.538461538461538,"ok","",918,827,91,18856328,207500709,"ee04d4069b8af796e33ec0b5f756090a",0.0430000000001201
"ecg_repos","mice",6,"taux_erreur",0.395604395604396,"ok","",918,827,91,18856328,120854042,"ee04d4069b8af796e33ec0b5f756090a",0.361999999999853
"ecg_repos","mice",6,"accuracy",0.604395604395604,"ok","",918,827,91,18856328,120854042,"ee04d4069b8af796e33ec0b5f756090a",0.361999999999853
"fc_max","mean",6,"RMSE",26.8186413874077,"ok","",865,779,86,73024520,37807925,"92f4d2b649b74c5455036f04015ce6ea",0
"fc_max","mean",6,"MAE",22.9347404245156,"ok","",865,779,86,73024520,37807925,"92f4d2b649b74c5455036f04015ce6ea",0
"fc_max","median",6,"RMSE",26.8055009973873,"ok","",865,779,86,73024520,138935529,"92f4d2b649b74c5455036f04015ce6ea",0
"fc_max","median",6,"MAE",22.8372093023256,"ok","",865,779,86,73024520,138935529,"92f4d2b649b74c5455036f04015ce6ea",0
"fc_max","mode",6,"RMSE",29.0136295157021,"ok","",865,779,86,73024520,189340595,"92f4d2b649b74c5455036f04015ce6ea",0.000999999999976353
"fc_max","mode",6,"MAE",24.2325581395349,"ok","",865,779,86,73024520,189340595,"92f4d2b649b74c5455036f04015ce6ea",0.000999999999976353
"fc_max","RandomForest",6,"RMSE",22.4394615128356,"ok","",865,779,86,73024520,153693406,"92f4d2b649b74c5455036f04015ce6ea",0.175999999999931
"fc_max","RandomForest",6,"MAE",18.861704362963,"ok","",865,779,86,73024520,153693406,"92f4d2b649b74c5455036f04015ce6ea",0.175999999999931
"fc_max","Knn",6,"RMSE",24.3612349326109,"ok","",865,779,86,73024520,109161310,"92f4d2b649b74c5455036f04015ce6ea",0.0470000000000255
"fc_max","Knn",6,"MAE",19.6,"ok","",865,779,86,73024520,109161310,"92f4d2b649b74c5455036f04015ce6ea",0.0470000000000255
"fc_max","ACP",6,"RMSE",45.4900021570054,"ok","",865,779,86,73024520,102518165,"92f4d2b649b74c5455036f04015ce6ea",0.0160000000000764
"fc_max","ACP",6,"MAE",38.4441889736077,"ok","",865,779,86,73024520,102518165,"92f4d2b649b74c5455036f04015ce6ea",0.0160000000000764
"fc_max","EM",6,"RMSE",26.3462842733045,"ok","",865,779,86,73024520,260286873,"92f4d2b649b74c5455036f04015ce6ea",0.25
"fc_max","EM",6,"MAE",22.1744684346774,"ok","",865,779,86,73024520,260286873,"92f4d2b649b74c5455036f04015ce6ea",0.25
"fc_max","AFDM",6,"RMSE",22.3528648792295,"ok","",865,779,86,73024520,51560017,"92f4d2b649b74c5455036f04015ce6ea",0.0370000000000346
"fc_max","AFDM",6,"MAE",18.1822361339092,"ok","",865,779,86,73024520,51560017,"92f4d2b649b74c5455036f04015ce6ea",0.0370000000000346
"fc_max","mice",6,"RMSE",24.0037206418331,"ok","",865,779,86,73024520,165756095,"92f4d2b649b74c5455036f04015ce6ea",0.081000000000131
"fc_max","mice",6,"MAE",18.9767441860465,"ok","",865,779,86,73024520,165756095,"92f4d2b649b74c5455036f04015ce6ea",0.081000000000131
"angine_effort","mean",6,"indisponible",NA,"non_applicable","non_applicable : moyenne pour cible quantitative seulement",865,779,86,7416543,38511669,"d419b6ceeaba01bf7dc5b7a1c8b097b2",0
"angine_effort","median",6,"indisponible",NA,"non_applicable","non_applicable : médiane sans sens pour cible nominale",865,779,86,7416543,86794438,"d419b6ceeaba01bf7dc5b7a1c8b097b2",0
"angine_effort","mode",6,"taux_erreur",0.430232558139535,"ok","",865,779,86,7416543,179681209,"d419b6ceeaba01bf7dc5b7a1c8b097b2",0
"angine_effort","mode",6,"accuracy",0.569767441860465,"ok","",865,779,86,7416543,179681209,"d419b6ceeaba01bf7dc5b7a1c8b097b2",0
"angine_effort","RandomForest",6,"taux_erreur",0.232558139534884,"ok","",865,779,86,7416543,154293965,"d419b6ceeaba01bf7dc5b7a1c8b097b2",0.105999999999995
"angine_effort","RandomForest",6,"accuracy",0.767441860465116,"ok","",865,779,86,7416543,154293965,"d419b6ceeaba01bf7dc5b7a1c8b097b2",0.105999999999995
"angine_effort","Knn",6,"taux_erreur",0.197674418604651,"ok","",865,779,86,7416543,68945920,"d419b6ceeaba01bf7dc5b7a1c8b097b2",0.0399999999999636
"angine_effort","Knn",6,"accuracy",0.802325581395349,"ok","",865,779,86,7416543,68945920,"d419b6ceeaba01bf7dc5b7a1c8b097b2",0.0399999999999636
"angine_effort","ACP",6,"taux_erreur",0.406976744186047,"ok","",865,779,86,7416543,220708170,"d419b6ceeaba01bf7dc5b7a1c8b097b2",0.0210000000001855
"angine_effort","ACP",6,"accuracy",0.593023255813953,"ok","",865,779,86,7416543,220708170,"d419b6ceeaba01bf7dc5b7a1c8b097b2",0.0210000000001855
"angine_effort","EM",6,"indisponible",NA,"non_applicable","non_applicable : EM gaussien pour cible quantitative seulement",865,779,86,7416543,259325776,"d419b6ceeaba01bf7dc5b7a1c8b097b2",0
"angine_effort","AFDM",6,"taux_erreur",0.255813953488372,"ok","",865,779,86,7416543,263789047,"d419b6ceeaba01bf7dc5b7a1c8b097b2",0.0450000000000728
"angine_effort","AFDM",6,"accuracy",0.744186046511628,"ok","",865,779,86,7416543,263789047,"d419b6ceeaba01bf7dc5b7a1c8b097b2",0.0450000000000728
"angine_effort","mice",6,"taux_erreur",0.302325581395349,"ok","",865,779,86,7416543,257525984,"d419b6ceeaba01bf7dc5b7a1c8b097b2",0.200000000000045
"angine_effort","mice",6,"accuracy",0.697674418604651,"ok","",865,779,86,7416543,257525984,"d419b6ceeaba01bf7dc5b7a1c8b097b2",0.200000000000045
"depress_st","mean",6,"RMSE",1.0469832960327,"ok","",858,773,85,234693060,23678409,"41cc8f05638fd0d174ca5155a212c0bb",0
"depress_st","mean",6,"MAE",0.873963929685716,"ok","",858,773,85,234693060,23678409,"41cc8f05638fd0d174ca5155a212c0bb",0
"depress_st","median",6,"RMSE",1.13666177907063,"ok","",858,773,85,234693060,247720074,"41cc8f05638fd0d174ca5155a212c0bb",0.000999999999976353
"depress_st","median",6,"MAE",0.901176470588235,"ok","",858,773,85,234693060,247720074,"41cc8f05638fd0d174ca5155a212c0bb",0.000999999999976353
"depress_st","mode",6,"RMSE",1.41117389598372,"ok","",858,773,85,234693060,234679811,"41cc8f05638fd0d174ca5155a212c0bb",0.000999999999976353
"depress_st","mode",6,"MAE",0.977647058823529,"ok","",858,773,85,234693060,234679811,"41cc8f05638fd0d174ca5155a212c0bb",0.000999999999976353
"depress_st","RandomForest",6,"RMSE",0.928698544400905,"ok","",858,773,85,234693060,182339623,"41cc8f05638fd0d174ca5155a212c0bb",0.138000000000147
"depress_st","RandomForest",6,"MAE",0.673119485879865,"ok","",858,773,85,234693060,182339623,"41cc8f05638fd0d174ca5155a212c0bb",0.138000000000147
"depress_st","Knn",6,"RMSE",1.06043942057332,"ok","",858,773,85,234693060,67549800,"41cc8f05638fd0d174ca5155a212c0bb",0.0329999999999018
"depress_st","Knn",6,"MAE",0.714588235294118,"ok","",858,773,85,234693060,67549800,"41cc8f05638fd0d174ca5155a212c0bb",0.0329999999999018
"depress_st","ACP",6,"RMSE",1.91427507192864,"ok","",858,773,85,234693060,81577505,"41cc8f05638fd0d174ca5155a212c0bb",0.0359999999998308
"depress_st","ACP",6,"MAE",1.60388253484294,"ok","",858,773,85,234693060,81577505,"41cc8f05638fd0d174ca5155a212c0bb",0.0359999999998308
"depress_st","EM",6,"RMSE",1.00314426240874,"ok","",858,773,85,234693060,21394178,"41cc8f05638fd0d174ca5155a212c0bb",0.311999999999898
"depress_st","EM",6,"MAE",0.791594573857396,"ok","",858,773,85,234693060,21394178,"41cc8f05638fd0d174ca5155a212c0bb",0.311999999999898
"depress_st","AFDM",6,"RMSE",0.945594038252884,"ok","",858,773,85,234693060,11393612,"41cc8f05638fd0d174ca5155a212c0bb",0.0380000000000109
"depress_st","AFDM",6,"MAE",0.707457118481449,"ok","",858,773,85,234693060,11393612,"41cc8f05638fd0d174ca5155a212c0bb",0.0380000000000109
"depress_st","mice",6,"RMSE",0.909851959516104,"ok","",858,773,85,234693060,65219237,"41cc8f05638fd0d174ca5155a212c0bb",0.0820000000001073
"depress_st","mice",6,"MAE",0.678117647058823,"ok","",858,773,85,234693060,65219237,"41cc8f05638fd0d174ca5155a212c0bb",0.0820000000001073
"pente_st","mean",6,"indisponible",NA,"non_applicable","non_applicable : moyenne pour cible quantitative seulement",611,550,61,127692903,117078060,"b76ff465730edaad50df861728cc2687",0
"pente_st","median",6,"taux_erreur",0.409836065573771,"ok","",611,550,61,127692903,118176455,"b76ff465730edaad50df861728cc2687",0.000999999999976353
"pente_st","median",6,"accuracy",0.590163934426229,"ok","",611,550,61,127692903,118176455,"b76ff465730edaad50df861728cc2687",0.000999999999976353
"pente_st","median",6,"RMSE",0.64018439966448,"ok","",611,550,61,127692903,118176455,"b76ff465730edaad50df861728cc2687",0.000999999999976353
"pente_st","median",6,"MAE",0.409836065573771,"ok","",611,550,61,127692903,118176455,"b76ff465730edaad50df861728cc2687",0.000999999999976353
"pente_st","mode",6,"taux_erreur",0.409836065573771,"ok","",611,550,61,127692903,82395601,"b76ff465730edaad50df861728cc2687",0
"pente_st","mode",6,"accuracy",0.590163934426229,"ok","",611,550,61,127692903,82395601,"b76ff465730edaad50df861728cc2687",0
"pente_st","mode",6,"RMSE",0.64018439966448,"ok","",611,550,61,127692903,82395601,"b76ff465730edaad50df861728cc2687",0
"pente_st","mode",6,"MAE",0.409836065573771,"ok","",611,550,61,127692903,82395601,"b76ff465730edaad50df861728cc2687",0
"pente_st","RandomForest",6,"taux_erreur",0.295081967213115,"ok","",611,550,61,127692903,27254058,"b76ff465730edaad50df861728cc2687",0.100000000000136
"pente_st","RandomForest",6,"accuracy",0.704918032786885,"ok","",611,550,61,127692903,27254058,"b76ff465730edaad50df861728cc2687",0.100000000000136
"pente_st","RandomForest",6,"RMSE",0.543214476255111,"ok","",611,550,61,127692903,27254058,"b76ff465730edaad50df861728cc2687",0.100000000000136
"pente_st","RandomForest",6,"MAE",0.295081967213115,"ok","",611,550,61,127692903,27254058,"b76ff465730edaad50df861728cc2687",0.100000000000136
"pente_st","Knn",6,"taux_erreur",0.344262295081967,"ok","",611,550,61,127692903,239973466,"b76ff465730edaad50df861728cc2687",0.0299999999999727
"pente_st","Knn",6,"accuracy",0.655737704918033,"ok","",611,550,61,127692903,239973466,"b76ff465730edaad50df861728cc2687",0.0299999999999727
"pente_st","Knn",6,"RMSE",0.665299143859116,"ok","",611,550,61,127692903,239973466,"b76ff465730edaad50df861728cc2687",0.0299999999999727
"pente_st","Knn",6,"MAE",0.377049180327869,"ok","",611,550,61,127692903,239973466,"b76ff465730edaad50df861728cc2687",0.0299999999999727
"pente_st","ACP",6,"taux_erreur",0.540983606557377,"ok","",611,550,61,127692903,62664532,"b76ff465730edaad50df861728cc2687",0.0209999999999582
"pente_st","ACP",6,"accuracy",0.459016393442623,"ok","",611,550,61,127692903,62664532,"b76ff465730edaad50df861728cc2687",0.0209999999999582
"pente_st","ACP",6,"RMSE",0.799590058902111,"ok","",611,550,61,127692903,62664532,"b76ff465730edaad50df861728cc2687",0.0209999999999582
"pente_st","ACP",6,"MAE",0.573770491803279,"ok","",611,550,61,127692903,62664532,"b76ff465730edaad50df861728cc2687",0.0209999999999582
"pente_st","EM",6,"indisponible",NA,"non_applicable","non_applicable : EM gaussien pour cible quantitative seulement",611,550,61,127692903,116640323,"b76ff465730edaad50df861728cc2687",0.000999999999976353
"pente_st","AFDM",6,"taux_erreur",0.360655737704918,"ok","",611,550,61,127692903,183909099,"b76ff465730edaad50df861728cc2687",0.0389999999999873
"pente_st","AFDM",6,"accuracy",0.639344262295082,"ok","",611,550,61,127692903,183909099,"b76ff465730edaad50df861728cc2687",0.0389999999999873
"pente_st","AFDM",6,"RMSE",0.64018439966448,"ok","",611,550,61,127692903,183909099,"b76ff465730edaad50df861728cc2687",0.0389999999999873
"pente_st","AFDM",6,"MAE",0.377049180327869,"ok","",611,550,61,127692903,183909099,"b76ff465730edaad50df861728cc2687",0.0389999999999873
"pente_st","mice",6,"taux_erreur",0.360655737704918,"ok","",611,550,61,127692903,201157099,"b76ff465730edaad50df861728cc2687",0.340000000000146
"pente_st","mice",6,"accuracy",0.639344262295082,"ok","",611,550,61,127692903,201157099,"b76ff465730edaad50df861728cc2687",0.340000000000146
"pente_st","mice",6,"RMSE",0.64018439966448,"ok","",611,550,61,127692903,201157099,"b76ff465730edaad50df861728cc2687",0.340000000000146
"pente_st","mice",6,"MAE",0.377049180327869,"ok","",611,550,61,127692903,201157099,"b76ff465730edaad50df861728cc2687",0.340000000000146
"nb_vaisseaux","mean",6,"indisponible",NA,"non_applicable","non_applicable : moyenne pour cible quantitative seulement",309,279,30,210577144,153000183,"e0ae191710cca2a448595bcb077202c4",0
"nb_vaisseaux","median",6,"taux_erreur",0.6,"ok","",309,279,30,210577144,201375311,"e0ae191710cca2a448595bcb077202c4",0.000999999999976353
"nb_vaisseaux","median",6,"accuracy",0.4,"ok","",309,279,30,210577144,201375311,"e0ae191710cca2a448595bcb077202c4",0.000999999999976353
"nb_vaisseaux","median",6,"RMSE",1.44913767461894,"ok","",309,279,30,210577144,201375311,"e0ae191710cca2a448595bcb077202c4",0.000999999999976353
"nb_vaisseaux","median",6,"MAE",1.03333333333333,"ok","",309,279,30,210577144,201375311,"e0ae191710cca2a448595bcb077202c4",0.000999999999976353
"nb_vaisseaux","mode",6,"taux_erreur",0.6,"ok","",309,279,30,210577144,7564789,"e0ae191710cca2a448595bcb077202c4",0
"nb_vaisseaux","mode",6,"accuracy",0.4,"ok","",309,279,30,210577144,7564789,"e0ae191710cca2a448595bcb077202c4",0
"nb_vaisseaux","mode",6,"RMSE",1.44913767461894,"ok","",309,279,30,210577144,7564789,"e0ae191710cca2a448595bcb077202c4",0
"nb_vaisseaux","mode",6,"MAE",1.03333333333333,"ok","",309,279,30,210577144,7564789,"e0ae191710cca2a448595bcb077202c4",0
"nb_vaisseaux","RandomForest",6,"taux_erreur",0.5,"ok","",309,279,30,210577144,126068644,"e0ae191710cca2a448595bcb077202c4",0.0570000000000164
"nb_vaisseaux","RandomForest",6,"accuracy",0.5,"ok","",309,279,30,210577144,126068644,"e0ae191710cca2a448595bcb077202c4",0.0570000000000164
"nb_vaisseaux","RandomForest",6,"RMSE",1.23827837473378,"ok","",309,279,30,210577144,126068644,"e0ae191710cca2a448595bcb077202c4",0.0570000000000164
"nb_vaisseaux","RandomForest",6,"MAE",0.8,"ok","",309,279,30,210577144,126068644,"e0ae191710cca2a448595bcb077202c4",0.0570000000000164
"nb_vaisseaux","Knn",6,"taux_erreur",0.533333333333333,"ok","",309,279,30,210577144,26704633,"e0ae191710cca2a448595bcb077202c4",0.0140000000001237
"nb_vaisseaux","Knn",6,"accuracy",0.466666666666667,"ok","",309,279,30,210577144,26704633,"e0ae191710cca2a448595bcb077202c4",0.0140000000001237
"nb_vaisseaux","Knn",6,"RMSE",1.26491106406735,"ok","",309,279,30,210577144,26704633,"e0ae191710cca2a448595bcb077202c4",0.0140000000001237
"nb_vaisseaux","Knn",6,"MAE",0.866666666666667,"ok","",309,279,30,210577144,26704633,"e0ae191710cca2a448595bcb077202c4",0.0140000000001237
"nb_vaisseaux","ACP",6,"taux_erreur",0.6,"ok","",309,279,30,210577144,35982587,"e0ae191710cca2a448595bcb077202c4",0.0149999999998727
"nb_vaisseaux","ACP",6,"accuracy",0.4,"ok","",309,279,30,210577144,35982587,"e0ae191710cca2a448595bcb077202c4",0.0149999999998727
"nb_vaisseaux","ACP",6,"RMSE",1.44913767461894,"ok","",309,279,30,210577144,35982587,"e0ae191710cca2a448595bcb077202c4",0.0149999999998727
"nb_vaisseaux","ACP",6,"MAE",1.03333333333333,"ok","",309,279,30,210577144,35982587,"e0ae191710cca2a448595bcb077202c4",0.0149999999998727
"nb_vaisseaux","EM",6,"indisponible",NA,"non_applicable","non_applicable : EM gaussien pour cible quantitative seulement",309,279,30,210577144,246507711,"e0ae191710cca2a448595bcb077202c4",0.000999999999976353
"nb_vaisseaux","AFDM",6,"taux_erreur",0.6,"ok","",309,279,30,210577144,260810731,"e0ae191710cca2a448595bcb077202c4",0.0430000000001201
"nb_vaisseaux","AFDM",6,"accuracy",0.4,"ok","",309,279,30,210577144,260810731,"e0ae191710cca2a448595bcb077202c4",0.0430000000001201
"nb_vaisseaux","AFDM",6,"RMSE",1.50554530541816,"ok","",309,279,30,210577144,260810731,"e0ae191710cca2a448595bcb077202c4",0.0430000000001201
"nb_vaisseaux","AFDM",6,"MAE",1.06666666666667,"ok","",309,279,30,210577144,260810731,"e0ae191710cca2a448595bcb077202c4",0.0430000000001201
"nb_vaisseaux","mice",6,"taux_erreur",0.4,"ok","",309,279,30,210577144,192435366,"e0ae191710cca2a448595bcb077202c4",0.23700000000008
"nb_vaisseaux","mice",6,"accuracy",0.6,"ok","",309,279,30,210577144,192435366,"e0ae191710cca2a448595bcb077202c4",0.23700000000008
"nb_vaisseaux","mice",6,"RMSE",1.23827837473378,"ok","",309,279,30,210577144,192435366,"e0ae191710cca2a448595bcb077202c4",0.23700000000008
"nb_vaisseaux","mice",6,"MAE",0.733333333333333,"ok","",309,279,30,210577144,192435366,"e0ae191710cca2a448595bcb077202c4",0.23700000000008
"test_thallium","mean",6,"indisponible",NA,"non_applicable","non_applicable : moyenne pour cible quantitative seulement",434,391,43,221477980,87114175,"b45f02855440e8e827f636daa2c16374",0.000999999999976353
"test_thallium","median",6,"indisponible",NA,"non_applicable","non_applicable : médiane sans sens pour cible nominale",434,391,43,221477980,119081634,"b45f02855440e8e827f636daa2c16374",0.000999999999976353
"test_thallium","mode",6,"taux_erreur",0.651162790697674,"ok","",434,391,43,221477980,50522469,"b45f02855440e8e827f636daa2c16374",0.000999999999976353
"test_thallium","mode",6,"accuracy",0.348837209302326,"ok","",434,391,43,221477980,50522469,"b45f02855440e8e827f636daa2c16374",0.000999999999976353
"test_thallium","RandomForest",6,"taux_erreur",0.395348837209302,"ok","",434,391,43,221477980,54535988,"b45f02855440e8e827f636daa2c16374",0.08400000000006
"test_thallium","RandomForest",6,"accuracy",0.604651162790698,"ok","",434,391,43,221477980,54535988,"b45f02855440e8e827f636daa2c16374",0.08400000000006
"test_thallium","Knn",6,"taux_erreur",0.488372093023256,"ok","",434,391,43,221477980,78890400,"b45f02855440e8e827f636daa2c16374",0.0190000000000055
"test_thallium","Knn",6,"accuracy",0.511627906976744,"ok","",434,391,43,221477980,78890400,"b45f02855440e8e827f636daa2c16374",0.0190000000000055
"test_thallium","ACP",6,"taux_erreur",0.418604651162791,"ok","",434,391,43,221477980,259952479,"b45f02855440e8e827f636daa2c16374",0.0160000000000764
"test_thallium","ACP",6,"accuracy",0.581395348837209,"ok","",434,391,43,221477980,259952479,"b45f02855440e8e827f636daa2c16374",0.0160000000000764
"test_thallium","EM",6,"indisponible",NA,"non_applicable","non_applicable : EM gaussien pour cible quantitative seulement",434,391,43,221477980,225731462,"b45f02855440e8e827f636daa2c16374",0
"test_thallium","AFDM",6,"taux_erreur",0.418604651162791,"ok","",434,391,43,221477980,4790316,"b45f02855440e8e827f636daa2c16374",0.0480000000000018
"test_thallium","AFDM",6,"accuracy",0.581395348837209,"ok","",434,391,43,221477980,4790316,"b45f02855440e8e827f636daa2c16374",0.0480000000000018
"test_thallium","mice",6,"taux_erreur",0.348837209302326,"ok","",434,391,43,221477980,139921559,"b45f02855440e8e827f636daa2c16374",0.288000000000011
"test_thallium","mice",6,"accuracy",0.651162790697674,"ok","",434,391,43,221477980,139921559,"b45f02855440e8e827f636daa2c16374",0.288000000000011
"pa_repos","mean",7,"RMSE",16.1694946923805,"ok","",860,774,86,152874035,246895412,"3e6e9a58d7c099aea31a5a1dad947022",0
"pa_repos","mean",7,"MAE",12.81557598702,"ok","",860,774,86,152874035,246895412,"3e6e9a58d7c099aea31a5a1dad947022",0
"pa_repos","median",7,"RMSE",16.1831810481502,"ok","",860,774,86,152874035,108607111,"3e6e9a58d7c099aea31a5a1dad947022",0
"pa_repos","median",7,"MAE",12.3139534883721,"ok","",860,774,86,152874035,108607111,"3e6e9a58d7c099aea31a5a1dad947022",0
"pa_repos","mode",7,"RMSE",19.6903352517315,"ok","",860,774,86,152874035,215594146,"3e6e9a58d7c099aea31a5a1dad947022",0.000999999999976353
"pa_repos","mode",7,"MAE",14.4767441860465,"ok","",860,774,86,152874035,215594146,"3e6e9a58d7c099aea31a5a1dad947022",0.000999999999976353
"pa_repos","RandomForest",7,"RMSE",16.2443455773339,"ok","",860,774,86,152874035,81158421,"3e6e9a58d7c099aea31a5a1dad947022",0.125
"pa_repos","RandomForest",7,"MAE",12.6745699444297,"ok","",860,774,86,152874035,81158421,"3e6e9a58d7c099aea31a5a1dad947022",0.125
"pa_repos","Knn",7,"RMSE",17.6869285592628,"ok","",860,774,86,152874035,242341962,"3e6e9a58d7c099aea31a5a1dad947022",0.0289999999999964
"pa_repos","Knn",7,"MAE",12.6953488372093,"ok","",860,774,86,152874035,242341962,"3e6e9a58d7c099aea31a5a1dad947022",0.0289999999999964
"pa_repos","ACP",7,"RMSE",18.4003394576043,"ok","",860,774,86,152874035,175416089,"3e6e9a58d7c099aea31a5a1dad947022",0.0229999999999109
"pa_repos","ACP",7,"MAE",13.9139564689383,"ok","",860,774,86,152874035,175416089,"3e6e9a58d7c099aea31a5a1dad947022",0.0229999999999109
"pa_repos","EM",7,"RMSE",15.4448741104277,"ok","",860,774,86,152874035,64941377,"3e6e9a58d7c099aea31a5a1dad947022",0.251999999999953
"pa_repos","EM",7,"MAE",11.9829691592742,"ok","",860,774,86,152874035,64941377,"3e6e9a58d7c099aea31a5a1dad947022",0.251999999999953
"pa_repos","AFDM",7,"RMSE",15.8486309360072,"ok","",860,774,86,152874035,21917641,"3e6e9a58d7c099aea31a5a1dad947022",0.0380000000000109
"pa_repos","AFDM",7,"MAE",12.2408909797448,"ok","",860,774,86,152874035,21917641,"3e6e9a58d7c099aea31a5a1dad947022",0.0380000000000109
"pa_repos","mice",7,"RMSE",17.2677950006956,"ok","",860,774,86,152874035,228876462,"3e6e9a58d7c099aea31a5a1dad947022",0.0889999999999418
"pa_repos","mice",7,"MAE",12.6558139534884,"ok","",860,774,86,152874035,228876462,"3e6e9a58d7c099aea31a5a1dad947022",0.0889999999999418
"cholesterol","mean",7,"RMSE",53.5185669849685,"ok","",718,647,71,231632453,155883916,"f9f53ad6a5d81af5a3c00a2ccc9caa77",0
"cholesterol","mean",7,"MAE",42.0890349826937,"ok","",718,647,71,231632453,155883916,"f9f53ad6a5d81af5a3c00a2ccc9caa77",0
"cholesterol","median",7,"RMSE",54.5369754399787,"ok","",718,647,71,231632453,101345469,"f9f53ad6a5d81af5a3c00a2ccc9caa77",0
"cholesterol","median",7,"MAE",42.112676056338,"ok","",718,647,71,231632453,101345469,"f9f53ad6a5d81af5a3c00a2ccc9caa77",0
"cholesterol","mode",7,"RMSE",53.538060701355,"ok","",718,647,71,231632453,236305724,"f9f53ad6a5d81af5a3c00a2ccc9caa77",0.000999999999976353
"cholesterol","mode",7,"MAE",43.1408450704225,"ok","",718,647,71,231632453,236305724,"f9f53ad6a5d81af5a3c00a2ccc9caa77",0.000999999999976353
"cholesterol","RandomForest",7,"RMSE",53.6857966278848,"ok","",718,647,71,231632453,152996389,"f9f53ad6a5d81af5a3c00a2ccc9caa77",0.125
"cholesterol","RandomForest",7,"MAE",42.1289053303131,"ok","",718,647,71,231632453,152996389,"f9f53ad6a5d81af5a3c00a2ccc9caa77",0.125
"cholesterol","Knn",7,"RMSE",62.331819920871,"ok","",718,647,71,231632453,123975095,"f9f53ad6a5d81af5a3c00a2ccc9caa77",0.0180000000000291
"cholesterol","Knn",7,"MAE",48.3859154929577,"ok","",718,647,71,231632453,123975095,"f9f53ad6a5d81af5a3c00a2ccc9caa77",0.0180000000000291
"cholesterol","ACP",7,"RMSE",54.2451341581369,"ok","",718,647,71,231632453,74643764,"f9f53ad6a5d81af5a3c00a2ccc9caa77",0.0199999999999818
"cholesterol","ACP",7,"MAE",42.6561940019883,"ok","",718,647,71,231632453,74643764,"f9f53ad6a5d81af5a3c00a2ccc9caa77",0.0199999999999818
"cholesterol","EM",7,"RMSE",52.3739003732366,"ok","",718,647,71,231632453,48022942,"f9f53ad6a5d81af5a3c00a2ccc9caa77",0.115000000000009
"cholesterol","EM",7,"MAE",41.1356220733872,"ok","",718,647,71,231632453,48022942,"f9f53ad6a5d81af5a3c00a2ccc9caa77",0.115000000000009
"cholesterol","AFDM",7,"RMSE",53.3068384391703,"ok","",718,647,71,231632453,262393062,"f9f53ad6a5d81af5a3c00a2ccc9caa77",0.0360000000000582
"cholesterol","AFDM",7,"MAE",42.0378694880333,"ok","",718,647,71,231632453,262393062,"f9f53ad6a5d81af5a3c00a2ccc9caa77",0.0360000000000582
"cholesterol","mice",7,"RMSE",61.7004622531592,"ok","",718,647,71,231632453,142164927,"f9f53ad6a5d81af5a3c00a2ccc9caa77",0.0750000000000455
"cholesterol","mice",7,"MAE",49.7380281690141,"ok","",718,647,71,231632453,142164927,"f9f53ad6a5d81af5a3c00a2ccc9caa77",0.0750000000000455
"glyc_jeun_elevee","mean",7,"indisponible",NA,"non_applicable","non_applicable : moyenne pour cible quantitative seulement",830,747,83,528547,237782451,"f0b83799fb0eb382cfc8297b9e3cfc91",0
"glyc_jeun_elevee","median",7,"indisponible",NA,"non_applicable","non_applicable : médiane sans sens pour cible nominale",830,747,83,528547,266389894,"f0b83799fb0eb382cfc8297b9e3cfc91",0
"glyc_jeun_elevee","mode",7,"taux_erreur",0.180722891566265,"ok","",830,747,83,528547,162121583,"f0b83799fb0eb382cfc8297b9e3cfc91",0.000999999999976353
"glyc_jeun_elevee","mode",7,"accuracy",0.819277108433735,"ok","",830,747,83,528547,162121583,"f0b83799fb0eb382cfc8297b9e3cfc91",0.000999999999976353
"glyc_jeun_elevee","RandomForest",7,"taux_erreur",0.192771084337349,"ok","",830,747,83,528547,62353043,"f0b83799fb0eb382cfc8297b9e3cfc91",0.102000000000089
"glyc_jeun_elevee","RandomForest",7,"accuracy",0.807228915662651,"ok","",830,747,83,528547,62353043,"f0b83799fb0eb382cfc8297b9e3cfc91",0.102000000000089
"glyc_jeun_elevee","Knn",7,"taux_erreur",0.216867469879518,"ok","",830,747,83,528547,20253836,"f0b83799fb0eb382cfc8297b9e3cfc91",0.0299999999999727
"glyc_jeun_elevee","Knn",7,"accuracy",0.783132530120482,"ok","",830,747,83,528547,20253836,"f0b83799fb0eb382cfc8297b9e3cfc91",0.0299999999999727
"glyc_jeun_elevee","ACP",7,"taux_erreur",0.228915662650602,"ok","",830,747,83,528547,164654571,"f0b83799fb0eb382cfc8297b9e3cfc91",0.0220000000001619
"glyc_jeun_elevee","ACP",7,"accuracy",0.771084337349398,"ok","",830,747,83,528547,164654571,"f0b83799fb0eb382cfc8297b9e3cfc91",0.0220000000001619
"glyc_jeun_elevee","EM",7,"indisponible",NA,"non_applicable","non_applicable : EM gaussien pour cible quantitative seulement",830,747,83,528547,116652870,"f0b83799fb0eb382cfc8297b9e3cfc91",0
"glyc_jeun_elevee","AFDM",7,"taux_erreur",0.192771084337349,"ok","",830,747,83,528547,196959524,"f0b83799fb0eb382cfc8297b9e3cfc91",0.0529999999998836
"glyc_jeun_elevee","AFDM",7,"accuracy",0.807228915662651,"ok","",830,747,83,528547,196959524,"f0b83799fb0eb382cfc8297b9e3cfc91",0.0529999999998836
"glyc_jeun_elevee","mice",7,"taux_erreur",0.216867469879518,"ok","",830,747,83,528547,257784754,"f0b83799fb0eb382cfc8297b9e3cfc91",0.238999999999805
"glyc_jeun_elevee","mice",7,"accuracy",0.783132530120482,"ok","",830,747,83,528547,257784754,"f0b83799fb0eb382cfc8297b9e3cfc91",0.238999999999805
"ecg_repos","mean",7,"indisponible",NA,"non_applicable","non_applicable : moyenne pour cible quantitative seulement",918,827,91,250085962,257152058,"80c846a52ce222320057128c8b1957e6",0
"ecg_repos","median",7,"indisponible",NA,"non_applicable","non_applicable : médiane sans sens pour cible nominale",918,827,91,250085962,48030185,"80c846a52ce222320057128c8b1957e6",0.000999999999976353
"ecg_repos","mode",7,"taux_erreur",0.395604395604396,"ok","",918,827,91,250085962,235964722,"80c846a52ce222320057128c8b1957e6",0.000999999999976353
"ecg_repos","mode",7,"accuracy",0.604395604395604,"ok","",918,827,91,250085962,235964722,"80c846a52ce222320057128c8b1957e6",0.000999999999976353
"ecg_repos","RandomForest",7,"taux_erreur",0.373626373626374,"ok","",918,827,91,250085962,231555243,"80c846a52ce222320057128c8b1957e6",0.128000000000156
"ecg_repos","RandomForest",7,"accuracy",0.626373626373626,"ok","",918,827,91,250085962,231555243,"80c846a52ce222320057128c8b1957e6",0.128000000000156
"ecg_repos","Knn",7,"taux_erreur",0.43956043956044,"ok","",918,827,91,250085962,10628089,"80c846a52ce222320057128c8b1957e6",0.0499999999999545
"ecg_repos","Knn",7,"accuracy",0.56043956043956,"ok","",918,827,91,250085962,10628089,"80c846a52ce222320057128c8b1957e6",0.0499999999999545
"ecg_repos","ACP",7,"taux_erreur",0.406593406593407,"ok","",918,827,91,250085962,232169935,"80c846a52ce222320057128c8b1957e6",0.0470000000000255
"ecg_repos","ACP",7,"accuracy",0.593406593406593,"ok","",918,827,91,250085962,232169935,"80c846a52ce222320057128c8b1957e6",0.0470000000000255
"ecg_repos","EM",7,"indisponible",NA,"non_applicable","non_applicable : EM gaussien pour cible quantitative seulement",918,827,91,250085962,185610006,"80c846a52ce222320057128c8b1957e6",0.000999999999976353
"ecg_repos","AFDM",7,"taux_erreur",0.406593406593407,"ok","",918,827,91,250085962,235720879,"80c846a52ce222320057128c8b1957e6",0.0620000000001255
"ecg_repos","AFDM",7,"accuracy",0.593406593406593,"ok","",918,827,91,250085962,235720879,"80c846a52ce222320057128c8b1957e6",0.0620000000001255
"ecg_repos","mice",7,"taux_erreur",0.395604395604396,"ok","",918,827,91,250085962,22027042,"80c846a52ce222320057128c8b1957e6",0.367999999999938
"ecg_repos","mice",7,"accuracy",0.604395604395604,"ok","",918,827,91,250085962,22027042,"80c846a52ce222320057128c8b1957e6",0.367999999999938
"fc_max","mean",7,"RMSE",25.3561480061829,"ok","",865,779,86,110881838,227835846,"f9da5716ff9bb0c2e0eae3a05c135204",0.000999999999976353
"fc_max","mean",7,"MAE",21.0770964563991,"ok","",865,779,86,110881838,227835846,"f9da5716ff9bb0c2e0eae3a05c135204",0.000999999999976353
"fc_max","median",7,"RMSE",25.775190884187,"ok","",865,779,86,110881838,132999563,"f9da5716ff9bb0c2e0eae3a05c135204",0.000999999999976353
"fc_max","median",7,"MAE",21.406976744186,"ok","",865,779,86,110881838,132999563,"f9da5716ff9bb0c2e0eae3a05c135204",0.000999999999976353
"fc_max","mode",7,"RMSE",29.8357908995999,"ok","",865,779,86,110881838,43194762,"f9da5716ff9bb0c2e0eae3a05c135204",0.000999999999976353
"fc_max","mode",7,"MAE",24.9651162790698,"ok","",865,779,86,110881838,43194762,"f9da5716ff9bb0c2e0eae3a05c135204",0.000999999999976353
"fc_max","RandomForest",7,"RMSE",19.9670445202066,"ok","",865,779,86,110881838,51876325,"f9da5716ff9bb0c2e0eae3a05c135204",0.139000000000124
"fc_max","RandomForest",7,"MAE",16.6132584188135,"ok","",865,779,86,110881838,51876325,"f9da5716ff9bb0c2e0eae3a05c135204",0.139000000000124
"fc_max","Knn",7,"RMSE",22.9279457796467,"ok","",865,779,86,110881838,35545583,"f9da5716ff9bb0c2e0eae3a05c135204",0.0150000000001
"fc_max","Knn",7,"MAE",18.2441860465116,"ok","",865,779,86,110881838,35545583,"f9da5716ff9bb0c2e0eae3a05c135204",0.0150000000001
"fc_max","ACP",7,"RMSE",44.3323328302958,"ok","",865,779,86,110881838,101921391,"f9da5716ff9bb0c2e0eae3a05c135204",0.0139999999998963
"fc_max","ACP",7,"MAE",36.8524008220042,"ok","",865,779,86,110881838,101921391,"f9da5716ff9bb0c2e0eae3a05c135204",0.0139999999998963
"fc_max","EM",7,"RMSE",23.7330296434483,"ok","",865,779,86,110881838,148916993,"f9da5716ff9bb0c2e0eae3a05c135204",0.292000000000144
"fc_max","EM",7,"MAE",19.9373391602426,"ok","",865,779,86,110881838,148916993,"f9da5716ff9bb0c2e0eae3a05c135204",0.292000000000144
"fc_max","AFDM",7,"RMSE",21.316514410901,"ok","",865,779,86,110881838,127957136,"f9da5716ff9bb0c2e0eae3a05c135204",0.04099999999994
"fc_max","AFDM",7,"MAE",17.7796747706831,"ok","",865,779,86,110881838,127957136,"f9da5716ff9bb0c2e0eae3a05c135204",0.04099999999994
"fc_max","mice",7,"RMSE",21.0119677968931,"ok","",865,779,86,110881838,121629633,"f9da5716ff9bb0c2e0eae3a05c135204",0.0879999999999654
"fc_max","mice",7,"MAE",16.6627906976744,"ok","",865,779,86,110881838,121629633,"f9da5716ff9bb0c2e0eae3a05c135204",0.0879999999999654
"angine_effort","mean",7,"indisponible",NA,"non_applicable","non_applicable : moyenne pour cible quantitative seulement",865,779,86,203291840,59815106,"e9a297279daaf25eae48f3241f21d767",0
"angine_effort","median",7,"indisponible",NA,"non_applicable","non_applicable : médiane sans sens pour cible nominale",865,779,86,203291840,159903897,"e9a297279daaf25eae48f3241f21d767",0
"angine_effort","mode",7,"taux_erreur",0.465116279069767,"ok","",865,779,86,203291840,1033599,"e9a297279daaf25eae48f3241f21d767",0.00100000000020373
"angine_effort","mode",7,"accuracy",0.534883720930233,"ok","",865,779,86,203291840,1033599,"e9a297279daaf25eae48f3241f21d767",0.00100000000020373
"angine_effort","RandomForest",7,"taux_erreur",0.209302325581395,"ok","",865,779,86,203291840,247676769,"e9a297279daaf25eae48f3241f21d767",0.1099999999999
"angine_effort","RandomForest",7,"accuracy",0.790697674418605,"ok","",865,779,86,203291840,247676769,"e9a297279daaf25eae48f3241f21d767",0.1099999999999
"angine_effort","Knn",7,"taux_erreur",0.244186046511628,"ok","",865,779,86,203291840,79864535,"e9a297279daaf25eae48f3241f21d767",0.04099999999994
"angine_effort","Knn",7,"accuracy",0.755813953488372,"ok","",865,779,86,203291840,79864535,"e9a297279daaf25eae48f3241f21d767",0.04099999999994
"angine_effort","ACP",7,"taux_erreur",0.476744186046512,"ok","",865,779,86,203291840,210638967,"e9a297279daaf25eae48f3241f21d767",0.0199999999999818
"angine_effort","ACP",7,"accuracy",0.523255813953488,"ok","",865,779,86,203291840,210638967,"e9a297279daaf25eae48f3241f21d767",0.0199999999999818
"angine_effort","EM",7,"indisponible",NA,"non_applicable","non_applicable : EM gaussien pour cible quantitative seulement",865,779,86,203291840,166467223,"e9a297279daaf25eae48f3241f21d767",0
"angine_effort","AFDM",7,"taux_erreur",0.232558139534884,"ok","",865,779,86,203291840,251746876,"e9a297279daaf25eae48f3241f21d767",0.0380000000000109
"angine_effort","AFDM",7,"accuracy",0.767441860465116,"ok","",865,779,86,203291840,251746876,"e9a297279daaf25eae48f3241f21d767",0.0380000000000109
"angine_effort","mice",7,"taux_erreur",0.232558139534884,"ok","",865,779,86,203291840,175916336,"e9a297279daaf25eae48f3241f21d767",0.18100000000004
"angine_effort","mice",7,"accuracy",0.767441860465116,"ok","",865,779,86,203291840,175916336,"e9a297279daaf25eae48f3241f21d767",0.18100000000004
"depress_st","mean",7,"RMSE",1.11495105509967,"ok","",858,773,85,153499721,253956434,"d17b626eebda17ec2089a861ddc8359b",0
"depress_st","mean",7,"MAE",0.905483600943612,"ok","",858,773,85,153499721,253956434,"d17b626eebda17ec2089a861ddc8359b",0
"depress_st","median",7,"RMSE",1.19346258474092,"ok","",858,773,85,153499721,58240611,"d17b626eebda17ec2089a861ddc8359b",0
"depress_st","median",7,"MAE",0.897647058823529,"ok","",858,773,85,153499721,58240611,"d17b626eebda17ec2089a861ddc8359b",0
"depress_st","mode",7,"RMSE",1.45043603991433,"ok","",858,773,85,153499721,149816510,"d17b626eebda17ec2089a861ddc8359b",0.000999999999976353
"depress_st","mode",7,"MAE",0.929411764705882,"ok","",858,773,85,153499721,149816510,"d17b626eebda17ec2089a861ddc8359b",0.000999999999976353
"depress_st","RandomForest",7,"RMSE",0.944421175598897,"ok","",858,773,85,153499721,79556222,"d17b626eebda17ec2089a861ddc8359b",0.148999999999887
"depress_st","RandomForest",7,"MAE",0.719733695136979,"ok","",858,773,85,153499721,79556222,"d17b626eebda17ec2089a861ddc8359b",0.148999999999887
"depress_st","Knn",7,"RMSE",1.08475424161691,"ok","",858,773,85,153499721,267334309,"d17b626eebda17ec2089a861ddc8359b",0.0360000000000582
"depress_st","Knn",7,"MAE",0.822823529411765,"ok","",858,773,85,153499721,267334309,"d17b626eebda17ec2089a861ddc8359b",0.0360000000000582
"depress_st","ACP",7,"RMSE",1.83305437038979,"ok","",858,773,85,153499721,198552268,"d17b626eebda17ec2089a861ddc8359b",0.0180000000000291
"depress_st","ACP",7,"MAE",1.52758405544876,"ok","",858,773,85,153499721,198552268,"d17b626eebda17ec2089a861ddc8359b",0.0180000000000291
"depress_st","EM",7,"RMSE",1.07288807338034,"ok","",858,773,85,153499721,173873248,"d17b626eebda17ec2089a861ddc8359b",0.230999999999995
"depress_st","EM",7,"MAE",0.871417260652143,"ok","",858,773,85,153499721,173873248,"d17b626eebda17ec2089a861ddc8359b",0.230999999999995
"depress_st","AFDM",7,"RMSE",1.02998528447688,"ok","",858,773,85,153499721,5625991,"d17b626eebda17ec2089a861ddc8359b",0.0380000000000109
"depress_st","AFDM",7,"MAE",0.789269393493321,"ok","",858,773,85,153499721,5625991,"d17b626eebda17ec2089a861ddc8359b",0.0380000000000109
"depress_st","mice",7,"RMSE",0.981247705130325,"ok","",858,773,85,153499721,208933486,"d17b626eebda17ec2089a861ddc8359b",0.0860000000000127
"depress_st","mice",7,"MAE",0.748,"ok","",858,773,85,153499721,208933486,"d17b626eebda17ec2089a861ddc8359b",0.0860000000000127
"pente_st","mean",7,"indisponible",NA,"non_applicable","non_applicable : moyenne pour cible quantitative seulement",611,550,61,10049897,46258793,"df0a73a1a59cf741829cacbb7c1cb432",0.000999999999976353
"pente_st","median",7,"taux_erreur",0.409836065573771,"ok","",611,550,61,10049897,68258830,"df0a73a1a59cf741829cacbb7c1cb432",0.000999999999976353
"pente_st","median",7,"accuracy",0.590163934426229,"ok","",611,550,61,10049897,68258830,"df0a73a1a59cf741829cacbb7c1cb432",0.000999999999976353
"pente_st","median",7,"RMSE",0.64018439966448,"ok","",611,550,61,10049897,68258830,"df0a73a1a59cf741829cacbb7c1cb432",0.000999999999976353
"pente_st","median",7,"MAE",0.409836065573771,"ok","",611,550,61,10049897,68258830,"df0a73a1a59cf741829cacbb7c1cb432",0.000999999999976353
"pente_st","mode",7,"taux_erreur",0.409836065573771,"ok","",611,550,61,10049897,152978082,"df0a73a1a59cf741829cacbb7c1cb432",0.00100000000020373
"pente_st","mode",7,"accuracy",0.590163934426229,"ok","",611,550,61,10049897,152978082,"df0a73a1a59cf741829cacbb7c1cb432",0.00100000000020373
"pente_st","mode",7,"RMSE",0.64018439966448,"ok","",611,550,61,10049897,152978082,"df0a73a1a59cf741829cacbb7c1cb432",0.00100000000020373
"pente_st","mode",7,"MAE",0.409836065573771,"ok","",611,550,61,10049897,152978082,"df0a73a1a59cf741829cacbb7c1cb432",0.00100000000020373
"pente_st","RandomForest",7,"taux_erreur",0.327868852459016,"ok","",611,550,61,10049897,62955482,"df0a73a1a59cf741829cacbb7c1cb432",0.0949999999997999
"pente_st","RandomForest",7,"accuracy",0.672131147540984,"ok","",611,550,61,10049897,62955482,"df0a73a1a59cf741829cacbb7c1cb432",0.0949999999997999
"pente_st","RandomForest",7,"RMSE",0.614043304928788,"ok","",611,550,61,10049897,62955482,"df0a73a1a59cf741829cacbb7c1cb432",0.0949999999997999
"pente_st","RandomForest",7,"MAE",0.344262295081967,"ok","",611,550,61,10049897,62955482,"df0a73a1a59cf741829cacbb7c1cb432",0.0949999999997999
"pente_st","Knn",7,"taux_erreur",0.327868852459016,"ok","",611,550,61,10049897,73232918,"df0a73a1a59cf741829cacbb7c1cb432",0.0169999999998254
"pente_st","Knn",7,"accuracy",0.672131147540984,"ok","",611,550,61,10049897,73232918,"df0a73a1a59cf741829cacbb7c1cb432",0.0169999999998254
"pente_st","Knn",7,"RMSE",0.614043304928788,"ok","",611,550,61,10049897,73232918,"df0a73a1a59cf741829cacbb7c1cb432",0.0169999999998254
"pente_st","Knn",7,"MAE",0.344262295081967,"ok","",611,550,61,10049897,73232918,"df0a73a1a59cf741829cacbb7c1cb432",0.0169999999998254
"pente_st","ACP",7,"taux_erreur",0.39344262295082,"ok","",611,550,61,10049897,35306385,"df0a73a1a59cf741829cacbb7c1cb432",0.0180000000000291
"pente_st","ACP",7,"accuracy",0.60655737704918,"ok","",611,550,61,10049897,35306385,"df0a73a1a59cf741829cacbb7c1cb432",0.0180000000000291
"pente_st","ACP",7,"RMSE",0.701286873318277,"ok","",611,550,61,10049897,35306385,"df0a73a1a59cf741829cacbb7c1cb432",0.0180000000000291
"pente_st","ACP",7,"MAE",0.426229508196721,"ok","",611,550,61,10049897,35306385,"df0a73a1a59cf741829cacbb7c1cb432",0.0180000000000291
"pente_st","EM",7,"indisponible",NA,"non_applicable","non_applicable : EM gaussien pour cible quantitative seulement",611,550,61,10049897,156965781,"df0a73a1a59cf741829cacbb7c1cb432",0
"pente_st","AFDM",7,"taux_erreur",0.311475409836066,"ok","",611,550,61,10049897,141774163,"df0a73a1a59cf741829cacbb7c1cb432",0.0490000000002055
"pente_st","AFDM",7,"accuracy",0.688524590163934,"ok","",611,550,61,10049897,141774163,"df0a73a1a59cf741829cacbb7c1cb432",0.0490000000002055
"pente_st","AFDM",7,"RMSE",0.64018439966448,"ok","",611,550,61,10049897,141774163,"df0a73a1a59cf741829cacbb7c1cb432",0.0490000000002055
"pente_st","AFDM",7,"MAE",0.344262295081967,"ok","",611,550,61,10049897,141774163,"df0a73a1a59cf741829cacbb7c1cb432",0.0490000000002055
"pente_st","mice",7,"taux_erreur",0.360655737704918,"ok","",611,550,61,10049897,176477598,"df0a73a1a59cf741829cacbb7c1cb432",0.317999999999984
"pente_st","mice",7,"accuracy",0.639344262295082,"ok","",611,550,61,10049897,176477598,"df0a73a1a59cf741829cacbb7c1cb432",0.317999999999984
"pente_st","mice",7,"RMSE",0.64018439966448,"ok","",611,550,61,10049897,176477598,"df0a73a1a59cf741829cacbb7c1cb432",0.317999999999984
"pente_st","mice",7,"MAE",0.377049180327869,"ok","",611,550,61,10049897,176477598,"df0a73a1a59cf741829cacbb7c1cb432",0.317999999999984
"nb_vaisseaux","mean",7,"indisponible",NA,"non_applicable","non_applicable : moyenne pour cible quantitative seulement",309,279,30,97502667,46056476,"e75ab5321e0e90fa399624f5842c5ee7",0.000999999999976353
"nb_vaisseaux","median",7,"taux_erreur",0.366666666666667,"ok","",309,279,30,97502667,261146005,"e75ab5321e0e90fa399624f5842c5ee7",0.000999999999976353
"nb_vaisseaux","median",7,"accuracy",0.633333333333333,"ok","",309,279,30,97502667,261146005,"e75ab5321e0e90fa399624f5842c5ee7",0.000999999999976353
"nb_vaisseaux","median",7,"RMSE",0.816496580927726,"ok","",309,279,30,97502667,261146005,"e75ab5321e0e90fa399624f5842c5ee7",0.000999999999976353
"nb_vaisseaux","median",7,"MAE",0.466666666666667,"ok","",309,279,30,97502667,261146005,"e75ab5321e0e90fa399624f5842c5ee7",0.000999999999976353
"nb_vaisseaux","mode",7,"taux_erreur",0.366666666666667,"ok","",309,279,30,97502667,20114939,"e75ab5321e0e90fa399624f5842c5ee7",0.000999999999976353
"nb_vaisseaux","mode",7,"accuracy",0.633333333333333,"ok","",309,279,30,97502667,20114939,"e75ab5321e0e90fa399624f5842c5ee7",0.000999999999976353
"nb_vaisseaux","mode",7,"RMSE",0.816496580927726,"ok","",309,279,30,97502667,20114939,"e75ab5321e0e90fa399624f5842c5ee7",0.000999999999976353
"nb_vaisseaux","mode",7,"MAE",0.466666666666667,"ok","",309,279,30,97502667,20114939,"e75ab5321e0e90fa399624f5842c5ee7",0.000999999999976353
"nb_vaisseaux","RandomForest",7,"taux_erreur",0.333333333333333,"ok","",309,279,30,97502667,144328271,"e75ab5321e0e90fa399624f5842c5ee7",0.0570000000000164
"nb_vaisseaux","RandomForest",7,"accuracy",0.666666666666667,"ok","",309,279,30,97502667,144328271,"e75ab5321e0e90fa399624f5842c5ee7",0.0570000000000164
"nb_vaisseaux","RandomForest",7,"RMSE",0.795822425754221,"ok","",309,279,30,97502667,144328271,"e75ab5321e0e90fa399624f5842c5ee7",0.0570000000000164
"nb_vaisseaux","RandomForest",7,"MAE",0.433333333333333,"ok","",309,279,30,97502667,144328271,"e75ab5321e0e90fa399624f5842c5ee7",0.0570000000000164
"nb_vaisseaux","Knn",7,"taux_erreur",0.466666666666667,"ok","",309,279,30,97502667,168959778,"e75ab5321e0e90fa399624f5842c5ee7",0.0130000000001473
"nb_vaisseaux","Knn",7,"accuracy",0.533333333333333,"ok","",309,279,30,97502667,168959778,"e75ab5321e0e90fa399624f5842c5ee7",0.0130000000001473
"nb_vaisseaux","Knn",7,"RMSE",0.930949336251263,"ok","",309,279,30,97502667,168959778,"e75ab5321e0e90fa399624f5842c5ee7",0.0130000000001473
"nb_vaisseaux","Knn",7,"MAE",0.6,"ok","",309,279,30,97502667,168959778,"e75ab5321e0e90fa399624f5842c5ee7",0.0130000000001473
"nb_vaisseaux","ACP",7,"taux_erreur",0.4,"ok","",309,279,30,97502667,157456074,"e75ab5321e0e90fa399624f5842c5ee7",0.015999999999849
"nb_vaisseaux","ACP",7,"accuracy",0.6,"ok","",309,279,30,97502667,157456074,"e75ab5321e0e90fa399624f5842c5ee7",0.015999999999849
"nb_vaisseaux","ACP",7,"RMSE",0.894427190999916,"ok","",309,279,30,97502667,157456074,"e75ab5321e0e90fa399624f5842c5ee7",0.015999999999849
"nb_vaisseaux","ACP",7,"MAE",0.533333333333333,"ok","",309,279,30,97502667,157456074,"e75ab5321e0e90fa399624f5842c5ee7",0.015999999999849
"nb_vaisseaux","EM",7,"indisponible",NA,"non_applicable","non_applicable : EM gaussien pour cible quantitative seulement",309,279,30,97502667,267778920,"e75ab5321e0e90fa399624f5842c5ee7",0.000999999999976353
"nb_vaisseaux","AFDM",7,"taux_erreur",0.4,"ok","",309,279,30,97502667,156692013,"e75ab5321e0e90fa399624f5842c5ee7",0.02800000000002
"nb_vaisseaux","AFDM",7,"accuracy",0.6,"ok","",309,279,30,97502667,156692013,"e75ab5321e0e90fa399624f5842c5ee7",0.02800000000002
"nb_vaisseaux","AFDM",7,"RMSE",0.894427190999916,"ok","",309,279,30,97502667,156692013,"e75ab5321e0e90fa399624f5842c5ee7",0.02800000000002
"nb_vaisseaux","AFDM",7,"MAE",0.533333333333333,"ok","",309,279,30,97502667,156692013,"e75ab5321e0e90fa399624f5842c5ee7",0.02800000000002
"nb_vaisseaux","mice",7,"taux_erreur",0.366666666666667,"ok","",309,279,30,97502667,115795525,"e75ab5321e0e90fa399624f5842c5ee7",0.243000000000166
"nb_vaisseaux","mice",7,"accuracy",0.633333333333333,"ok","",309,279,30,97502667,115795525,"e75ab5321e0e90fa399624f5842c5ee7",0.243000000000166
"nb_vaisseaux","mice",7,"RMSE",0.816496580927726,"ok","",309,279,30,97502667,115795525,"e75ab5321e0e90fa399624f5842c5ee7",0.243000000000166
"nb_vaisseaux","mice",7,"MAE",0.466666666666667,"ok","",309,279,30,97502667,115795525,"e75ab5321e0e90fa399624f5842c5ee7",0.243000000000166
"test_thallium","mean",7,"indisponible",NA,"non_applicable","non_applicable : moyenne pour cible quantitative seulement",434,391,43,77205839,255384506,"8067f6395d9f1fbe59aae873fea55fd8",0.000999999999976353
"test_thallium","median",7,"indisponible",NA,"non_applicable","non_applicable : médiane sans sens pour cible nominale",434,391,43,77205839,19396097,"8067f6395d9f1fbe59aae873fea55fd8",0.000999999999976353
"test_thallium","mode",7,"taux_erreur",0.627906976744186,"ok","",434,391,43,77205839,31054794,"8067f6395d9f1fbe59aae873fea55fd8",0.000999999999976353
"test_thallium","mode",7,"accuracy",0.372093023255814,"ok","",434,391,43,77205839,31054794,"8067f6395d9f1fbe59aae873fea55fd8",0.000999999999976353
"test_thallium","RandomForest",7,"taux_erreur",0.395348837209302,"ok","",434,391,43,77205839,41520343,"8067f6395d9f1fbe59aae873fea55fd8",0.0789999999999509
"test_thallium","RandomForest",7,"accuracy",0.604651162790698,"ok","",434,391,43,77205839,41520343,"8067f6395d9f1fbe59aae873fea55fd8",0.0789999999999509
"test_thallium","Knn",7,"taux_erreur",0.511627906976744,"ok","",434,391,43,77205839,189052927,"8067f6395d9f1fbe59aae873fea55fd8",0.0210000000001855
"test_thallium","Knn",7,"accuracy",0.488372093023256,"ok","",434,391,43,77205839,189052927,"8067f6395d9f1fbe59aae873fea55fd8",0.0210000000001855
"test_thallium","ACP",7,"taux_erreur",0.488372093023256,"ok","",434,391,43,77205839,2521700,"8067f6395d9f1fbe59aae873fea55fd8",0.0149999999998727
"test_thallium","ACP",7,"accuracy",0.511627906976744,"ok","",434,391,43,77205839,2521700,"8067f6395d9f1fbe59aae873fea55fd8",0.0149999999998727
"test_thallium","EM",7,"indisponible",NA,"non_applicable","non_applicable : EM gaussien pour cible quantitative seulement",434,391,43,77205839,263051905,"8067f6395d9f1fbe59aae873fea55fd8",0
"test_thallium","AFDM",7,"taux_erreur",0.395348837209302,"ok","",434,391,43,77205839,247032748,"8067f6395d9f1fbe59aae873fea55fd8",0.0299999999999727
"test_thallium","AFDM",7,"accuracy",0.604651162790698,"ok","",434,391,43,77205839,247032748,"8067f6395d9f1fbe59aae873fea55fd8",0.0299999999999727
"test_thallium","mice",7,"taux_erreur",0.465116279069767,"ok","",434,391,43,77205839,24157079,"8067f6395d9f1fbe59aae873fea55fd8",0.269000000000005
"test_thallium","mice",7,"accuracy",0.534883720930233,"ok","",434,391,43,77205839,24157079,"8067f6395d9f1fbe59aae873fea55fd8",0.269000000000005
"pa_repos","mean",8,"RMSE",17.8095822732207,"ok","",860,774,86,234033403,34517510,"67e11c52ee607cf9388adf8ecee94ec1",0
"pa_repos","mean",8,"MAE",14.6628507902169,"ok","",860,774,86,234033403,34517510,"67e11c52ee607cf9388adf8ecee94ec1",0
"pa_repos","median",8,"RMSE",17.3577273188174,"ok","",860,774,86,234033403,267904401,"67e11c52ee607cf9388adf8ecee94ec1",0
"pa_repos","median",8,"MAE",13.9186046511628,"ok","",860,774,86,234033403,267904401,"67e11c52ee607cf9388adf8ecee94ec1",0
"pa_repos","mode",8,"RMSE",19.2326635918484,"ok","",860,774,86,234033403,184163137,"67e11c52ee607cf9388adf8ecee94ec1",0.000999999999976353
"pa_repos","mode",8,"MAE",14.9418604651163,"ok","",860,774,86,234033403,184163137,"67e11c52ee607cf9388adf8ecee94ec1",0.000999999999976353
"pa_repos","RandomForest",8,"RMSE",18.1659379048504,"ok","",860,774,86,234033403,5253474,"67e11c52ee607cf9388adf8ecee94ec1",0.146999999999935
"pa_repos","RandomForest",8,"MAE",14.7429082706214,"ok","",860,774,86,234033403,5253474,"67e11c52ee607cf9388adf8ecee94ec1",0.146999999999935
"pa_repos","Knn",8,"RMSE",19.1922222618653,"ok","",860,774,86,234033403,214904320,"67e11c52ee607cf9388adf8ecee94ec1",0.0220000000001619
"pa_repos","Knn",8,"MAE",15.5674418604651,"ok","",860,774,86,234033403,214904320,"67e11c52ee607cf9388adf8ecee94ec1",0.0220000000001619
"pa_repos","ACP",8,"RMSE",19.2651360854213,"ok","",860,774,86,234033403,192657090,"67e11c52ee607cf9388adf8ecee94ec1",0.0209999999999582
"pa_repos","ACP",8,"MAE",15.5255319584863,"ok","",860,774,86,234033403,192657090,"67e11c52ee607cf9388adf8ecee94ec1",0.0209999999999582
"pa_repos","EM",8,"RMSE",17.6976716739204,"ok","",860,774,86,234033403,142015961,"67e11c52ee607cf9388adf8ecee94ec1",0.247000000000071
"pa_repos","EM",8,"MAE",14.4081528754897,"ok","",860,774,86,234033403,142015961,"67e11c52ee607cf9388adf8ecee94ec1",0.247000000000071
"pa_repos","AFDM",8,"RMSE",17.7926768279549,"ok","",860,774,86,234033403,165871547,"67e11c52ee607cf9388adf8ecee94ec1",0.0349999999998545
"pa_repos","AFDM",8,"MAE",14.8042258087575,"ok","",860,774,86,234033403,165871547,"67e11c52ee607cf9388adf8ecee94ec1",0.0349999999998545
"pa_repos","mice",8,"RMSE",17.6966032741275,"ok","",860,774,86,234033403,57151502,"67e11c52ee607cf9388adf8ecee94ec1",0.0790000000001783
"pa_repos","mice",8,"MAE",14.206976744186,"ok","",860,774,86,234033403,57151502,"67e11c52ee607cf9388adf8ecee94ec1",0.0790000000001783
"cholesterol","mean",8,"RMSE",50.2585888978948,"ok","",718,647,71,220375574,211959751,"58eabbc25342257150649a59445e8b5e",0
"cholesterol","mean",8,"MAE",39.0825260683109,"ok","",718,647,71,220375574,211959751,"58eabbc25342257150649a59445e8b5e",0
"cholesterol","median",8,"RMSE",50.6544493547864,"ok","",718,647,71,220375574,234264064,"58eabbc25342257150649a59445e8b5e",0
"cholesterol","median",8,"MAE",38.887323943662,"ok","",718,647,71,220375574,234264064,"58eabbc25342257150649a59445e8b5e",0
"cholesterol","mode",8,"RMSE",56.794291520326,"ok","",718,647,71,220375574,231281338,"58eabbc25342257150649a59445e8b5e",0.000999999999976353
"cholesterol","mode",8,"MAE",42.6056338028169,"ok","",718,647,71,220375574,231281338,"58eabbc25342257150649a59445e8b5e",0.000999999999976353
"cholesterol","RandomForest",8,"RMSE",49.3391068695287,"ok","",718,647,71,220375574,131035268,"58eabbc25342257150649a59445e8b5e",0.123000000000047
"cholesterol","RandomForest",8,"MAE",39.6477717972695,"ok","",718,647,71,220375574,131035268,"58eabbc25342257150649a59445e8b5e",0.123000000000047
"cholesterol","Knn",8,"RMSE",58.8426404746436,"ok","",718,647,71,220375574,40392716,"58eabbc25342257150649a59445e8b5e",0.0130000000001473
"cholesterol","Knn",8,"MAE",47.4647887323944,"ok","",718,647,71,220375574,40392716,"58eabbc25342257150649a59445e8b5e",0.0130000000001473
"cholesterol","ACP",8,"RMSE",54.9455128227654,"ok","",718,647,71,220375574,195199608,"58eabbc25342257150649a59445e8b5e",0.0229999999999109
"cholesterol","ACP",8,"MAE",40.9631808926848,"ok","",718,647,71,220375574,195199608,"58eabbc25342257150649a59445e8b5e",0.0229999999999109
"cholesterol","EM",8,"RMSE",50.5528249915038,"ok","",718,647,71,220375574,68213133,"58eabbc25342257150649a59445e8b5e",0.0779999999999745
"cholesterol","EM",8,"MAE",39.0836844931529,"ok","",718,647,71,220375574,68213133,"58eabbc25342257150649a59445e8b5e",0.0779999999999745
"cholesterol","AFDM",8,"RMSE",50.6462905252692,"ok","",718,647,71,220375574,171878589,"58eabbc25342257150649a59445e8b5e",0.04099999999994
"cholesterol","AFDM",8,"MAE",39.2020409357487,"ok","",718,647,71,220375574,171878589,"58eabbc25342257150649a59445e8b5e",0.04099999999994
"cholesterol","mice",8,"RMSE",52.562606533864,"ok","",718,647,71,220375574,92998822,"58eabbc25342257150649a59445e8b5e",0.0860000000000127
"cholesterol","mice",8,"MAE",43.3098591549296,"ok","",718,647,71,220375574,92998822,"58eabbc25342257150649a59445e8b5e",0.0860000000000127
"glyc_jeun_elevee","mean",8,"indisponible",NA,"non_applicable","non_applicable : moyenne pour cible quantitative seulement",830,747,83,98536112,136138605,"1c38a0d306e6259f9dd9c50ed7e09610",0
"glyc_jeun_elevee","median",8,"indisponible",NA,"non_applicable","non_applicable : médiane sans sens pour cible nominale",830,747,83,98536112,197637780,"1c38a0d306e6259f9dd9c50ed7e09610",0
"glyc_jeun_elevee","mode",8,"taux_erreur",0.204819277108434,"ok","",830,747,83,98536112,22374771,"1c38a0d306e6259f9dd9c50ed7e09610",0.000999999999976353
"glyc_jeun_elevee","mode",8,"accuracy",0.795180722891566,"ok","",830,747,83,98536112,22374771,"1c38a0d306e6259f9dd9c50ed7e09610",0.000999999999976353
"glyc_jeun_elevee","RandomForest",8,"taux_erreur",0.204819277108434,"ok","",830,747,83,98536112,224965665,"1c38a0d306e6259f9dd9c50ed7e09610",0.100000000000136
"glyc_jeun_elevee","RandomForest",8,"accuracy",0.795180722891566,"ok","",830,747,83,98536112,224965665,"1c38a0d306e6259f9dd9c50ed7e09610",0.100000000000136
"glyc_jeun_elevee","Knn",8,"taux_erreur",0.228915662650602,"ok","",830,747,83,98536112,169667824,"1c38a0d306e6259f9dd9c50ed7e09610",0.0289999999999964
"glyc_jeun_elevee","Knn",8,"accuracy",0.771084337349398,"ok","",830,747,83,98536112,169667824,"1c38a0d306e6259f9dd9c50ed7e09610",0.0289999999999964
"glyc_jeun_elevee","ACP",8,"taux_erreur",0.216867469879518,"ok","",830,747,83,98536112,10541120,"1c38a0d306e6259f9dd9c50ed7e09610",0.0289999999999964
"glyc_jeun_elevee","ACP",8,"accuracy",0.783132530120482,"ok","",830,747,83,98536112,10541120,"1c38a0d306e6259f9dd9c50ed7e09610",0.0289999999999964
"glyc_jeun_elevee","EM",8,"indisponible",NA,"non_applicable","non_applicable : EM gaussien pour cible quantitative seulement",830,747,83,98536112,228926910,"1c38a0d306e6259f9dd9c50ed7e09610",0.000999999999976353
"glyc_jeun_elevee","AFDM",8,"taux_erreur",0.204819277108434,"ok","",830,747,83,98536112,165112527,"1c38a0d306e6259f9dd9c50ed7e09610",0.0460000000000491
"glyc_jeun_elevee","AFDM",8,"accuracy",0.795180722891566,"ok","",830,747,83,98536112,165112527,"1c38a0d306e6259f9dd9c50ed7e09610",0.0460000000000491
"glyc_jeun_elevee","mice",8,"taux_erreur",0.204819277108434,"ok","",830,747,83,98536112,58613705,"1c38a0d306e6259f9dd9c50ed7e09610",0.451000000000022
"glyc_jeun_elevee","mice",8,"accuracy",0.795180722891566,"ok","",830,747,83,98536112,58613705,"1c38a0d306e6259f9dd9c50ed7e09610",0.451000000000022
"ecg_repos","mean",8,"indisponible",NA,"non_applicable","non_applicable : moyenne pour cible quantitative seulement",918,827,91,1260892,96588959,"efdd6ae1a74688619ab04f1a1dfbfd18",0
"ecg_repos","median",8,"indisponible",NA,"non_applicable","non_applicable : médiane sans sens pour cible nominale",918,827,91,1260892,250692636,"efdd6ae1a74688619ab04f1a1dfbfd18",0.000999999999976353
"ecg_repos","mode",8,"taux_erreur",0.417582417582418,"ok","",918,827,91,1260892,208415887,"efdd6ae1a74688619ab04f1a1dfbfd18",0.000999999999976353
"ecg_repos","mode",8,"accuracy",0.582417582417582,"ok","",918,827,91,1260892,208415887,"efdd6ae1a74688619ab04f1a1dfbfd18",0.000999999999976353
"ecg_repos","RandomForest",8,"taux_erreur",0.406593406593407,"ok","",918,827,91,1260892,38433475,"efdd6ae1a74688619ab04f1a1dfbfd18",0.138999999999896
"ecg_repos","RandomForest",8,"accuracy",0.593406593406593,"ok","",918,827,91,1260892,38433475,"efdd6ae1a74688619ab04f1a1dfbfd18",0.138999999999896
"ecg_repos","Knn",8,"taux_erreur",0.494505494505495,"ok","",918,827,91,1260892,198116548,"efdd6ae1a74688619ab04f1a1dfbfd18",0.0229999999999109
"ecg_repos","Knn",8,"accuracy",0.505494505494505,"ok","",918,827,91,1260892,198116548,"efdd6ae1a74688619ab04f1a1dfbfd18",0.0229999999999109
"ecg_repos","ACP",8,"taux_erreur",0.450549450549451,"ok","",918,827,91,1260892,25917587,"efdd6ae1a74688619ab04f1a1dfbfd18",0.0229999999999109
"ecg_repos","ACP",8,"accuracy",0.549450549450549,"ok","",918,827,91,1260892,25917587,"efdd6ae1a74688619ab04f1a1dfbfd18",0.0229999999999109
"ecg_repos","EM",8,"indisponible",NA,"non_applicable","non_applicable : EM gaussien pour cible quantitative seulement",918,827,91,1260892,241022996,"efdd6ae1a74688619ab04f1a1dfbfd18",0.000999999999976353
"ecg_repos","AFDM",8,"taux_erreur",0.461538461538462,"ok","",918,827,91,1260892,128679075,"efdd6ae1a74688619ab04f1a1dfbfd18",0.0550000000000637
"ecg_repos","AFDM",8,"accuracy",0.538461538461538,"ok","",918,827,91,1260892,128679075,"efdd6ae1a74688619ab04f1a1dfbfd18",0.0550000000000637
"ecg_repos","mice",8,"taux_erreur",0.406593406593407,"ok","",918,827,91,1260892,134005248,"efdd6ae1a74688619ab04f1a1dfbfd18",0.348999999999933
"ecg_repos","mice",8,"accuracy",0.593406593406593,"ok","",918,827,91,1260892,134005248,"efdd6ae1a74688619ab04f1a1dfbfd18",0.348999999999933
"fc_max","mean",8,"RMSE",24.5061742160622,"ok","",865,779,86,268346630,206836311,"d02b7a6443420c2eb4033206f74aa9a6",0
"fc_max","mean",8,"MAE",19.2964295310028,"ok","",865,779,86,268346630,206836311,"d02b7a6443420c2eb4033206f74aa9a6",0
"fc_max","median",8,"RMSE",24.9093706099943,"ok","",865,779,86,268346630,8660423,"d02b7a6443420c2eb4033206f74aa9a6",0
"fc_max","median",8,"MAE",19.2906976744186,"ok","",865,779,86,268346630,8660423,"d02b7a6443420c2eb4033206f74aa9a6",0
"fc_max","mode",8,"RMSE",28.9307513226501,"ok","",865,779,86,268346630,87325639,"d02b7a6443420c2eb4033206f74aa9a6",0.000999999999976353
"fc_max","mode",8,"MAE",21.9651162790698,"ok","",865,779,86,268346630,87325639,"d02b7a6443420c2eb4033206f74aa9a6",0.000999999999976353
"fc_max","RandomForest",8,"RMSE",21.3686143632801,"ok","",865,779,86,268346630,47608048,"d02b7a6443420c2eb4033206f74aa9a6",0.135999999999967
"fc_max","RandomForest",8,"MAE",16.5671959066667,"ok","",865,779,86,268346630,47608048,"d02b7a6443420c2eb4033206f74aa9a6",0.135999999999967
"fc_max","Knn",8,"RMSE",23.3210554629712,"ok","",865,779,86,268346630,24711283,"d02b7a6443420c2eb4033206f74aa9a6",0.04099999999994
"fc_max","Knn",8,"MAE",18.2790697674419,"ok","",865,779,86,268346630,24711283,"d02b7a6443420c2eb4033206f74aa9a6",0.04099999999994
"fc_max","ACP",8,"RMSE",48.3446135891788,"ok","",865,779,86,268346630,54029020,"d02b7a6443420c2eb4033206f74aa9a6",0.0199999999999818
"fc_max","ACP",8,"MAE",41.2029310224122,"ok","",865,779,86,268346630,54029020,"d02b7a6443420c2eb4033206f74aa9a6",0.0199999999999818
"fc_max","EM",8,"RMSE",23.0201446556827,"ok","",865,779,86,268346630,67101889,"d02b7a6443420c2eb4033206f74aa9a6",0.251000000000204
"fc_max","EM",8,"MAE",18.7598529428904,"ok","",865,779,86,268346630,67101889,"d02b7a6443420c2eb4033206f74aa9a6",0.251000000000204
"fc_max","AFDM",8,"RMSE",22.1640829719502,"ok","",865,779,86,268346630,88377092,"d02b7a6443420c2eb4033206f74aa9a6",0.0370000000000346
"fc_max","AFDM",8,"MAE",16.7182526048683,"ok","",865,779,86,268346630,88377092,"d02b7a6443420c2eb4033206f74aa9a6",0.0370000000000346
"fc_max","mice",8,"RMSE",23.9195064894256,"ok","",865,779,86,268346630,237616091,"d02b7a6443420c2eb4033206f74aa9a6",0.0759999999997945
"fc_max","mice",8,"MAE",18.5232558139535,"ok","",865,779,86,268346630,237616091,"d02b7a6443420c2eb4033206f74aa9a6",0.0759999999997945
"angine_effort","mean",8,"indisponible",NA,"non_applicable","non_applicable : moyenne pour cible quantitative seulement",865,779,86,177989243,147936690,"b65c052ed6d0adff29f6834b6ec45a5e",0.000999999999976353
"angine_effort","median",8,"indisponible",NA,"non_applicable","non_applicable : médiane sans sens pour cible nominale",865,779,86,177989243,3875052,"b65c052ed6d0adff29f6834b6ec45a5e",0
"angine_effort","mode",8,"taux_erreur",0.465116279069767,"ok","",865,779,86,177989243,221303732,"b65c052ed6d0adff29f6834b6ec45a5e",0
"angine_effort","mode",8,"accuracy",0.534883720930233,"ok","",865,779,86,177989243,221303732,"b65c052ed6d0adff29f6834b6ec45a5e",0
"angine_effort","RandomForest",8,"taux_erreur",0.244186046511628,"ok","",865,779,86,177989243,242141964,"b65c052ed6d0adff29f6834b6ec45a5e",0.105000000000018
"angine_effort","RandomForest",8,"accuracy",0.755813953488372,"ok","",865,779,86,177989243,242141964,"b65c052ed6d0adff29f6834b6ec45a5e",0.105000000000018
"angine_effort","Knn",8,"taux_erreur",0.244186046511628,"ok","",865,779,86,177989243,202815935,"b65c052ed6d0adff29f6834b6ec45a5e",0.0219999999999345
"angine_effort","Knn",8,"accuracy",0.755813953488372,"ok","",865,779,86,177989243,202815935,"b65c052ed6d0adff29f6834b6ec45a5e",0.0219999999999345
"angine_effort","ACP",8,"taux_erreur",0.465116279069767,"ok","",865,779,86,177989243,244621208,"b65c052ed6d0adff29f6834b6ec45a5e",0.0209999999999582
"angine_effort","ACP",8,"accuracy",0.534883720930233,"ok","",865,779,86,177989243,244621208,"b65c052ed6d0adff29f6834b6ec45a5e",0.0209999999999582
"angine_effort","EM",8,"indisponible",NA,"non_applicable","non_applicable : EM gaussien pour cible quantitative seulement",865,779,86,177989243,6852281,"b65c052ed6d0adff29f6834b6ec45a5e",0
"angine_effort","AFDM",8,"taux_erreur",0.267441860465116,"ok","",865,779,86,177989243,153296633,"b65c052ed6d0adff29f6834b6ec45a5e",0.0460000000000491
"angine_effort","AFDM",8,"accuracy",0.732558139534884,"ok","",865,779,86,177989243,153296633,"b65c052ed6d0adff29f6834b6ec45a5e",0.0460000000000491
"angine_effort","mice",8,"taux_erreur",0.290697674418605,"ok","",865,779,86,177989243,165317344,"b65c052ed6d0adff29f6834b6ec45a5e",0.171000000000049
"angine_effort","mice",8,"accuracy",0.709302325581395,"ok","",865,779,86,177989243,165317344,"b65c052ed6d0adff29f6834b6ec45a5e",0.171000000000049
"depress_st","mean",8,"RMSE",1.2724555198552,"ok","",858,773,85,78473185,149160310,"ba0c908b057bffceab5322c3d61bcdf6",0.00100000000020373
"depress_st","mean",8,"MAE",0.980016741496081,"ok","",858,773,85,78473185,149160310,"ba0c908b057bffceab5322c3d61bcdf6",0.00100000000020373
"depress_st","median",8,"RMSE",1.35129567452871,"ok","",858,773,85,78473185,223460609,"ba0c908b057bffceab5322c3d61bcdf6",0
"depress_st","median",8,"MAE",0.944705882352941,"ok","",858,773,85,78473185,223460609,"ba0c908b057bffceab5322c3d61bcdf6",0
"depress_st","mode",8,"RMSE",1.59395918465717,"ok","",858,773,85,78473185,43664720,"ba0c908b057bffceab5322c3d61bcdf6",0.000999999999976353
"depress_st","mode",8,"MAE",0.964705882352941,"ok","",858,773,85,78473185,43664720,"ba0c908b057bffceab5322c3d61bcdf6",0.000999999999976353
"depress_st","RandomForest",8,"RMSE",0.970992130830989,"ok","",858,773,85,78473185,41223297,"ba0c908b057bffceab5322c3d61bcdf6",0.132000000000062
"depress_st","RandomForest",8,"MAE",0.680166099516021,"ok","",858,773,85,78473185,41223297,"ba0c908b057bffceab5322c3d61bcdf6",0.132000000000062
"depress_st","Knn",8,"RMSE",1.02196811277525,"ok","",858,773,85,78473185,134216958,"ba0c908b057bffceab5322c3d61bcdf6",0.0229999999999109
"depress_st","Knn",8,"MAE",0.684470588235294,"ok","",858,773,85,78473185,134216958,"ba0c908b057bffceab5322c3d61bcdf6",0.0229999999999109
"depress_st","ACP",8,"RMSE",1.77401003933921,"ok","",858,773,85,78473185,104616620,"ba0c908b057bffceab5322c3d61bcdf6",0.0150000000001
"depress_st","ACP",8,"MAE",1.52370498523739,"ok","",858,773,85,78473185,104616620,"ba0c908b057bffceab5322c3d61bcdf6",0.0150000000001
"depress_st","EM",8,"RMSE",1.18842390279617,"ok","",858,773,85,78473185,212486479,"ba0c908b057bffceab5322c3d61bcdf6",0.214999999999918
"depress_st","EM",8,"MAE",0.897155567300876,"ok","",858,773,85,78473185,212486479,"ba0c908b057bffceab5322c3d61bcdf6",0.214999999999918
"depress_st","AFDM",8,"RMSE",1.10995158463475,"ok","",858,773,85,78473185,57571609,"ba0c908b057bffceab5322c3d61bcdf6",0.0370000000000346
"depress_st","AFDM",8,"MAE",0.808986010908399,"ok","",858,773,85,78473185,57571609,"ba0c908b057bffceab5322c3d61bcdf6",0.0370000000000346
"depress_st","mice",8,"RMSE",1.07096218420633,"ok","",858,773,85,78473185,47835861,"ba0c908b057bffceab5322c3d61bcdf6",0.0730000000000928
"depress_st","mice",8,"MAE",0.777647058823529,"ok","",858,773,85,78473185,47835861,"ba0c908b057bffceab5322c3d61bcdf6",0.0730000000000928
"pente_st","mean",8,"indisponible",NA,"non_applicable","non_applicable : moyenne pour cible quantitative seulement",611,550,61,76058845,16930746,"42daf1df5a14b681ef738d5b5895ddc2",0
"pente_st","median",8,"taux_erreur",0.442622950819672,"ok","",611,550,61,76058845,151204504,"42daf1df5a14b681ef738d5b5895ddc2",0.000999999999976353
"pente_st","median",8,"accuracy",0.557377049180328,"ok","",611,550,61,76058845,151204504,"42daf1df5a14b681ef738d5b5895ddc2",0.000999999999976353
"pente_st","median",8,"RMSE",0.665299143859116,"ok","",611,550,61,76058845,151204504,"42daf1df5a14b681ef738d5b5895ddc2",0.000999999999976353
"pente_st","median",8,"MAE",0.442622950819672,"ok","",611,550,61,76058845,151204504,"42daf1df5a14b681ef738d5b5895ddc2",0.000999999999976353
"pente_st","mode",8,"taux_erreur",0.442622950819672,"ok","",611,550,61,76058845,158659105,"42daf1df5a14b681ef738d5b5895ddc2",0.000999999999976353
"pente_st","mode",8,"accuracy",0.557377049180328,"ok","",611,550,61,76058845,158659105,"42daf1df5a14b681ef738d5b5895ddc2",0.000999999999976353
"pente_st","mode",8,"RMSE",0.665299143859116,"ok","",611,550,61,76058845,158659105,"42daf1df5a14b681ef738d5b5895ddc2",0.000999999999976353
"pente_st","mode",8,"MAE",0.442622950819672,"ok","",611,550,61,76058845,158659105,"42daf1df5a14b681ef738d5b5895ddc2",0.000999999999976353
"pente_st","RandomForest",8,"taux_erreur",0.311475409836066,"ok","",611,550,61,76058845,120085208,"42daf1df5a14b681ef738d5b5895ddc2",0.101000000000113
"pente_st","RandomForest",8,"accuracy",0.688524590163934,"ok","",611,550,61,76058845,120085208,"42daf1df5a14b681ef738d5b5895ddc2",0.101000000000113
"pente_st","RandomForest",8,"RMSE",0.558099820673744,"ok","",611,550,61,76058845,120085208,"42daf1df5a14b681ef738d5b5895ddc2",0.101000000000113
"pente_st","RandomForest",8,"MAE",0.311475409836066,"ok","",611,550,61,76058845,120085208,"42daf1df5a14b681ef738d5b5895ddc2",0.101000000000113
"pente_st","Knn",8,"taux_erreur",0.344262295081967,"ok","",611,550,61,76058845,243005658,"42daf1df5a14b681ef738d5b5895ddc2",0.02800000000002
"pente_st","Knn",8,"accuracy",0.655737704918033,"ok","",611,550,61,76058845,243005658,"42daf1df5a14b681ef738d5b5895ddc2",0.02800000000002
"pente_st","Knn",8,"RMSE",0.62725004818718,"ok","",611,550,61,76058845,243005658,"42daf1df5a14b681ef738d5b5895ddc2",0.02800000000002
"pente_st","Knn",8,"MAE",0.360655737704918,"ok","",611,550,61,76058845,243005658,"42daf1df5a14b681ef738d5b5895ddc2",0.02800000000002
"pente_st","ACP",8,"taux_erreur",0.557377049180328,"ok","",611,550,61,76058845,2876187,"42daf1df5a14b681ef738d5b5895ddc2",0.0340000000001055
"pente_st","ACP",8,"accuracy",0.442622950819672,"ok","",611,550,61,76058845,2876187,"42daf1df5a14b681ef738d5b5895ddc2",0.0340000000001055
"pente_st","ACP",8,"RMSE",0.896258159530272,"ok","",611,550,61,76058845,2876187,"42daf1df5a14b681ef738d5b5895ddc2",0.0340000000001055
"pente_st","ACP",8,"MAE",0.639344262295082,"ok","",611,550,61,76058845,2876187,"42daf1df5a14b681ef738d5b5895ddc2",0.0340000000001055
"pente_st","EM",8,"indisponible",NA,"non_applicable","non_applicable : EM gaussien pour cible quantitative seulement",611,550,61,76058845,147696425,"42daf1df5a14b681ef738d5b5895ddc2",0.000999999999976353
"pente_st","AFDM",8,"taux_erreur",0.409836065573771,"ok","",611,550,61,76058845,67423336,"42daf1df5a14b681ef738d5b5895ddc2",0.0640000000000782
"pente_st","AFDM",8,"accuracy",0.590163934426229,"ok","",611,550,61,76058845,67423336,"42daf1df5a14b681ef738d5b5895ddc2",0.0640000000000782
"pente_st","AFDM",8,"RMSE",0.64018439966448,"ok","",611,550,61,76058845,67423336,"42daf1df5a14b681ef738d5b5895ddc2",0.0640000000000782
"pente_st","AFDM",8,"MAE",0.409836065573771,"ok","",611,550,61,76058845,67423336,"42daf1df5a14b681ef738d5b5895ddc2",0.0640000000000782
"pente_st","mice",8,"taux_erreur",0.39344262295082,"ok","",611,550,61,76058845,8411658,"42daf1df5a14b681ef738d5b5895ddc2",0.301999999999907
"pente_st","mice",8,"accuracy",0.60655737704918,"ok","",611,550,61,76058845,8411658,"42daf1df5a14b681ef738d5b5895ddc2",0.301999999999907
"pente_st","mice",8,"RMSE",0.665299143859116,"ok","",611,550,61,76058845,8411658,"42daf1df5a14b681ef738d5b5895ddc2",0.301999999999907
"pente_st","mice",8,"MAE",0.409836065573771,"ok","",611,550,61,76058845,8411658,"42daf1df5a14b681ef738d5b5895ddc2",0.301999999999907
"nb_vaisseaux","mean",8,"indisponible",NA,"non_applicable","non_applicable : moyenne pour cible quantitative seulement",309,279,30,198428925,238637651,"3d1ff4612532de2574964ce727b11229",0.000999999999976353
"nb_vaisseaux","median",8,"taux_erreur",0.4,"ok","",309,279,30,198428925,262661642,"3d1ff4612532de2574964ce727b11229",0.000999999999976353
"nb_vaisseaux","median",8,"accuracy",0.6,"ok","",309,279,30,198428925,262661642,"3d1ff4612532de2574964ce727b11229",0.000999999999976353
"nb_vaisseaux","median",8,"RMSE",1.03279555898864,"ok","",309,279,30,198428925,262661642,"3d1ff4612532de2574964ce727b11229",0.000999999999976353
"nb_vaisseaux","median",8,"MAE",0.6,"ok","",309,279,30,198428925,262661642,"3d1ff4612532de2574964ce727b11229",0.000999999999976353
"nb_vaisseaux","mode",8,"taux_erreur",0.4,"ok","",309,279,30,198428925,162966336,"3d1ff4612532de2574964ce727b11229",0.00100000000020373
"nb_vaisseaux","mode",8,"accuracy",0.6,"ok","",309,279,30,198428925,162966336,"3d1ff4612532de2574964ce727b11229",0.00100000000020373
"nb_vaisseaux","mode",8,"RMSE",1.03279555898864,"ok","",309,279,30,198428925,162966336,"3d1ff4612532de2574964ce727b11229",0.00100000000020373
"nb_vaisseaux","mode",8,"MAE",0.6,"ok","",309,279,30,198428925,162966336,"3d1ff4612532de2574964ce727b11229",0.00100000000020373
"nb_vaisseaux","RandomForest",8,"taux_erreur",0.366666666666667,"ok","",309,279,30,198428925,181771482,"3d1ff4612532de2574964ce727b11229",0.0639999999998508
"nb_vaisseaux","RandomForest",8,"accuracy",0.633333333333333,"ok","",309,279,30,198428925,181771482,"3d1ff4612532de2574964ce727b11229",0.0639999999998508
"nb_vaisseaux","RandomForest",8,"RMSE",1.01653004546513,"ok","",309,279,30,198428925,181771482,"3d1ff4612532de2574964ce727b11229",0.0639999999998508
"nb_vaisseaux","RandomForest",8,"MAE",0.566666666666667,"ok","",309,279,30,198428925,181771482,"3d1ff4612532de2574964ce727b11229",0.0639999999998508
"nb_vaisseaux","Knn",8,"taux_erreur",0.433333333333333,"ok","",309,279,30,198428925,131380065,"3d1ff4612532de2574964ce727b11229",0.0170000000000528
"nb_vaisseaux","Knn",8,"accuracy",0.566666666666667,"ok","",309,279,30,198428925,131380065,"3d1ff4612532de2574964ce727b11229",0.0170000000000528
"nb_vaisseaux","Knn",8,"RMSE",1.04880884817015,"ok","",309,279,30,198428925,131380065,"3d1ff4612532de2574964ce727b11229",0.0170000000000528
"nb_vaisseaux","Knn",8,"MAE",0.633333333333333,"ok","",309,279,30,198428925,131380065,"3d1ff4612532de2574964ce727b11229",0.0170000000000528
"nb_vaisseaux","ACP",8,"taux_erreur",0.4,"ok","",309,279,30,198428925,259286993,"3d1ff4612532de2574964ce727b11229",0.0160000000000764
"nb_vaisseaux","ACP",8,"accuracy",0.6,"ok","",309,279,30,198428925,259286993,"3d1ff4612532de2574964ce727b11229",0.0160000000000764
"nb_vaisseaux","ACP",8,"RMSE",0.983192080250175,"ok","",309,279,30,198428925,259286993,"3d1ff4612532de2574964ce727b11229",0.0160000000000764
"nb_vaisseaux","ACP",8,"MAE",0.566666666666667,"ok","",309,279,30,198428925,259286993,"3d1ff4612532de2574964ce727b11229",0.0160000000000764
"nb_vaisseaux","EM",8,"indisponible",NA,"non_applicable","non_applicable : EM gaussien pour cible quantitative seulement",309,279,30,198428925,40487507,"3d1ff4612532de2574964ce727b11229",0
"nb_vaisseaux","AFDM",8,"taux_erreur",0.433333333333333,"ok","",309,279,30,198428925,187272528,"3d1ff4612532de2574964ce727b11229",0.0320000000001528
"nb_vaisseaux","AFDM",8,"accuracy",0.566666666666667,"ok","",309,279,30,198428925,187272528,"3d1ff4612532de2574964ce727b11229",0.0320000000001528
"nb_vaisseaux","AFDM",8,"RMSE",0.912870929175277,"ok","",309,279,30,198428925,187272528,"3d1ff4612532de2574964ce727b11229",0.0320000000001528
"nb_vaisseaux","AFDM",8,"MAE",0.566666666666667,"ok","",309,279,30,198428925,187272528,"3d1ff4612532de2574964ce727b11229",0.0320000000001528
"nb_vaisseaux","mice",8,"taux_erreur",0.366666666666667,"ok","",309,279,30,198428925,34052270,"3d1ff4612532de2574964ce727b11229",0.269000000000005
"nb_vaisseaux","mice",8,"accuracy",0.633333333333333,"ok","",309,279,30,198428925,34052270,"3d1ff4612532de2574964ce727b11229",0.269000000000005
"nb_vaisseaux","mice",8,"RMSE",0.966091783079296,"ok","",309,279,30,198428925,34052270,"3d1ff4612532de2574964ce727b11229",0.269000000000005
"nb_vaisseaux","mice",8,"MAE",0.533333333333333,"ok","",309,279,30,198428925,34052270,"3d1ff4612532de2574964ce727b11229",0.269000000000005
"test_thallium","mean",8,"indisponible",NA,"non_applicable","non_applicable : moyenne pour cible quantitative seulement",434,391,43,84781069,138610725,"8d7f196f0ad40e06f753faf0fd4c1f9f",0.000999999999976353
"test_thallium","median",8,"indisponible",NA,"non_applicable","non_applicable : médiane sans sens pour cible nominale",434,391,43,84781069,28084970,"8d7f196f0ad40e06f753faf0fd4c1f9f",0.000999999999976353
"test_thallium","mode",8,"taux_erreur",0.651162790697674,"ok","",434,391,43,84781069,139579667,"8d7f196f0ad40e06f753faf0fd4c1f9f",0.000999999999976353
"test_thallium","mode",8,"accuracy",0.348837209302326,"ok","",434,391,43,84781069,139579667,"8d7f196f0ad40e06f753faf0fd4c1f9f",0.000999999999976353
"test_thallium","RandomForest",8,"taux_erreur",0.232558139534884,"ok","",434,391,43,84781069,36440291,"8d7f196f0ad40e06f753faf0fd4c1f9f",0.0839999999998327
"test_thallium","RandomForest",8,"accuracy",0.767441860465116,"ok","",434,391,43,84781069,36440291,"8d7f196f0ad40e06f753faf0fd4c1f9f",0.0839999999998327
"test_thallium","Knn",8,"taux_erreur",0.302325581395349,"ok","",434,391,43,84781069,125064479,"8d7f196f0ad40e06f753faf0fd4c1f9f",0.0190000000000055
"test_thallium","Knn",8,"accuracy",0.697674418604651,"ok","",434,391,43,84781069,125064479,"8d7f196f0ad40e06f753faf0fd4c1f9f",0.0190000000000055
"test_thallium","ACP",8,"taux_erreur",0.302325581395349,"ok","",434,391,43,84781069,85624790,"8d7f196f0ad40e06f753faf0fd4c1f9f",0.0179999999998017
"test_thallium","ACP",8,"accuracy",0.697674418604651,"ok","",434,391,43,84781069,85624790,"8d7f196f0ad40e06f753faf0fd4c1f9f",0.0179999999998017
"test_thallium","EM",8,"indisponible",NA,"non_applicable","non_applicable : EM gaussien pour cible quantitative seulement",434,391,43,84781069,84145968,"8d7f196f0ad40e06f753faf0fd4c1f9f",0
"test_thallium","AFDM",8,"taux_erreur",0.27906976744186,"ok","",434,391,43,84781069,36671646,"8d7f196f0ad40e06f753faf0fd4c1f9f",0.0459999999998217
"test_thallium","AFDM",8,"accuracy",0.720930232558139,"ok","",434,391,43,84781069,36671646,"8d7f196f0ad40e06f753faf0fd4c1f9f",0.0459999999998217
"test_thallium","mice",8,"taux_erreur",0.418604651162791,"ok","",434,391,43,84781069,50381689,"8d7f196f0ad40e06f753faf0fd4c1f9f",0.242999999999938
"test_thallium","mice",8,"accuracy",0.581395348837209,"ok","",434,391,43,84781069,50381689,"8d7f196f0ad40e06f753faf0fd4c1f9f",0.242999999999938
"pa_repos","mean",9,"RMSE",18.9961141892829,"ok","",860,774,86,203518517,137570567,"1b20ee542b10de752fe0e35d39d55cd8",0.000999999999976353
"pa_repos","mean",9,"MAE",15.1550988522324,"ok","",860,774,86,203518517,137570567,"1b20ee542b10de752fe0e35d39d55cd8",0.000999999999976353
"pa_repos","median",9,"RMSE",19.1878716538508,"ok","",860,774,86,203518517,146709937,"1b20ee542b10de752fe0e35d39d55cd8",0
"pa_repos","median",9,"MAE",14.8953488372093,"ok","",860,774,86,203518517,146709937,"1b20ee542b10de752fe0e35d39d55cd8",0
"pa_repos","mode",9,"RMSE",22.8755480300346,"ok","",860,774,86,203518517,133002757,"1b20ee542b10de752fe0e35d39d55cd8",0.000999999999976353
"pa_repos","mode",9,"MAE",17.1511627906977,"ok","",860,774,86,203518517,133002757,"1b20ee542b10de752fe0e35d39d55cd8",0.000999999999976353
"pa_repos","RandomForest",9,"RMSE",19.5516081873674,"ok","",860,774,86,203518517,250037339,"1b20ee542b10de752fe0e35d39d55cd8",0.15300000000002
"pa_repos","RandomForest",9,"MAE",15.3872271432171,"ok","",860,774,86,203518517,250037339,"1b20ee542b10de752fe0e35d39d55cd8",0.15300000000002
"pa_repos","Knn",9,"RMSE",20.3086074087743,"ok","",860,774,86,203518517,200863870,"1b20ee542b10de752fe0e35d39d55cd8",0.0250000000000909
"pa_repos","Knn",9,"MAE",15.8581395348837,"ok","",860,774,86,203518517,200863870,"1b20ee542b10de752fe0e35d39d55cd8",0.0250000000000909
"pa_repos","ACP",9,"RMSE",20.097233775937,"ok","",860,774,86,203518517,45634392,"1b20ee542b10de752fe0e35d39d55cd8",0.0239999999998872
"pa_repos","ACP",9,"MAE",15.5436513221928,"ok","",860,774,86,203518517,45634392,"1b20ee542b10de752fe0e35d39d55cd8",0.0239999999998872
"pa_repos","EM",9,"RMSE",19.2146797666885,"ok","",860,774,86,203518517,81165596,"1b20ee542b10de752fe0e35d39d55cd8",0.241999999999962
"pa_repos","EM",9,"MAE",15.5955151299529,"ok","",860,774,86,203518517,81165596,"1b20ee542b10de752fe0e35d39d55cd8",0.241999999999962
"pa_repos","AFDM",9,"RMSE",18.9034368249018,"ok","",860,774,86,203518517,222988215,"1b20ee542b10de752fe0e35d39d55cd8",0.0360000000000582
"pa_repos","AFDM",9,"MAE",15.232181384519,"ok","",860,774,86,203518517,222988215,"1b20ee542b10de752fe0e35d39d55cd8",0.0360000000000582
"pa_repos","mice",9,"RMSE",20.6622225779432,"ok","",860,774,86,203518517,245123737,"1b20ee542b10de752fe0e35d39d55cd8",0.071999999999889
"pa_repos","mice",9,"MAE",16.4697674418605,"ok","",860,774,86,203518517,245123737,"1b20ee542b10de752fe0e35d39d55cd8",0.071999999999889
"cholesterol","mean",9,"RMSE",57.0804117223602,"ok","",718,647,71,102750305,103502875,"63abf41dfa12b167cdc025efd638fca0",0.000999999999976353
"cholesterol","mean",9,"MAE",43.3743605372575,"ok","",718,647,71,102750305,103502875,"63abf41dfa12b167cdc025efd638fca0",0.000999999999976353
"cholesterol","median",9,"RMSE",57.2575107318793,"ok","",718,647,71,102750305,257428310,"63abf41dfa12b167cdc025efd638fca0",0.000999999999976353
"cholesterol","median",9,"MAE",42.8169014084507,"ok","",718,647,71,102750305,257428310,"63abf41dfa12b167cdc025efd638fca0",0.000999999999976353
"cholesterol","mode",9,"RMSE",62.2634113614585,"ok","",718,647,71,102750305,185867710,"63abf41dfa12b167cdc025efd638fca0",0.00100000000020373
"cholesterol","mode",9,"MAE",45.6619718309859,"ok","",718,647,71,102750305,185867710,"63abf41dfa12b167cdc025efd638fca0",0.00100000000020373
"cholesterol","RandomForest",9,"RMSE",58.9296948731585,"ok","",718,647,71,102750305,166457777,"63abf41dfa12b167cdc025efd638fca0",0.139999999999873
"cholesterol","RandomForest",9,"MAE",44.7014612974742,"ok","",718,647,71,102750305,166457777,"63abf41dfa12b167cdc025efd638fca0",0.139999999999873
"cholesterol","Knn",9,"RMSE",60.2905733878574,"ok","",718,647,71,102750305,35039701,"63abf41dfa12b167cdc025efd638fca0",0.0140000000001237
"cholesterol","Knn",9,"MAE",44.2591549295775,"ok","",718,647,71,102750305,35039701,"63abf41dfa12b167cdc025efd638fca0",0.0140000000001237
"cholesterol","ACP",9,"RMSE",63.221638778589,"ok","",718,647,71,102750305,98187169,"63abf41dfa12b167cdc025efd638fca0",0.0139999999998963
"cholesterol","ACP",9,"MAE",45.8004935827065,"ok","",718,647,71,102750305,98187169,"63abf41dfa12b167cdc025efd638fca0",0.0139999999998963
"cholesterol","EM",9,"RMSE",57.0170631699434,"ok","",718,647,71,102750305,116124875,"63abf41dfa12b167cdc025efd638fca0",0.0779999999999745
"cholesterol","EM",9,"MAE",42.9262803335516,"ok","",718,647,71,102750305,116124875,"63abf41dfa12b167cdc025efd638fca0",0.0779999999999745
"cholesterol","AFDM",9,"RMSE",56.1375409753075,"ok","",718,647,71,102750305,38062903,"63abf41dfa12b167cdc025efd638fca0",0.0369999999998072
"cholesterol","AFDM",9,"MAE",42.1868637267903,"ok","",718,647,71,102750305,38062903,"63abf41dfa12b167cdc025efd638fca0",0.0369999999998072
"cholesterol","mice",9,"RMSE",65.055391349695,"ok","Number of logged events: 5 | mice : événements d'ajustement, voir contrôle des prédicteurs",718,647,71,102750305,192660127,"63abf41dfa12b167cdc025efd638fca0",0.08400000000006
"cholesterol","mice",9,"MAE",50.6028169014085,"ok","Number of logged events: 5 | mice : événements d'ajustement, voir contrôle des prédicteurs",718,647,71,102750305,192660127,"63abf41dfa12b167cdc025efd638fca0",0.08400000000006
"glyc_jeun_elevee","mean",9,"indisponible",NA,"non_applicable","non_applicable : moyenne pour cible quantitative seulement",830,747,83,156682163,209611641,"36aaf16d6be5d250b49133b393f8fb6d",0.000999999999976353
"glyc_jeun_elevee","median",9,"indisponible",NA,"non_applicable","non_applicable : médiane sans sens pour cible nominale",830,747,83,156682163,56755057,"36aaf16d6be5d250b49133b393f8fb6d",0.000999999999976353
"glyc_jeun_elevee","mode",9,"taux_erreur",0.156626506024096,"ok","",830,747,83,156682163,166915159,"36aaf16d6be5d250b49133b393f8fb6d",0.00100000000020373
"glyc_jeun_elevee","mode",9,"accuracy",0.843373493975904,"ok","",830,747,83,156682163,166915159,"36aaf16d6be5d250b49133b393f8fb6d",0.00100000000020373
"glyc_jeun_elevee","RandomForest",9,"taux_erreur",0.156626506024096,"ok","",830,747,83,156682163,172949262,"36aaf16d6be5d250b49133b393f8fb6d",0.110999999999876
"glyc_jeun_elevee","RandomForest",9,"accuracy",0.843373493975904,"ok","",830,747,83,156682163,172949262,"36aaf16d6be5d250b49133b393f8fb6d",0.110999999999876
"glyc_jeun_elevee","Knn",9,"taux_erreur",0.204819277108434,"ok","",830,747,83,156682163,160168289,"36aaf16d6be5d250b49133b393f8fb6d",0.0340000000001055
"glyc_jeun_elevee","Knn",9,"accuracy",0.795180722891566,"ok","",830,747,83,156682163,160168289,"36aaf16d6be5d250b49133b393f8fb6d",0.0340000000001055
"glyc_jeun_elevee","ACP",9,"taux_erreur",0.192771084337349,"ok","",830,747,83,156682163,114225397,"36aaf16d6be5d250b49133b393f8fb6d",0.0209999999999582
"glyc_jeun_elevee","ACP",9,"accuracy",0.807228915662651,"ok","",830,747,83,156682163,114225397,"36aaf16d6be5d250b49133b393f8fb6d",0.0209999999999582
"glyc_jeun_elevee","EM",9,"indisponible",NA,"non_applicable","non_applicable : EM gaussien pour cible quantitative seulement",830,747,83,156682163,263159909,"36aaf16d6be5d250b49133b393f8fb6d",0
"glyc_jeun_elevee","AFDM",9,"taux_erreur",0.180722891566265,"ok","",830,747,83,156682163,111365168,"36aaf16d6be5d250b49133b393f8fb6d",0.0510000000001583
"glyc_jeun_elevee","AFDM",9,"accuracy",0.819277108433735,"ok","",830,747,83,156682163,111365168,"36aaf16d6be5d250b49133b393f8fb6d",0.0510000000001583
"glyc_jeun_elevee","mice",9,"taux_erreur",0.240963855421687,"ok","",830,747,83,156682163,161944566,"36aaf16d6be5d250b49133b393f8fb6d",0.173000000000002
"glyc_jeun_elevee","mice",9,"accuracy",0.759036144578313,"ok","",830,747,83,156682163,161944566,"36aaf16d6be5d250b49133b393f8fb6d",0.173000000000002
"ecg_repos","mean",9,"indisponible",NA,"non_applicable","non_applicable : moyenne pour cible quantitative seulement",918,827,91,66782293,205406663,"64e595b283c14dacf16668793f5764f3",0
"ecg_repos","median",9,"indisponible",NA,"non_applicable","non_applicable : médiane sans sens pour cible nominale",918,827,91,66782293,492990,"64e595b283c14dacf16668793f5764f3",0
"ecg_repos","mode",9,"taux_erreur",0.384615384615385,"ok","",918,827,91,66782293,216749824,"64e595b283c14dacf16668793f5764f3",0.00199999999995271
"ecg_repos","mode",9,"accuracy",0.615384615384615,"ok","",918,827,91,66782293,216749824,"64e595b283c14dacf16668793f5764f3",0.00199999999995271
"ecg_repos","RandomForest",9,"taux_erreur",0.395604395604396,"ok","",918,827,91,66782293,176602745,"64e595b283c14dacf16668793f5764f3",0.130999999999858
"ecg_repos","RandomForest",9,"accuracy",0.604395604395604,"ok","",918,827,91,66782293,176602745,"64e595b283c14dacf16668793f5764f3",0.130999999999858
"ecg_repos","Knn",9,"taux_erreur",0.384615384615385,"ok","",918,827,91,66782293,9320956,"64e595b283c14dacf16668793f5764f3",0.0220000000001619
"ecg_repos","Knn",9,"accuracy",0.615384615384615,"ok","",918,827,91,66782293,9320956,"64e595b283c14dacf16668793f5764f3",0.0220000000001619
"ecg_repos","ACP",9,"taux_erreur",0.428571428571429,"ok","",918,827,91,66782293,217145166,"64e595b283c14dacf16668793f5764f3",0.0219999999999345
"ecg_repos","ACP",9,"accuracy",0.571428571428571,"ok","",918,827,91,66782293,217145166,"64e595b283c14dacf16668793f5764f3",0.0219999999999345
"ecg_repos","EM",9,"indisponible",NA,"non_applicable","non_applicable : EM gaussien pour cible quantitative seulement",918,827,91,66782293,27424349,"64e595b283c14dacf16668793f5764f3",0
"ecg_repos","AFDM",9,"taux_erreur",0.417582417582418,"ok","",918,827,91,66782293,127305747,"64e595b283c14dacf16668793f5764f3",0.05600000000004
"ecg_repos","AFDM",9,"accuracy",0.582417582417582,"ok","",918,827,91,66782293,127305747,"64e595b283c14dacf16668793f5764f3",0.05600000000004
"ecg_repos","mice",9,"taux_erreur",0.428571428571429,"ok","",918,827,91,66782293,127173728,"64e595b283c14dacf16668793f5764f3",0.335000000000036
"ecg_repos","mice",9,"accuracy",0.571428571428571,"ok","",918,827,91,66782293,127173728,"64e595b283c14dacf16668793f5764f3",0.335000000000036
"fc_max","mean",9,"RMSE",25.7230924674976,"ok","",865,779,86,219782043,101400514,"4d6d56c8e963ccd2d690547fdd41b0ae",0.000999999999976353
"fc_max","mean",9,"MAE",21.1408932143177,"ok","",865,779,86,219782043,101400514,"4d6d56c8e963ccd2d690547fdd41b0ae",0.000999999999976353
"fc_max","median",9,"RMSE",26.0908520010278,"ok","",865,779,86,219782043,100746517,"4d6d56c8e963ccd2d690547fdd41b0ae",0
"fc_max","median",9,"MAE",21.3837209302326,"ok","",865,779,86,219782043,100746517,"4d6d56c8e963ccd2d690547fdd41b0ae",0
"fc_max","mode",9,"RMSE",29.8685102905509,"ok","",865,779,86,219782043,172236192,"4d6d56c8e963ccd2d690547fdd41b0ae",0.000999999999976353
"fc_max","mode",9,"MAE",24.3604651162791,"ok","",865,779,86,219782043,172236192,"4d6d56c8e963ccd2d690547fdd41b0ae",0.000999999999976353
"fc_max","RandomForest",9,"RMSE",19.1301682687125,"ok","",865,779,86,219782043,102959186,"4d6d56c8e963ccd2d690547fdd41b0ae",0.143000000000029
"fc_max","RandomForest",9,"MAE",15.0497138626309,"ok","",865,779,86,219782043,102959186,"4d6d56c8e963ccd2d690547fdd41b0ae",0.143000000000029
"fc_max","Knn",9,"RMSE",21.1873042283608,"ok","",865,779,86,219782043,162468371,"4d6d56c8e963ccd2d690547fdd41b0ae",0.0299999999999727
"fc_max","Knn",9,"MAE",16.9744186046512,"ok","",865,779,86,219782043,162468371,"4d6d56c8e963ccd2d690547fdd41b0ae",0.0299999999999727
"fc_max","ACP",9,"RMSE",42.4649276811257,"ok","",865,779,86,219782043,95495501,"4d6d56c8e963ccd2d690547fdd41b0ae",0.0220000000001619
"fc_max","ACP",9,"MAE",35.6176972721493,"ok","",865,779,86,219782043,95495501,"4d6d56c8e963ccd2d690547fdd41b0ae",0.0220000000001619
"fc_max","EM",9,"RMSE",22.9821548439891,"ok","",865,779,86,219782043,117514487,"4d6d56c8e963ccd2d690547fdd41b0ae",0.244999999999891
"fc_max","EM",9,"MAE",18.9601737560374,"ok","",865,779,86,219782043,117514487,"4d6d56c8e963ccd2d690547fdd41b0ae",0.244999999999891
"fc_max","AFDM",9,"RMSE",20.0675721226824,"ok","",865,779,86,219782043,184467443,"4d6d56c8e963ccd2d690547fdd41b0ae",0.0350000000000819
"fc_max","AFDM",9,"MAE",15.4142619189072,"ok","",865,779,86,219782043,184467443,"4d6d56c8e963ccd2d690547fdd41b0ae",0.0350000000000819
"fc_max","mice",9,"RMSE",19.2307288013886,"ok","",865,779,86,219782043,87685464,"4d6d56c8e963ccd2d690547fdd41b0ae",0.0750000000000455
"fc_max","mice",9,"MAE",14.6627906976744,"ok","",865,779,86,219782043,87685464,"4d6d56c8e963ccd2d690547fdd41b0ae",0.0750000000000455
"angine_effort","mean",9,"indisponible",NA,"non_applicable","non_applicable : moyenne pour cible quantitative seulement",865,779,86,130054556,176298525,"5a46bca249d74d3e66fe7ff9a7e1f1a3",0.000999999999976353
"angine_effort","median",9,"indisponible",NA,"non_applicable","non_applicable : médiane sans sens pour cible nominale",865,779,86,130054556,251019403,"5a46bca249d74d3e66fe7ff9a7e1f1a3",0.000999999999976353
"angine_effort","mode",9,"taux_erreur",0.36046511627907,"ok","",865,779,86,130054556,178585464,"5a46bca249d74d3e66fe7ff9a7e1f1a3",0
"angine_effort","mode",9,"accuracy",0.63953488372093,"ok","",865,779,86,130054556,178585464,"5a46bca249d74d3e66fe7ff9a7e1f1a3",0
"angine_effort","RandomForest",9,"taux_erreur",0.22093023255814,"ok","",865,779,86,130054556,28868609,"5a46bca249d74d3e66fe7ff9a7e1f1a3",0.111000000000104
"angine_effort","RandomForest",9,"accuracy",0.779069767441861,"ok","",865,779,86,130054556,28868609,"5a46bca249d74d3e66fe7ff9a7e1f1a3",0.111000000000104
"angine_effort","Knn",9,"taux_erreur",0.290697674418605,"ok","",865,779,86,130054556,178985262,"5a46bca249d74d3e66fe7ff9a7e1f1a3",0.0340000000001055
"angine_effort","Knn",9,"accuracy",0.709302325581395,"ok","",865,779,86,130054556,178985262,"5a46bca249d74d3e66fe7ff9a7e1f1a3",0.0340000000001055
"angine_effort","ACP",9,"taux_erreur",0.337209302325581,"ok","",865,779,86,130054556,3705915,"5a46bca249d74d3e66fe7ff9a7e1f1a3",0.0209999999999582
"angine_effort","ACP",9,"accuracy",0.662790697674419,"ok","",865,779,86,130054556,3705915,"5a46bca249d74d3e66fe7ff9a7e1f1a3",0.0209999999999582
"angine_effort","EM",9,"indisponible",NA,"non_applicable","non_applicable : EM gaussien pour cible quantitative seulement",865,779,86,130054556,222161843,"5a46bca249d74d3e66fe7ff9a7e1f1a3",0
"angine_effort","AFDM",9,"taux_erreur",0.255813953488372,"ok","",865,779,86,130054556,138255320,"5a46bca249d74d3e66fe7ff9a7e1f1a3",0.0480000000000018
"angine_effort","AFDM",9,"accuracy",0.744186046511628,"ok","",865,779,86,130054556,138255320,"5a46bca249d74d3e66fe7ff9a7e1f1a3",0.0480000000000018
"angine_effort","mice",9,"taux_erreur",0.325581395348837,"ok","",865,779,86,130054556,233800597,"5a46bca249d74d3e66fe7ff9a7e1f1a3",0.182000000000016
"angine_effort","mice",9,"accuracy",0.674418604651163,"ok","",865,779,86,130054556,233800597,"5a46bca249d74d3e66fe7ff9a7e1f1a3",0.182000000000016
"depress_st","mean",9,"RMSE",1.17312907948595,"ok","",858,773,85,76293978,197613318,"c8a9139a4fedeefa6ccee4e4efcdc23d",0
"depress_st","mean",9,"MAE",0.916773457118941,"ok","",858,773,85,76293978,197613318,"c8a9139a4fedeefa6ccee4e4efcdc23d",0
"depress_st","median",9,"RMSE",1.33324019282525,"ok","",858,773,85,76293978,15366026,"c8a9139a4fedeefa6ccee4e4efcdc23d",0.000999999999976353
"depress_st","median",9,"MAE",0.972941176470588,"ok","",858,773,85,76293978,15366026,"c8a9139a4fedeefa6ccee4e4efcdc23d",0.000999999999976353
"depress_st","mode",9,"RMSE",1.57199760514711,"ok","",858,773,85,76293978,208665437,"c8a9139a4fedeefa6ccee4e4efcdc23d",0.000999999999976353
"depress_st","mode",9,"MAE",1.08588235294118,"ok","",858,773,85,76293978,208665437,"c8a9139a4fedeefa6ccee4e4efcdc23d",0.000999999999976353
"depress_st","RandomForest",9,"RMSE",0.936836703787578,"ok","",858,773,85,76293978,33779533,"c8a9139a4fedeefa6ccee4e4efcdc23d",0.138999999999896
"depress_st","RandomForest",9,"MAE",0.701041273058883,"ok","",858,773,85,76293978,33779533,"c8a9139a4fedeefa6ccee4e4efcdc23d",0.138999999999896
"depress_st","Knn",9,"RMSE",1.03544250273523,"ok","",858,773,85,76293978,220765475,"c8a9139a4fedeefa6ccee4e4efcdc23d",0.0389999999999873
"depress_st","Knn",9,"MAE",0.785411764705882,"ok","",858,773,85,76293978,220765475,"c8a9139a4fedeefa6ccee4e4efcdc23d",0.0389999999999873
"depress_st","ACP",9,"RMSE",1.90986971196703,"ok","",858,773,85,76293978,170575608,"c8a9139a4fedeefa6ccee4e4efcdc23d",0.0319999999999254
"depress_st","ACP",9,"MAE",1.66834379393833,"ok","",858,773,85,76293978,170575608,"c8a9139a4fedeefa6ccee4e4efcdc23d",0.0319999999999254
"depress_st","EM",9,"RMSE",1.11244588382483,"ok","",858,773,85,76293978,56553660,"c8a9139a4fedeefa6ccee4e4efcdc23d",0.2650000000001
"depress_st","EM",9,"MAE",0.875259587037945,"ok","",858,773,85,76293978,56553660,"c8a9139a4fedeefa6ccee4e4efcdc23d",0.2650000000001
"depress_st","AFDM",9,"RMSE",1.07339518137367,"ok","",858,773,85,76293978,60670662,"c8a9139a4fedeefa6ccee4e4efcdc23d",0.0380000000000109
"depress_st","AFDM",9,"MAE",0.809940088552974,"ok","",858,773,85,76293978,60670662,"c8a9139a4fedeefa6ccee4e4efcdc23d",0.0380000000000109
"depress_st","mice",9,"RMSE",1.05932053694809,"ok","",858,773,85,76293978,259193519,"c8a9139a4fedeefa6ccee4e4efcdc23d",0.0799999999999272
"depress_st","mice",9,"MAE",0.780470588235294,"ok","",858,773,85,76293978,259193519,"c8a9139a4fedeefa6ccee4e4efcdc23d",0.0799999999999272
"pente_st","mean",9,"indisponible",NA,"non_applicable","non_applicable : moyenne pour cible quantitative seulement",611,550,61,109152465,74465556,"060f4bbc0767d0c3c30150857024c4c2",0.000999999999976353
"pente_st","median",9,"taux_erreur",0.524590163934426,"ok","",611,550,61,109152465,11380754,"060f4bbc0767d0c3c30150857024c4c2",0.00100000000020373
"pente_st","median",9,"accuracy",0.475409836065574,"ok","",611,550,61,109152465,11380754,"060f4bbc0767d0c3c30150857024c4c2",0.00100000000020373
"pente_st","median",9,"RMSE",0.724285968340148,"ok","",611,550,61,109152465,11380754,"060f4bbc0767d0c3c30150857024c4c2",0.00100000000020373
"pente_st","median",9,"MAE",0.524590163934426,"ok","",611,550,61,109152465,11380754,"060f4bbc0767d0c3c30150857024c4c2",0.00100000000020373
"pente_st","mode",9,"taux_erreur",0.524590163934426,"ok","",611,550,61,109152465,203647671,"060f4bbc0767d0c3c30150857024c4c2",0.000999999999976353
"pente_st","mode",9,"accuracy",0.475409836065574,"ok","",611,550,61,109152465,203647671,"060f4bbc0767d0c3c30150857024c4c2",0.000999999999976353
"pente_st","mode",9,"RMSE",0.724285968340148,"ok","",611,550,61,109152465,203647671,"060f4bbc0767d0c3c30150857024c4c2",0.000999999999976353
"pente_st","mode",9,"MAE",0.524590163934426,"ok","",611,550,61,109152465,203647671,"060f4bbc0767d0c3c30150857024c4c2",0.000999999999976353
"pente_st","RandomForest",9,"taux_erreur",0.409836065573771,"ok","",611,550,61,109152465,124742260,"060f4bbc0767d0c3c30150857024c4c2",0.0799999999999272
"pente_st","RandomForest",9,"accuracy",0.590163934426229,"ok","",611,550,61,109152465,124742260,"060f4bbc0767d0c3c30150857024c4c2",0.0799999999999272
"pente_st","RandomForest",9,"RMSE",0.712879177218325,"ok","",611,550,61,109152465,124742260,"060f4bbc0767d0c3c30150857024c4c2",0.0799999999999272
"pente_st","RandomForest",9,"MAE",0.442622950819672,"ok","",611,550,61,109152465,124742260,"060f4bbc0767d0c3c30150857024c4c2",0.0799999999999272
"pente_st","Knn",9,"taux_erreur",0.409836065573771,"ok","",611,550,61,109152465,255097686,"060f4bbc0767d0c3c30150857024c4c2",0.0220000000001619
"pente_st","Knn",9,"accuracy",0.590163934426229,"ok","",611,550,61,109152465,255097686,"060f4bbc0767d0c3c30150857024c4c2",0.0220000000001619
"pente_st","Knn",9,"RMSE",0.839593969003402,"ok","",611,550,61,109152465,255097686,"060f4bbc0767d0c3c30150857024c4c2",0.0220000000001619
"pente_st","Knn",9,"MAE",0.508196721311475,"ok","",611,550,61,109152465,255097686,"060f4bbc0767d0c3c30150857024c4c2",0.0220000000001619
"pente_st","ACP",9,"taux_erreur",0.508196721311475,"ok","",611,550,61,109152465,185783022,"060f4bbc0767d0c3c30150857024c4c2",0.0199999999999818
"pente_st","ACP",9,"accuracy",0.491803278688525,"ok","",611,550,61,109152465,185783022,"060f4bbc0767d0c3c30150857024c4c2",0.0199999999999818
"pente_st","ACP",9,"RMSE",0.86838836971469,"ok","",611,550,61,109152465,185783022,"060f4bbc0767d0c3c30150857024c4c2",0.0199999999999818
"pente_st","ACP",9,"MAE",0.590163934426229,"ok","",611,550,61,109152465,185783022,"060f4bbc0767d0c3c30150857024c4c2",0.0199999999999818
"pente_st","EM",9,"indisponible",NA,"non_applicable","non_applicable : EM gaussien pour cible quantitative seulement",611,550,61,109152465,64541806,"060f4bbc0767d0c3c30150857024c4c2",0.000999999999976353
"pente_st","AFDM",9,"taux_erreur",0.327868852459016,"ok","",611,550,61,109152465,214693771,"060f4bbc0767d0c3c30150857024c4c2",0.0480000000000018
"pente_st","AFDM",9,"accuracy",0.672131147540984,"ok","",611,550,61,109152465,214693771,"060f4bbc0767d0c3c30150857024c4c2",0.0480000000000018
"pente_st","AFDM",9,"RMSE",0.652862549237373,"ok","",611,550,61,109152465,214693771,"060f4bbc0767d0c3c30150857024c4c2",0.0480000000000018
"pente_st","AFDM",9,"MAE",0.360655737704918,"ok","",611,550,61,109152465,214693771,"060f4bbc0767d0c3c30150857024c4c2",0.0480000000000018
"pente_st","mice",9,"taux_erreur",0.459016393442623,"ok","",611,550,61,109152465,37227867,"060f4bbc0767d0c3c30150857024c4c2",0.27800000000002
"pente_st","mice",9,"accuracy",0.540983606557377,"ok","",611,550,61,109152465,37227867,"060f4bbc0767d0c3c30150857024c4c2",0.27800000000002
"pente_st","mice",9,"RMSE",0.712879177218325,"ok","",611,550,61,109152465,37227867,"060f4bbc0767d0c3c30150857024c4c2",0.27800000000002
"pente_st","mice",9,"MAE",0.475409836065574,"ok","",611,550,61,109152465,37227867,"060f4bbc0767d0c3c30150857024c4c2",0.27800000000002
"nb_vaisseaux","mean",9,"indisponible",NA,"non_applicable","non_applicable : moyenne pour cible quantitative seulement",309,279,30,181269469,154966685,"3978fbdee0647171a648f300f49ee92d",0
"nb_vaisseaux","median",9,"taux_erreur",0.433333333333333,"ok","",309,279,30,181269469,196314144,"3978fbdee0647171a648f300f49ee92d",0
"nb_vaisseaux","median",9,"accuracy",0.566666666666667,"ok","",309,279,30,181269469,196314144,"3978fbdee0647171a648f300f49ee92d",0
"nb_vaisseaux","median",9,"RMSE",0.912870929175277,"ok","",309,279,30,181269469,196314144,"3978fbdee0647171a648f300f49ee92d",0
"nb_vaisseaux","median",9,"MAE",0.566666666666667,"ok","",309,279,30,181269469,196314144,"3978fbdee0647171a648f300f49ee92d",0
"nb_vaisseaux","mode",9,"taux_erreur",0.433333333333333,"ok","",309,279,30,181269469,66692438,"3978fbdee0647171a648f300f49ee92d",0
"nb_vaisseaux","mode",9,"accuracy",0.566666666666667,"ok","",309,279,30,181269469,66692438,"3978fbdee0647171a648f300f49ee92d",0
"nb_vaisseaux","mode",9,"RMSE",0.912870929175277,"ok","",309,279,30,181269469,66692438,"3978fbdee0647171a648f300f49ee92d",0
"nb_vaisseaux","mode",9,"MAE",0.566666666666667,"ok","",309,279,30,181269469,66692438,"3978fbdee0647171a648f300f49ee92d",0
"nb_vaisseaux","RandomForest",9,"taux_erreur",0.366666666666667,"ok","",309,279,30,181269469,190107032,"3978fbdee0647171a648f300f49ee92d",0.0630000000001019
"nb_vaisseaux","RandomForest",9,"accuracy",0.633333333333333,"ok","",309,279,30,181269469,190107032,"3978fbdee0647171a648f300f49ee92d",0.0630000000001019
"nb_vaisseaux","RandomForest",9,"RMSE",0.875595035770913,"ok","",309,279,30,181269469,190107032,"3978fbdee0647171a648f300f49ee92d",0.0630000000001019
"nb_vaisseaux","RandomForest",9,"MAE",0.5,"ok","",309,279,30,181269469,190107032,"3978fbdee0647171a648f300f49ee92d",0.0630000000001019
"nb_vaisseaux","Knn",9,"taux_erreur",0.366666666666667,"ok","",309,279,30,181269469,23951512,"3978fbdee0647171a648f300f49ee92d",0.01299999999992
"nb_vaisseaux","Knn",9,"accuracy",0.633333333333333,"ok","",309,279,30,181269469,23951512,"3978fbdee0647171a648f300f49ee92d",0.01299999999992
"nb_vaisseaux","Knn",9,"RMSE",0.816496580927726,"ok","",309,279,30,181269469,23951512,"3978fbdee0647171a648f300f49ee92d",0.01299999999992
"nb_vaisseaux","Knn",9,"MAE",0.466666666666667,"ok","",309,279,30,181269469,23951512,"3978fbdee0647171a648f300f49ee92d",0.01299999999992
"nb_vaisseaux","ACP",9,"taux_erreur",0.433333333333333,"ok","",309,279,30,181269469,191227517,"3978fbdee0647171a648f300f49ee92d",0.0160000000000764
"nb_vaisseaux","ACP",9,"accuracy",0.566666666666667,"ok","",309,279,30,181269469,191227517,"3978fbdee0647171a648f300f49ee92d",0.0160000000000764
"nb_vaisseaux","ACP",9,"RMSE",0.912870929175277,"ok","",309,279,30,181269469,191227517,"3978fbdee0647171a648f300f49ee92d",0.0160000000000764
"nb_vaisseaux","ACP",9,"MAE",0.566666666666667,"ok","",309,279,30,181269469,191227517,"3978fbdee0647171a648f300f49ee92d",0.0160000000000764
"nb_vaisseaux","EM",9,"indisponible",NA,"non_applicable","non_applicable : EM gaussien pour cible quantitative seulement",309,279,30,181269469,150711710,"3978fbdee0647171a648f300f49ee92d",0.000999999999976353
"nb_vaisseaux","AFDM",9,"taux_erreur",0.433333333333333,"ok","",309,279,30,181269469,211644825,"3978fbdee0647171a648f300f49ee92d",0.0299999999999727
"nb_vaisseaux","AFDM",9,"accuracy",0.566666666666667,"ok","",309,279,30,181269469,211644825,"3978fbdee0647171a648f300f49ee92d",0.0299999999999727
"nb_vaisseaux","AFDM",9,"RMSE",0.912870929175277,"ok","",309,279,30,181269469,211644825,"3978fbdee0647171a648f300f49ee92d",0.0299999999999727
"nb_vaisseaux","AFDM",9,"MAE",0.566666666666667,"ok","",309,279,30,181269469,211644825,"3978fbdee0647171a648f300f49ee92d",0.0299999999999727
"nb_vaisseaux","mice",9,"taux_erreur",0.433333333333333,"ok","",309,279,30,181269469,64851300,"3978fbdee0647171a648f300f49ee92d",0.243999999999915
"nb_vaisseaux","mice",9,"accuracy",0.566666666666667,"ok","",309,279,30,181269469,64851300,"3978fbdee0647171a648f300f49ee92d",0.243999999999915
"nb_vaisseaux","mice",9,"RMSE",0.856348838577675,"ok","",309,279,30,181269469,64851300,"3978fbdee0647171a648f300f49ee92d",0.243999999999915
"nb_vaisseaux","mice",9,"MAE",0.533333333333333,"ok","",309,279,30,181269469,64851300,"3978fbdee0647171a648f300f49ee92d",0.243999999999915
"test_thallium","mean",9,"indisponible",NA,"non_applicable","non_applicable : moyenne pour cible quantitative seulement",434,391,43,174530238,175711939,"93da92f96c1aea58fd006bc14b344a1e",0
"test_thallium","median",9,"indisponible",NA,"non_applicable","non_applicable : médiane sans sens pour cible nominale",434,391,43,174530238,197798807,"93da92f96c1aea58fd006bc14b344a1e",0
"test_thallium","mode",9,"taux_erreur",0.534883720930233,"ok","",434,391,43,174530238,21341115,"93da92f96c1aea58fd006bc14b344a1e",0.000999999999976353
"test_thallium","mode",9,"accuracy",0.465116279069767,"ok","",434,391,43,174530238,21341115,"93da92f96c1aea58fd006bc14b344a1e",0.000999999999976353
"test_thallium","RandomForest",9,"taux_erreur",0.465116279069767,"ok","",434,391,43,174530238,51845058,"93da92f96c1aea58fd006bc14b344a1e",0.0760000000000218
"test_thallium","RandomForest",9,"accuracy",0.534883720930233,"ok","",434,391,43,174530238,51845058,"93da92f96c1aea58fd006bc14b344a1e",0.0760000000000218
"test_thallium","Knn",9,"taux_erreur",0.511627906976744,"ok","",434,391,43,174530238,124876198,"93da92f96c1aea58fd006bc14b344a1e",0.0180000000000291
"test_thallium","Knn",9,"accuracy",0.488372093023256,"ok","",434,391,43,174530238,124876198,"93da92f96c1aea58fd006bc14b344a1e",0.0180000000000291
"test_thallium","ACP",9,"taux_erreur",0.418604651162791,"ok","",434,391,43,174530238,77355614,"93da92f96c1aea58fd006bc14b344a1e",0.0170000000000528
"test_thallium","ACP",9,"accuracy",0.581395348837209,"ok","",434,391,43,174530238,77355614,"93da92f96c1aea58fd006bc14b344a1e",0.0170000000000528
"test_thallium","EM",9,"indisponible",NA,"non_applicable","non_applicable : EM gaussien pour cible quantitative seulement",434,391,43,174530238,32906325,"93da92f96c1aea58fd006bc14b344a1e",0
"test_thallium","AFDM",9,"taux_erreur",0.418604651162791,"ok","",434,391,43,174530238,249987358,"93da92f96c1aea58fd006bc14b344a1e",0.0510000000001583
"test_thallium","AFDM",9,"accuracy",0.581395348837209,"ok","",434,391,43,174530238,249987358,"93da92f96c1aea58fd006bc14b344a1e",0.0510000000001583
"test_thallium","mice",9,"taux_erreur",0.488372093023256,"ok","",434,391,43,174530238,940081,"93da92f96c1aea58fd006bc14b344a1e",0.254999999999882
"test_thallium","mice",9,"accuracy",0.511627906976744,"ok","",434,391,43,174530238,940081,"93da92f96c1aea58fd006bc14b344a1e",0.254999999999882
"pa_repos","mean",10,"RMSE",17.1106120723385,"ok","",860,774,86,239754633,84914028,"0784f44ffb95c5e5b87c2096d669c221",0
"pa_repos","mean",10,"MAE",14.2020010816658,"ok","",860,774,86,239754633,84914028,"0784f44ffb95c5e5b87c2096d669c221",0
"pa_repos","median",10,"RMSE",16.9345525411049,"ok","",860,774,86,239754633,115332703,"0784f44ffb95c5e5b87c2096d669c221",0
"pa_repos","median",10,"MAE",13.8488372093023,"ok","",860,774,86,239754633,115332703,"0784f44ffb95c5e5b87c2096d669c221",0
"pa_repos","mode",10,"RMSE",19.7080434529708,"ok","",860,774,86,239754633,87858248,"0784f44ffb95c5e5b87c2096d669c221",0.000999999999976353
"pa_repos","mode",10,"MAE",15.8023255813953,"ok","",860,774,86,239754633,87858248,"0784f44ffb95c5e5b87c2096d669c221",0.000999999999976353
"pa_repos","RandomForest",10,"RMSE",16.1770315040091,"ok","",860,774,86,239754633,37772138,"0784f44ffb95c5e5b87c2096d669c221",0.128999999999905
"pa_repos","RandomForest",10,"MAE",12.9800236417828,"ok","",860,774,86,239754633,37772138,"0784f44ffb95c5e5b87c2096d669c221",0.128999999999905
"pa_repos","Knn",10,"RMSE",18.3490066900535,"ok","",860,774,86,239754633,111622961,"0784f44ffb95c5e5b87c2096d669c221",0.0350000000000819
"pa_repos","Knn",10,"MAE",15.1604651162791,"ok","",860,774,86,239754633,111622961,"0784f44ffb95c5e5b87c2096d669c221",0.0350000000000819
"pa_repos","ACP",10,"RMSE",18.8165943099062,"ok","",860,774,86,239754633,20228537,"0784f44ffb95c5e5b87c2096d669c221",0.0170000000000528
"pa_repos","ACP",10,"MAE",14.2858696786382,"ok","",860,774,86,239754633,20228537,"0784f44ffb95c5e5b87c2096d669c221",0.0170000000000528
"pa_repos","EM",10,"RMSE",16.4300981825755,"ok","",860,774,86,239754633,147448500,"0784f44ffb95c5e5b87c2096d669c221",0.277000000000044
"pa_repos","EM",10,"MAE",13.2752864895819,"ok","",860,774,86,239754633,147448500,"0784f44ffb95c5e5b87c2096d669c221",0.277000000000044
"pa_repos","AFDM",10,"RMSE",16.8802839344526,"ok","",860,774,86,239754633,165741048,"0784f44ffb95c5e5b87c2096d669c221",0.0399999999999636
"pa_repos","AFDM",10,"MAE",13.544031684842,"ok","",860,774,86,239754633,165741048,"0784f44ffb95c5e5b87c2096d669c221",0.0399999999999636
"pa_repos","mice",10,"RMSE",16.4676568135917,"ok","",860,774,86,239754633,143251119,"0784f44ffb95c5e5b87c2096d669c221",0.0799999999999272
"pa_repos","mice",10,"MAE",12.8441860465116,"ok","",860,774,86,239754633,143251119,"0784f44ffb95c5e5b87c2096d669c221",0.0799999999999272
"cholesterol","mean",10,"RMSE",46.5701995744095,"ok","",718,647,71,49806723,107111416,"63c3bbc31a686b27eab770face151813",0.000999999999976353
"cholesterol","mean",10,"MAE",38.799660404467,"ok","",718,647,71,49806723,107111416,"63c3bbc31a686b27eab770face151813",0.000999999999976353
"cholesterol","median",10,"RMSE",46.0205098183806,"ok","",718,647,71,49806723,234783649,"63c3bbc31a686b27eab770face151813",0
"cholesterol","median",10,"MAE",38.3661971830986,"ok","",718,647,71,49806723,234783649,"63c3bbc31a686b27eab770face151813",0
"cholesterol","mode",10,"RMSE",58.6709612171204,"ok","",718,647,71,49806723,121411403,"63c3bbc31a686b27eab770face151813",0.000999999999976353
"cholesterol","mode",10,"MAE",47.2957746478873,"ok","",718,647,71,49806723,121411403,"63c3bbc31a686b27eab770face151813",0.000999999999976353
"cholesterol","RandomForest",10,"RMSE",49.3475323538753,"ok","",718,647,71,49806723,154380372,"63c3bbc31a686b27eab770face151813",0.119000000000142
"cholesterol","RandomForest",10,"MAE",39.5811473250599,"ok","",718,647,71,49806723,154380372,"63c3bbc31a686b27eab770face151813",0.119000000000142
"cholesterol","Knn",10,"RMSE",48.9666572386431,"ok","",718,647,71,49806723,87953465,"63c3bbc31a686b27eab770face151813",0.0139999999998963
"cholesterol","Knn",10,"MAE",39.0676056338028,"ok","",718,647,71,49806723,87953465,"63c3bbc31a686b27eab770face151813",0.0139999999998963
"cholesterol","ACP",10,"RMSE",46.7978929106118,"ok","",718,647,71,49806723,195123980,"63c3bbc31a686b27eab770face151813",0.0140000000001237
"cholesterol","ACP",10,"MAE",37.6876261709137,"ok","",718,647,71,49806723,195123980,"63c3bbc31a686b27eab770face151813",0.0140000000001237
"cholesterol","EM",10,"RMSE",47.7378409457731,"ok","",718,647,71,49806723,43299182,"63c3bbc31a686b27eab770face151813",0.0919999999998709
"cholesterol","EM",10,"MAE",40.0896734890766,"ok","",718,647,71,49806723,43299182,"63c3bbc31a686b27eab770face151813",0.0919999999998709
"cholesterol","AFDM",10,"RMSE",47.7435661372126,"ok","",718,647,71,49806723,251131919,"63c3bbc31a686b27eab770face151813",0.0540000000000873
"cholesterol","AFDM",10,"MAE",40.1417065367996,"ok","",718,647,71,49806723,251131919,"63c3bbc31a686b27eab770face151813",0.0540000000000873
"cholesterol","mice",10,"RMSE",53.3038539420033,"ok","",718,647,71,49806723,164467595,"63c3bbc31a686b27eab770face151813",0.0620000000001255
"cholesterol","mice",10,"MAE",43.0338028169014,"ok","",718,647,71,49806723,164467595,"63c3bbc31a686b27eab770face151813",0.0620000000001255
"glyc_jeun_elevee","mean",10,"indisponible",NA,"non_applicable","non_applicable : moyenne pour cible quantitative seulement",830,747,83,139130365,215071592,"c50bff371a00dd0ed415dbb39bd69f58",0
"glyc_jeun_elevee","median",10,"indisponible",NA,"non_applicable","non_applicable : médiane sans sens pour cible nominale",830,747,83,139130365,139080949,"c50bff371a00dd0ed415dbb39bd69f58",0
"glyc_jeun_elevee","mode",10,"taux_erreur",0.132530120481928,"ok","",830,747,83,139130365,25385248,"c50bff371a00dd0ed415dbb39bd69f58",0
"glyc_jeun_elevee","mode",10,"accuracy",0.867469879518072,"ok","",830,747,83,139130365,25385248,"c50bff371a00dd0ed415dbb39bd69f58",0
"glyc_jeun_elevee","RandomForest",10,"taux_erreur",0.132530120481928,"ok","",830,747,83,139130365,32284342,"c50bff371a00dd0ed415dbb39bd69f58",0.0999999999999091
"glyc_jeun_elevee","RandomForest",10,"accuracy",0.867469879518072,"ok","",830,747,83,139130365,32284342,"c50bff371a00dd0ed415dbb39bd69f58",0.0999999999999091
"glyc_jeun_elevee","Knn",10,"taux_erreur",0.144578313253012,"ok","",830,747,83,139130365,36239609,"c50bff371a00dd0ed415dbb39bd69f58",0.0220000000001619
"glyc_jeun_elevee","Knn",10,"accuracy",0.855421686746988,"ok","",830,747,83,139130365,36239609,"c50bff371a00dd0ed415dbb39bd69f58",0.0220000000001619
"glyc_jeun_elevee","ACP",10,"taux_erreur",0.108433734939759,"ok","",830,747,83,139130365,56177275,"c50bff371a00dd0ed415dbb39bd69f58",0.0190000000000055
"glyc_jeun_elevee","ACP",10,"accuracy",0.891566265060241,"ok","",830,747,83,139130365,56177275,"c50bff371a00dd0ed415dbb39bd69f58",0.0190000000000055
"glyc_jeun_elevee","EM",10,"indisponible",NA,"non_applicable","non_applicable : EM gaussien pour cible quantitative seulement",830,747,83,139130365,227443126,"c50bff371a00dd0ed415dbb39bd69f58",0.000999999999976353
"glyc_jeun_elevee","AFDM",10,"taux_erreur",0.132530120481928,"ok","",830,747,83,139130365,72094100,"c50bff371a00dd0ed415dbb39bd69f58",0.05600000000004
"glyc_jeun_elevee","AFDM",10,"accuracy",0.867469879518072,"ok","",830,747,83,139130365,72094100,"c50bff371a00dd0ed415dbb39bd69f58",0.05600000000004
"glyc_jeun_elevee","mice",10,"taux_erreur",0.108433734939759,"ok","",830,747,83,139130365,51260001,"c50bff371a00dd0ed415dbb39bd69f58",0.171000000000049
"glyc_jeun_elevee","mice",10,"accuracy",0.891566265060241,"ok","",830,747,83,139130365,51260001,"c50bff371a00dd0ed415dbb39bd69f58",0.171000000000049
"ecg_repos","mean",10,"indisponible",NA,"non_applicable","non_applicable : moyenne pour cible quantitative seulement",918,827,91,223022457,156003868,"ba120090d52fcd49e9309e9cca6a2395",0.000999999999976353
"ecg_repos","median",10,"indisponible",NA,"non_applicable","non_applicable : médiane sans sens pour cible nominale",918,827,91,223022457,247010338,"ba120090d52fcd49e9309e9cca6a2395",0
"ecg_repos","mode",10,"taux_erreur",0.428571428571429,"ok","",918,827,91,223022457,188257985,"ba120090d52fcd49e9309e9cca6a2395",0.000999999999976353
"ecg_repos","mode",10,"accuracy",0.571428571428571,"ok","",918,827,91,223022457,188257985,"ba120090d52fcd49e9309e9cca6a2395",0.000999999999976353
"ecg_repos","RandomForest",10,"taux_erreur",0.351648351648352,"ok","",918,827,91,223022457,181047487,"ba120090d52fcd49e9309e9cca6a2395",0.144999999999982
"ecg_repos","RandomForest",10,"accuracy",0.648351648351648,"ok","",918,827,91,223022457,181047487,"ba120090d52fcd49e9309e9cca6a2395",0.144999999999982
"ecg_repos","Knn",10,"taux_erreur",0.351648351648352,"ok","",918,827,91,223022457,108716103,"ba120090d52fcd49e9309e9cca6a2395",0.04099999999994
"ecg_repos","Knn",10,"accuracy",0.648351648351648,"ok","",918,827,91,223022457,108716103,"ba120090d52fcd49e9309e9cca6a2395",0.04099999999994
"ecg_repos","ACP",10,"taux_erreur",0.373626373626374,"ok","",918,827,91,223022457,11599529,"ba120090d52fcd49e9309e9cca6a2395",0.0460000000000491
"ecg_repos","ACP",10,"accuracy",0.626373626373626,"ok","",918,827,91,223022457,11599529,"ba120090d52fcd49e9309e9cca6a2395",0.0460000000000491
"ecg_repos","EM",10,"indisponible",NA,"non_applicable","non_applicable : EM gaussien pour cible quantitative seulement",918,827,91,223022457,229250384,"ba120090d52fcd49e9309e9cca6a2395",0.000999999999976353
"ecg_repos","AFDM",10,"taux_erreur",0.351648351648352,"ok","",918,827,91,223022457,175992981,"ba120090d52fcd49e9309e9cca6a2395",0.0489999999999782
"ecg_repos","AFDM",10,"accuracy",0.648351648351648,"ok","",918,827,91,223022457,175992981,"ba120090d52fcd49e9309e9cca6a2395",0.0489999999999782
"ecg_repos","mice",10,"taux_erreur",0.417582417582418,"ok","",918,827,91,223022457,108526235,"ba120090d52fcd49e9309e9cca6a2395",0.405999999999949
"ecg_repos","mice",10,"accuracy",0.582417582417582,"ok","",918,827,91,223022457,108526235,"ba120090d52fcd49e9309e9cca6a2395",0.405999999999949
"fc_max","mean",10,"RMSE",25.8847817481386,"ok","",865,779,86,245978627,7523378,"b304e3ba8ac4f76b1b3224280d024f5e",0
"fc_max","mean",10,"MAE",21.3250291070842,"ok","",865,779,86,245978627,7523378,"b304e3ba8ac4f76b1b3224280d024f5e",0
"fc_max","median",10,"RMSE",26.2104630270627,"ok","",865,779,86,245978627,184881287,"b304e3ba8ac4f76b1b3224280d024f5e",0
"fc_max","median",10,"MAE",21.4767441860465,"ok","",865,779,86,245978627,184881287,"b304e3ba8ac4f76b1b3224280d024f5e",0
"fc_max","mode",10,"RMSE",29.7784454589807,"ok","",865,779,86,245978627,107490888,"b304e3ba8ac4f76b1b3224280d024f5e",0.000999999999976353
"fc_max","mode",10,"MAE",24.0581395348837,"ok","",865,779,86,245978627,107490888,"b304e3ba8ac4f76b1b3224280d024f5e",0.000999999999976353
"fc_max","RandomForest",10,"RMSE",21.0135128439162,"ok","",865,779,86,245978627,186875077,"b304e3ba8ac4f76b1b3224280d024f5e",0.144000000000005
"fc_max","RandomForest",10,"MAE",16.310675132873,"ok","",865,779,86,245978627,186875077,"b304e3ba8ac4f76b1b3224280d024f5e",0.144000000000005
"fc_max","Knn",10,"RMSE",23.0884547812548,"ok","",865,779,86,245978627,228097150,"b304e3ba8ac4f76b1b3224280d024f5e",0.0170000000000528
"fc_max","Knn",10,"MAE",18.3883720930233,"ok","",865,779,86,245978627,228097150,"b304e3ba8ac4f76b1b3224280d024f5e",0.0170000000000528
"fc_max","ACP",10,"RMSE",46.9783077464653,"ok","",865,779,86,245978627,97070467,"b304e3ba8ac4f76b1b3224280d024f5e",0.0150000000001
"fc_max","ACP",10,"MAE",39.4403576495334,"ok","",865,779,86,245978627,97070467,"b304e3ba8ac4f76b1b3224280d024f5e",0.0150000000001
"fc_max","EM",10,"RMSE",25.3476825464588,"ok","",865,779,86,245978627,9515108,"b304e3ba8ac4f76b1b3224280d024f5e",0.269000000000005
"fc_max","EM",10,"MAE",20.3656814026688,"ok","",865,779,86,245978627,9515108,"b304e3ba8ac4f76b1b3224280d024f5e",0.269000000000005
"fc_max","AFDM",10,"RMSE",22.119318785954,"ok","",865,779,86,245978627,186390767,"b304e3ba8ac4f76b1b3224280d024f5e",0.0389999999999873
"fc_max","AFDM",10,"MAE",17.3774982067913,"ok","",865,779,86,245978627,186390767,"b304e3ba8ac4f76b1b3224280d024f5e",0.0389999999999873
"fc_max","mice",10,"RMSE",22.7518156699431,"ok","",865,779,86,245978627,85025849,"b304e3ba8ac4f76b1b3224280d024f5e",0.081000000000131
"fc_max","mice",10,"MAE",17.0720930232558,"ok","",865,779,86,245978627,85025849,"b304e3ba8ac4f76b1b3224280d024f5e",0.081000000000131
"angine_effort","mean",10,"indisponible",NA,"non_applicable","non_applicable : moyenne pour cible quantitative seulement",865,779,86,250211763,173674246,"a884aa1bd5ddd7ef9af6df8fe2524d88",0
"angine_effort","median",10,"indisponible",NA,"non_applicable","non_applicable : médiane sans sens pour cible nominale",865,779,86,250211763,122814171,"a884aa1bd5ddd7ef9af6df8fe2524d88",0
"angine_effort","mode",10,"taux_erreur",0.383720930232558,"ok","",865,779,86,250211763,207690098,"a884aa1bd5ddd7ef9af6df8fe2524d88",0.000999999999976353
"angine_effort","mode",10,"accuracy",0.616279069767442,"ok","",865,779,86,250211763,207690098,"a884aa1bd5ddd7ef9af6df8fe2524d88",0.000999999999976353
"angine_effort","RandomForest",10,"taux_erreur",0.244186046511628,"ok","",865,779,86,250211763,145780223,"a884aa1bd5ddd7ef9af6df8fe2524d88",0.116999999999962
"angine_effort","RandomForest",10,"accuracy",0.755813953488372,"ok","",865,779,86,250211763,145780223,"a884aa1bd5ddd7ef9af6df8fe2524d88",0.116999999999962
"angine_effort","Knn",10,"taux_erreur",0.302325581395349,"ok","",865,779,86,250211763,255121828,"a884aa1bd5ddd7ef9af6df8fe2524d88",0.0310000000001764
"angine_effort","Knn",10,"accuracy",0.697674418604651,"ok","",865,779,86,250211763,255121828,"a884aa1bd5ddd7ef9af6df8fe2524d88",0.0310000000001764
"angine_effort","ACP",10,"taux_erreur",0.383720930232558,"ok","",865,779,86,250211763,232734302,"a884aa1bd5ddd7ef9af6df8fe2524d88",0.0190000000000055
"angine_effort","ACP",10,"accuracy",0.616279069767442,"ok","",865,779,86,250211763,232734302,"a884aa1bd5ddd7ef9af6df8fe2524d88",0.0190000000000055
"angine_effort","EM",10,"indisponible",NA,"non_applicable","non_applicable : EM gaussien pour cible quantitative seulement",865,779,86,250211763,40102545,"a884aa1bd5ddd7ef9af6df8fe2524d88",0.000999999999976353
"angine_effort","AFDM",10,"taux_erreur",0.348837209302326,"ok","",865,779,86,250211763,118720925,"a884aa1bd5ddd7ef9af6df8fe2524d88",0.0499999999999545
"angine_effort","AFDM",10,"accuracy",0.651162790697674,"ok","",865,779,86,250211763,118720925,"a884aa1bd5ddd7ef9af6df8fe2524d88",0.0499999999999545
"angine_effort","mice",10,"taux_erreur",0.395348837209302,"ok","",865,779,86,250211763,226180236,"a884aa1bd5ddd7ef9af6df8fe2524d88",0.201999999999998
"angine_effort","mice",10,"accuracy",0.604651162790698,"ok","",865,779,86,250211763,226180236,"a884aa1bd5ddd7ef9af6df8fe2524d88",0.201999999999998
"depress_st","mean",10,"RMSE",1.1091904442586,"ok","",858,773,85,212762340,190165130,"1219312f6094db34af65717c4834a428",0
"depress_st","mean",10,"MAE",0.947757400502245,"ok","",858,773,85,212762340,190165130,"1219312f6094db34af65717c4834a428",0
"depress_st","median",10,"RMSE",1.1565669279482,"ok","",858,773,85,212762340,52199131,"1219312f6094db34af65717c4834a428",0
"depress_st","median",10,"MAE",0.889411764705882,"ok","",858,773,85,212762340,52199131,"1219312f6094db34af65717c4834a428",0
"depress_st","mode",10,"RMSE",1.38542836866649,"ok","",858,773,85,212762340,50559090,"1219312f6094db34af65717c4834a428",0.000999999999976353
"depress_st","mode",10,"MAE",0.862352941176471,"ok","",858,773,85,212762340,50559090,"1219312f6094db34af65717c4834a428",0.000999999999976353
"depress_st","RandomForest",10,"RMSE",0.923856276949481,"ok","",858,773,85,212762340,146596027,"1219312f6094db34af65717c4834a428",0.145999999999958
"depress_st","RandomForest",10,"MAE",0.717589872858382,"ok","",858,773,85,212762340,146596027,"1219312f6094db34af65717c4834a428",0.145999999999958
"depress_st","Knn",10,"RMSE",1.02887031138383,"ok","",858,773,85,212762340,58223293,"1219312f6094db34af65717c4834a428",0.0399999999999636
"depress_st","Knn",10,"MAE",0.753647058823529,"ok","",858,773,85,212762340,58223293,"1219312f6094db34af65717c4834a428",0.0399999999999636
"depress_st","ACP",10,"RMSE",1.88570222792321,"ok","",858,773,85,212762340,108446148,"1219312f6094db34af65717c4834a428",0.0199999999999818
"depress_st","ACP",10,"MAE",1.62497293493142,"ok","",858,773,85,212762340,108446148,"1219312f6094db34af65717c4834a428",0.0199999999999818
"depress_st","EM",10,"RMSE",1.08975052174395,"ok","",858,773,85,212762340,182179362,"1219312f6094db34af65717c4834a428",0.281999999999925
"depress_st","EM",10,"MAE",0.911785588400203,"ok","",858,773,85,212762340,182179362,"1219312f6094db34af65717c4834a428",0.281999999999925
"depress_st","AFDM",10,"RMSE",1.02438597965853,"ok","",858,773,85,212762340,86350724,"1219312f6094db34af65717c4834a428",0.0550000000000637
"depress_st","AFDM",10,"MAE",0.804638977935922,"ok","",858,773,85,212762340,86350724,"1219312f6094db34af65717c4834a428",0.0550000000000637
"depress_st","mice",10,"RMSE",1.00577859802011,"ok","",858,773,85,212762340,255670976,"1219312f6094db34af65717c4834a428",0.0879999999999654
"depress_st","mice",10,"MAE",0.726352941176471,"ok","",858,773,85,212762340,255670976,"1219312f6094db34af65717c4834a428",0.0879999999999654
"pente_st","mean",10,"indisponible",NA,"non_applicable","non_applicable : moyenne pour cible quantitative seulement",611,550,61,139469713,132725964,"b3bef79d114ee7e7ab9f6ba5745579f5",0
"pente_st","median",10,"taux_erreur",0.344262295081967,"ok","",611,550,61,139469713,141463932,"b3bef79d114ee7e7ab9f6ba5745579f5",0
"pente_st","median",10,"accuracy",0.655737704918033,"ok","",611,550,61,139469713,141463932,"b3bef79d114ee7e7ab9f6ba5745579f5",0
"pente_st","median",10,"RMSE",0.586738694038468,"ok","",611,550,61,139469713,141463932,"b3bef79d114ee7e7ab9f6ba5745579f5",0
"pente_st","median",10,"MAE",0.344262295081967,"ok","",611,550,61,139469713,141463932,"b3bef79d114ee7e7ab9f6ba5745579f5",0
"pente_st","mode",10,"taux_erreur",0.344262295081967,"ok","",611,550,61,139469713,175275903,"b3bef79d114ee7e7ab9f6ba5745579f5",0.000999999999976353
"pente_st","mode",10,"accuracy",0.655737704918033,"ok","",611,550,61,139469713,175275903,"b3bef79d114ee7e7ab9f6ba5745579f5",0.000999999999976353
"pente_st","mode",10,"RMSE",0.586738694038468,"ok","",611,550,61,139469713,175275903,"b3bef79d114ee7e7ab9f6ba5745579f5",0.000999999999976353
"pente_st","mode",10,"MAE",0.344262295081967,"ok","",611,550,61,139469713,175275903,"b3bef79d114ee7e7ab9f6ba5745579f5",0.000999999999976353
"pente_st","RandomForest",10,"taux_erreur",0.19672131147541,"ok","",611,550,61,139469713,237832573,"b3bef79d114ee7e7ab9f6ba5745579f5",0.108999999999924
"pente_st","RandomForest",10,"accuracy",0.80327868852459,"ok","",611,550,61,139469713,237832573,"b3bef79d114ee7e7ab9f6ba5745579f5",0.108999999999924
"pente_st","RandomForest",10,"RMSE",0.495884703680465,"ok","",611,550,61,139469713,237832573,"b3bef79d114ee7e7ab9f6ba5745579f5",0.108999999999924
"pente_st","RandomForest",10,"MAE",0.213114754098361,"ok","",611,550,61,139469713,237832573,"b3bef79d114ee7e7ab9f6ba5745579f5",0.108999999999924
"pente_st","Knn",10,"taux_erreur",0.262295081967213,"ok","",611,550,61,139469713,209994027,"b3bef79d114ee7e7ab9f6ba5745579f5",0.0260000000000673
"pente_st","Knn",10,"accuracy",0.737704918032787,"ok","",611,550,61,139469713,209994027,"b3bef79d114ee7e7ab9f6ba5745579f5",0.0260000000000673
"pente_st","Knn",10,"RMSE",0.558099820673744,"ok","",611,550,61,139469713,209994027,"b3bef79d114ee7e7ab9f6ba5745579f5",0.0260000000000673
"pente_st","Knn",10,"MAE",0.278688524590164,"ok","",611,550,61,139469713,209994027,"b3bef79d114ee7e7ab9f6ba5745579f5",0.0260000000000673
"pente_st","ACP",10,"taux_erreur",0.442622950819672,"ok","",611,550,61,139469713,101086085,"b3bef79d114ee7e7ab9f6ba5745579f5",0.0209999999999582
"pente_st","ACP",10,"accuracy",0.557377049180328,"ok","",611,550,61,139469713,101086085,"b3bef79d114ee7e7ab9f6ba5745579f5",0.0209999999999582
"pente_st","ACP",10,"RMSE",0.768221279597376,"ok","",611,550,61,139469713,101086085,"b3bef79d114ee7e7ab9f6ba5745579f5",0.0209999999999582
"pente_st","ACP",10,"MAE",0.491803278688525,"ok","",611,550,61,139469713,101086085,"b3bef79d114ee7e7ab9f6ba5745579f5",0.0209999999999582
"pente_st","EM",10,"indisponible",NA,"non_applicable","non_applicable : EM gaussien pour cible quantitative seulement",611,550,61,139469713,195560574,"b3bef79d114ee7e7ab9f6ba5745579f5",0.000999999999976353
"pente_st","AFDM",10,"taux_erreur",0.278688524590164,"ok","",611,550,61,139469713,179028342,"b3bef79d114ee7e7ab9f6ba5745579f5",0.0650000000000546
"pente_st","AFDM",10,"accuracy",0.721311475409836,"ok","",611,550,61,139469713,179028342,"b3bef79d114ee7e7ab9f6ba5745579f5",0.0650000000000546
"pente_st","AFDM",10,"RMSE",0.572598334313868,"ok","",611,550,61,139469713,179028342,"b3bef79d114ee7e7ab9f6ba5745579f5",0.0650000000000546
"pente_st","AFDM",10,"MAE",0.295081967213115,"ok","",611,550,61,139469713,179028342,"b3bef79d114ee7e7ab9f6ba5745579f5",0.0650000000000546
"pente_st","mice",10,"taux_erreur",0.245901639344262,"ok","",611,550,61,139469713,112197613,"b3bef79d114ee7e7ab9f6ba5745579f5",0.319999999999936
"pente_st","mice",10,"accuracy",0.754098360655738,"ok","",611,550,61,139469713,112197613,"b3bef79d114ee7e7ab9f6ba5745579f5",0.319999999999936
"pente_st","mice",10,"RMSE",0.543214476255111,"ok","",611,550,61,139469713,112197613,"b3bef79d114ee7e7ab9f6ba5745579f5",0.319999999999936
"pente_st","mice",10,"MAE",0.262295081967213,"ok","",611,550,61,139469713,112197613,"b3bef79d114ee7e7ab9f6ba5745579f5",0.319999999999936
"nb_vaisseaux","mean",10,"indisponible",NA,"non_applicable","non_applicable : moyenne pour cible quantitative seulement",309,279,30,23270733,108178470,"3c57aa1b6f6e72164bee13d3244e8f3b",0.000999999999976353
"nb_vaisseaux","median",10,"taux_erreur",0.366666666666667,"ok","",309,279,30,23270733,79557382,"3c57aa1b6f6e72164bee13d3244e8f3b",0
"nb_vaisseaux","median",10,"accuracy",0.633333333333333,"ok","",309,279,30,23270733,79557382,"3c57aa1b6f6e72164bee13d3244e8f3b",0
"nb_vaisseaux","median",10,"RMSE",1.06458129484475,"ok","",309,279,30,23270733,79557382,"3c57aa1b6f6e72164bee13d3244e8f3b",0
"nb_vaisseaux","median",10,"MAE",0.6,"ok","",309,279,30,23270733,79557382,"3c57aa1b6f6e72164bee13d3244e8f3b",0
"nb_vaisseaux","mode",10,"taux_erreur",0.366666666666667,"ok","",309,279,30,23270733,256775737,"3c57aa1b6f6e72164bee13d3244e8f3b",0.00100000000020373
"nb_vaisseaux","mode",10,"accuracy",0.633333333333333,"ok","",309,279,30,23270733,256775737,"3c57aa1b6f6e72164bee13d3244e8f3b",0.00100000000020373
"nb_vaisseaux","mode",10,"RMSE",1.06458129484475,"ok","",309,279,30,23270733,256775737,"3c57aa1b6f6e72164bee13d3244e8f3b",0.00100000000020373
"nb_vaisseaux","mode",10,"MAE",0.6,"ok","",309,279,30,23270733,256775737,"3c57aa1b6f6e72164bee13d3244e8f3b",0.00100000000020373
"nb_vaisseaux","RandomForest",10,"taux_erreur",0.333333333333333,"ok","",309,279,30,23270733,115861690,"3c57aa1b6f6e72164bee13d3244e8f3b",0.0570000000000164
"nb_vaisseaux","RandomForest",10,"accuracy",0.666666666666667,"ok","",309,279,30,23270733,115861690,"3c57aa1b6f6e72164bee13d3244e8f3b",0.0570000000000164
"nb_vaisseaux","RandomForest",10,"RMSE",1,"ok","",309,279,30,23270733,115861690,"3c57aa1b6f6e72164bee13d3244e8f3b",0.0570000000000164
"nb_vaisseaux","RandomForest",10,"MAE",0.533333333333333,"ok","",309,279,30,23270733,115861690,"3c57aa1b6f6e72164bee13d3244e8f3b",0.0570000000000164
"nb_vaisseaux","Knn",10,"taux_erreur",0.366666666666667,"ok","",309,279,30,23270733,87512131,"3c57aa1b6f6e72164bee13d3244e8f3b",0.01299999999992
"nb_vaisseaux","Knn",10,"accuracy",0.633333333333333,"ok","",309,279,30,23270733,87512131,"3c57aa1b6f6e72164bee13d3244e8f3b",0.01299999999992
"nb_vaisseaux","Knn",10,"RMSE",0.816496580927726,"ok","",309,279,30,23270733,87512131,"3c57aa1b6f6e72164bee13d3244e8f3b",0.01299999999992
"nb_vaisseaux","Knn",10,"MAE",0.466666666666667,"ok","",309,279,30,23270733,87512131,"3c57aa1b6f6e72164bee13d3244e8f3b",0.01299999999992
"nb_vaisseaux","ACP",10,"taux_erreur",0.433333333333333,"ok","",309,279,30,23270733,153802920,"3c57aa1b6f6e72164bee13d3244e8f3b",0.0150000000001
"nb_vaisseaux","ACP",10,"accuracy",0.566666666666667,"ok","",309,279,30,23270733,153802920,"3c57aa1b6f6e72164bee13d3244e8f3b",0.0150000000001
"nb_vaisseaux","ACP",10,"RMSE",1.04880884817015,"ok","",309,279,30,23270733,153802920,"3c57aa1b6f6e72164bee13d3244e8f3b",0.0150000000001
"nb_vaisseaux","ACP",10,"MAE",0.633333333333333,"ok","",309,279,30,23270733,153802920,"3c57aa1b6f6e72164bee13d3244e8f3b",0.0150000000001
"nb_vaisseaux","EM",10,"indisponible",NA,"non_applicable","non_applicable : EM gaussien pour cible quantitative seulement",309,279,30,23270733,261772237,"3c57aa1b6f6e72164bee13d3244e8f3b",0
"nb_vaisseaux","AFDM",10,"taux_erreur",0.366666666666667,"ok","",309,279,30,23270733,171416423,"3c57aa1b6f6e72164bee13d3244e8f3b",0.0270000000000437
"nb_vaisseaux","AFDM",10,"accuracy",0.633333333333333,"ok","",309,279,30,23270733,171416423,"3c57aa1b6f6e72164bee13d3244e8f3b",0.0270000000000437
"nb_vaisseaux","AFDM",10,"RMSE",0.930949336251263,"ok","",309,279,30,23270733,171416423,"3c57aa1b6f6e72164bee13d3244e8f3b",0.0270000000000437
"nb_vaisseaux","AFDM",10,"MAE",0.533333333333333,"ok","",309,279,30,23270733,171416423,"3c57aa1b6f6e72164bee13d3244e8f3b",0.0270000000000437
"nb_vaisseaux","mice",10,"taux_erreur",0.333333333333333,"ok","",309,279,30,23270733,55406742,"3c57aa1b6f6e72164bee13d3244e8f3b",0.238000000000056
"nb_vaisseaux","mice",10,"accuracy",0.666666666666667,"ok","",309,279,30,23270733,55406742,"3c57aa1b6f6e72164bee13d3244e8f3b",0.238000000000056
"nb_vaisseaux","mice",10,"RMSE",1,"ok","",309,279,30,23270733,55406742,"3c57aa1b6f6e72164bee13d3244e8f3b",0.238000000000056
"nb_vaisseaux","mice",10,"MAE",0.533333333333333,"ok","",309,279,30,23270733,55406742,"3c57aa1b6f6e72164bee13d3244e8f3b",0.238000000000056
"test_thallium","mean",10,"indisponible",NA,"non_applicable","non_applicable : moyenne pour cible quantitative seulement",434,391,43,13144012,74662143,"0bd89c90fdd9acabed09898265e64dae",0
"test_thallium","median",10,"indisponible",NA,"non_applicable","non_applicable : médiane sans sens pour cible nominale",434,391,43,13144012,135026355,"0bd89c90fdd9acabed09898265e64dae",0
"test_thallium","mode",10,"taux_erreur",0.534883720930233,"ok","",434,391,43,13144012,53914002,"0bd89c90fdd9acabed09898265e64dae",0.000999999999976353
"test_thallium","mode",10,"accuracy",0.465116279069767,"ok","",434,391,43,13144012,53914002,"0bd89c90fdd9acabed09898265e64dae",0.000999999999976353
"test_thallium","RandomForest",10,"taux_erreur",0.372093023255814,"ok","",434,391,43,13144012,138078020,"0bd89c90fdd9acabed09898265e64dae",0.0809999999999036
"test_thallium","RandomForest",10,"accuracy",0.627906976744186,"ok","",434,391,43,13144012,138078020,"0bd89c90fdd9acabed09898265e64dae",0.0809999999999036
"test_thallium","Knn",10,"taux_erreur",0.372093023255814,"ok","",434,391,43,13144012,207174849,"0bd89c90fdd9acabed09898265e64dae",0.0170000000000528
"test_thallium","Knn",10,"accuracy",0.627906976744186,"ok","",434,391,43,13144012,207174849,"0bd89c90fdd9acabed09898265e64dae",0.0170000000000528
"test_thallium","ACP",10,"taux_erreur",0.418604651162791,"ok","",434,391,43,13144012,147319936,"0bd89c90fdd9acabed09898265e64dae",0.0190000000000055
"test_thallium","ACP",10,"accuracy",0.581395348837209,"ok","",434,391,43,13144012,147319936,"0bd89c90fdd9acabed09898265e64dae",0.0190000000000055
"test_thallium","EM",10,"indisponible",NA,"non_applicable","non_applicable : EM gaussien pour cible quantitative seulement",434,391,43,13144012,160721815,"0bd89c90fdd9acabed09898265e64dae",0.00100000000020373
"test_thallium","AFDM",10,"taux_erreur",0.418604651162791,"ok","",434,391,43,13144012,265507063,"0bd89c90fdd9acabed09898265e64dae",0.0319999999999254
"test_thallium","AFDM",10,"accuracy",0.581395348837209,"ok","",434,391,43,13144012,265507063,"0bd89c90fdd9acabed09898265e64dae",0.0319999999999254
"test_thallium","mice",10,"taux_erreur",0.348837209302326,"ok","",434,391,43,13144012,41789966,"0bd89c90fdd9acabed09898265e64dae",0.243999999999915
"test_thallium","mice",10,"accuracy",0.651162790697674,"ok","",434,391,43,13144012,41789966,"0bd89c90fdd9acabed09898265e64dae",0.243999999999915
"pa_repos","mean",11,"RMSE",15.6072811317494,"ok","",860,774,86,47577260,254737426,"33c759829910814a08916b2d90b4627f",0
"pa_repos","mean",11,"MAE",13.0454299621417,"ok","",860,774,86,47577260,254737426,"33c759829910814a08916b2d90b4627f",0
"pa_repos","median",11,"RMSE",15.3031384529981,"ok","",860,774,86,47577260,156428743,"33c759829910814a08916b2d90b4627f",0
"pa_repos","median",11,"MAE",12.1860465116279,"ok","",860,774,86,47577260,156428743,"33c759829910814a08916b2d90b4627f",0
"pa_repos","mode",11,"RMSE",17.9987079639649,"ok","",860,774,86,47577260,114110877,"33c759829910814a08916b2d90b4627f",0.000999999999976353
"pa_repos","mode",11,"MAE",13.3953488372093,"ok","",860,774,86,47577260,114110877,"33c759829910814a08916b2d90b4627f",0.000999999999976353
"pa_repos","RandomForest",11,"RMSE",14.4687821162083,"ok","",860,774,86,47577260,129742951,"33c759829910814a08916b2d90b4627f",0.125
"pa_repos","RandomForest",11,"MAE",11.7378845606984,"ok","",860,774,86,47577260,129742951,"33c759829910814a08916b2d90b4627f",0.125
"pa_repos","Knn",11,"RMSE",15.3166727821769,"ok","",860,774,86,47577260,9201255,"33c759829910814a08916b2d90b4627f",0.0160000000000764
"pa_repos","Knn",11,"MAE",12.2116279069767,"ok","",860,774,86,47577260,9201255,"33c759829910814a08916b2d90b4627f",0.0160000000000764
"pa_repos","ACP",11,"RMSE",16.1578472238693,"ok","",860,774,86,47577260,226141484,"33c759829910814a08916b2d90b4627f",0.0149999999998727
"pa_repos","ACP",11,"MAE",12.3896005727767,"ok","",860,774,86,47577260,226141484,"33c759829910814a08916b2d90b4627f",0.0149999999998727
"pa_repos","EM",11,"RMSE",14.9297357752888,"ok","",860,774,86,47577260,11789295,"33c759829910814a08916b2d90b4627f",0.282000000000153
"pa_repos","EM",11,"MAE",11.8867867863949,"ok","",860,774,86,47577260,11789295,"33c759829910814a08916b2d90b4627f",0.282000000000153
"pa_repos","AFDM",11,"RMSE",15.0874461365267,"ok","",860,774,86,47577260,9890069,"33c759829910814a08916b2d90b4627f",0.0370000000000346
"pa_repos","AFDM",11,"MAE",12.3980114843927,"ok","",860,774,86,47577260,9890069,"33c759829910814a08916b2d90b4627f",0.0370000000000346
"pa_repos","mice",11,"RMSE",16.4706221907018,"ok","",860,774,86,47577260,190330823,"33c759829910814a08916b2d90b4627f",0.0769999999999982
"pa_repos","mice",11,"MAE",13.1186046511628,"ok","",860,774,86,47577260,190330823,"33c759829910814a08916b2d90b4627f",0.0769999999999982
"cholesterol","mean",11,"RMSE",50.1563915228332,"ok","",718,647,71,77071605,34463032,"3cba54453560c02616703d876831aef6",0
"cholesterol","mean",11,"MAE",36.9781657487428,"ok","",718,647,71,77071605,34463032,"3cba54453560c02616703d876831aef6",0
"cholesterol","median",11,"RMSE",51.3547452447671,"ok","",718,647,71,77071605,170344920,"3cba54453560c02616703d876831aef6",0.000999999999976353
"cholesterol","median",11,"MAE",37.056338028169,"ok","",718,647,71,77071605,170344920,"3cba54453560c02616703d876831aef6",0.000999999999976353
"cholesterol","mode",11,"RMSE",58.7506068293503,"ok","",718,647,71,77071605,96169666,"3cba54453560c02616703d876831aef6",0.000999999999976353
"cholesterol","mode",11,"MAE",41.4084507042254,"ok","",718,647,71,77071605,96169666,"3cba54453560c02616703d876831aef6",0.000999999999976353
"cholesterol","RandomForest",11,"RMSE",57.2511731389395,"ok","",718,647,71,77071605,213072052,"3cba54453560c02616703d876831aef6",0.120999999999867
"cholesterol","RandomForest",11,"MAE",41.5006429806905,"ok","",718,647,71,77071605,213072052,"3cba54453560c02616703d876831aef6",0.120999999999867
"cholesterol","Knn",11,"RMSE",62.5734858127671,"ok","",718,647,71,77071605,229024311,"3cba54453560c02616703d876831aef6",0.0190000000000055
"cholesterol","Knn",11,"MAE",46.9070422535211,"ok","",718,647,71,77071605,229024311,"3cba54453560c02616703d876831aef6",0.0190000000000055
"cholesterol","ACP",11,"RMSE",57.429351539206,"ok","",718,647,71,77071605,27576108,"3cba54453560c02616703d876831aef6",0.0190000000000055
"cholesterol","ACP",11,"MAE",42.3830270537141,"ok","",718,647,71,77071605,27576108,"3cba54453560c02616703d876831aef6",0.0190000000000055
"cholesterol","EM",11,"RMSE",51.2011873651868,"ok","",718,647,71,77071605,234575841,"3cba54453560c02616703d876831aef6",0.0789999999999509
"cholesterol","EM",11,"MAE",37.994059793361,"ok","",718,647,71,77071605,234575841,"3cba54453560c02616703d876831aef6",0.0789999999999509
"cholesterol","AFDM",11,"RMSE",52.3381033624414,"ok","",718,647,71,77071605,260486740,"3cba54453560c02616703d876831aef6",0.0489999999999782
"cholesterol","AFDM",11,"MAE",38.9163652059933,"ok","",718,647,71,77071605,260486740,"3cba54453560c02616703d876831aef6",0.0489999999999782
"cholesterol","mice",11,"RMSE",60.1435934326002,"ok","",718,647,71,77071605,216120686,"3cba54453560c02616703d876831aef6",0.0650000000000546
"cholesterol","mice",11,"MAE",41.9774647887324,"ok","",718,647,71,77071605,216120686,"3cba54453560c02616703d876831aef6",0.0650000000000546
"glyc_jeun_elevee","mean",11,"indisponible",NA,"non_applicable","non_applicable : moyenne pour cible quantitative seulement",830,747,83,204505619,67126678,"057cede7c57a2b305e1dcd0816784bba",0
"glyc_jeun_elevee","median",11,"indisponible",NA,"non_applicable","non_applicable : médiane sans sens pour cible nominale",830,747,83,204505619,122055797,"057cede7c57a2b305e1dcd0816784bba",0
"glyc_jeun_elevee","mode",11,"taux_erreur",0.228915662650602,"ok","",830,747,83,204505619,89238059,"057cede7c57a2b305e1dcd0816784bba",0
"glyc_jeun_elevee","mode",11,"accuracy",0.771084337349398,"ok","",830,747,83,204505619,89238059,"057cede7c57a2b305e1dcd0816784bba",0
"glyc_jeun_elevee","RandomForest",11,"taux_erreur",0.216867469879518,"ok","",830,747,83,204505619,142562506,"057cede7c57a2b305e1dcd0816784bba",0.113000000000056
"glyc_jeun_elevee","RandomForest",11,"accuracy",0.783132530120482,"ok","",830,747,83,204505619,142562506,"057cede7c57a2b305e1dcd0816784bba",0.113000000000056
"glyc_jeun_elevee","Knn",11,"taux_erreur",0.228915662650602,"ok","",830,747,83,204505619,228745188,"057cede7c57a2b305e1dcd0816784bba",0.0320000000001528
"glyc_jeun_elevee","Knn",11,"accuracy",0.771084337349398,"ok","",830,747,83,204505619,228745188,"057cede7c57a2b305e1dcd0816784bba",0.0320000000001528
"glyc_jeun_elevee","ACP",11,"taux_erreur",0.253012048192771,"ok","",830,747,83,204505619,27025174,"057cede7c57a2b305e1dcd0816784bba",0.0209999999999582
"glyc_jeun_elevee","ACP",11,"accuracy",0.746987951807229,"ok","",830,747,83,204505619,27025174,"057cede7c57a2b305e1dcd0816784bba",0.0209999999999582
"glyc_jeun_elevee","EM",11,"indisponible",NA,"non_applicable","non_applicable : EM gaussien pour cible quantitative seulement",830,747,83,204505619,12385253,"057cede7c57a2b305e1dcd0816784bba",0
"glyc_jeun_elevee","AFDM",11,"taux_erreur",0.228915662650602,"ok","",830,747,83,204505619,183699497,"057cede7c57a2b305e1dcd0816784bba",0.04099999999994
"glyc_jeun_elevee","AFDM",11,"accuracy",0.771084337349398,"ok","",830,747,83,204505619,183699497,"057cede7c57a2b305e1dcd0816784bba",0.04099999999994
"glyc_jeun_elevee","mice",11,"taux_erreur",0.253012048192771,"ok","",830,747,83,204505619,203865311,"057cede7c57a2b305e1dcd0816784bba",0.176000000000158
"glyc_jeun_elevee","mice",11,"accuracy",0.746987951807229,"ok","",830,747,83,204505619,203865311,"057cede7c57a2b305e1dcd0816784bba",0.176000000000158
"ecg_repos","mean",11,"indisponible",NA,"non_applicable","non_applicable : moyenne pour cible quantitative seulement",918,827,91,38458456,197666722,"ea9b5a35ea41962302c1af48d1510ca1",0
"ecg_repos","median",11,"indisponible",NA,"non_applicable","non_applicable : médiane sans sens pour cible nominale",918,827,91,38458456,6113734,"ea9b5a35ea41962302c1af48d1510ca1",0
"ecg_repos","mode",11,"taux_erreur",0.472527472527473,"ok","",918,827,91,38458456,260911738,"ea9b5a35ea41962302c1af48d1510ca1",0.000999999999976353
"ecg_repos","mode",11,"accuracy",0.527472527472527,"ok","",918,827,91,38458456,260911738,"ea9b5a35ea41962302c1af48d1510ca1",0.000999999999976353
"ecg_repos","RandomForest",11,"taux_erreur",0.505494505494505,"ok","",918,827,91,38458456,28069420,"ea9b5a35ea41962302c1af48d1510ca1",0.142999999999802
"ecg_repos","RandomForest",11,"accuracy",0.494505494505495,"ok","",918,827,91,38458456,28069420,"ea9b5a35ea41962302c1af48d1510ca1",0.142999999999802
"ecg_repos","Knn",11,"taux_erreur",0.450549450549451,"ok","",918,827,91,38458456,123942703,"ea9b5a35ea41962302c1af48d1510ca1",0.0240000000001146
"ecg_repos","Knn",11,"accuracy",0.549450549450549,"ok","",918,827,91,38458456,123942703,"ea9b5a35ea41962302c1af48d1510ca1",0.0240000000001146
"ecg_repos","ACP",11,"taux_erreur",0.384615384615385,"ok","",918,827,91,38458456,49224948,"ea9b5a35ea41962302c1af48d1510ca1",0.0229999999999109
"ecg_repos","ACP",11,"accuracy",0.615384615384615,"ok","",918,827,91,38458456,49224948,"ea9b5a35ea41962302c1af48d1510ca1",0.0229999999999109
"ecg_repos","EM",11,"indisponible",NA,"non_applicable","non_applicable : EM gaussien pour cible quantitative seulement",918,827,91,38458456,46264755,"ea9b5a35ea41962302c1af48d1510ca1",0
"ecg_repos","AFDM",11,"taux_erreur",0.417582417582418,"ok","",918,827,91,38458456,54455222,"ea9b5a35ea41962302c1af48d1510ca1",0.0550000000000637
"ecg_repos","AFDM",11,"accuracy",0.582417582417582,"ok","",918,827,91,38458456,54455222,"ea9b5a35ea41962302c1af48d1510ca1",0.0550000000000637
"ecg_repos","mice",11,"taux_erreur",0.395604395604396,"ok","",918,827,91,38458456,150888646,"ea9b5a35ea41962302c1af48d1510ca1",0.349999999999909
"ecg_repos","mice",11,"accuracy",0.604395604395604,"ok","",918,827,91,38458456,150888646,"ea9b5a35ea41962302c1af48d1510ca1",0.349999999999909
"fc_max","mean",11,"RMSE",27.5497153044024,"ok","",865,779,86,46066485,1016206,"f22e71dcbb81668ef08aa5e751e22231",0.000999999999976353
"fc_max","mean",11,"MAE",22.4267098546138,"ok","",865,779,86,46066485,1016206,"f22e71dcbb81668ef08aa5e751e22231",0.000999999999976353
"fc_max","median",11,"RMSE",27.6525367859384,"ok","",865,779,86,46066485,15780824,"f22e71dcbb81668ef08aa5e751e22231",0
"fc_max","median",11,"MAE",22.2441860465116,"ok","",865,779,86,46066485,15780824,"f22e71dcbb81668ef08aa5e751e22231",0
"fc_max","mode",11,"RMSE",27.6525367859384,"ok","",865,779,86,46066485,167574900,"f22e71dcbb81668ef08aa5e751e22231",0.000999999999976353
"fc_max","mode",11,"MAE",22.2441860465116,"ok","",865,779,86,46066485,167574900,"f22e71dcbb81668ef08aa5e751e22231",0.000999999999976353
"fc_max","RandomForest",11,"RMSE",21.0715384503084,"ok","",865,779,86,46066485,47755580,"f22e71dcbb81668ef08aa5e751e22231",0.141000000000076
"fc_max","RandomForest",11,"MAE",16.8428315795865,"ok","",865,779,86,46066485,47755580,"f22e71dcbb81668ef08aa5e751e22231",0.141000000000076
"fc_max","Knn",11,"RMSE",22.9201749252629,"ok","",865,779,86,46066485,134234856,"f22e71dcbb81668ef08aa5e751e22231",0.0179999999998017
"fc_max","Knn",11,"MAE",18.9325581395349,"ok","",865,779,86,46066485,134234856,"f22e71dcbb81668ef08aa5e751e22231",0.0179999999998017
"fc_max","ACP",11,"RMSE",36.5324079723494,"ok","",865,779,86,46066485,108489741,"f22e71dcbb81668ef08aa5e751e22231",0.0299999999999727
"fc_max","ACP",11,"MAE",29.8711781836377,"ok","",865,779,86,46066485,108489741,"f22e71dcbb81668ef08aa5e751e22231",0.0299999999999727
"fc_max","EM",11,"RMSE",24.7468181752985,"ok","",865,779,86,46066485,16888474,"f22e71dcbb81668ef08aa5e751e22231",0.239000000000033
"fc_max","EM",11,"MAE",20.2337775523541,"ok","",865,779,86,46066485,16888474,"f22e71dcbb81668ef08aa5e751e22231",0.239000000000033
"fc_max","AFDM",11,"RMSE",22.9339060705241,"ok","",865,779,86,46066485,66468301,"f22e71dcbb81668ef08aa5e751e22231",0.0470000000000255
"fc_max","AFDM",11,"MAE",18.7344069465208,"ok","",865,779,86,46066485,66468301,"f22e71dcbb81668ef08aa5e751e22231",0.0470000000000255
"fc_max","mice",11,"RMSE",22.9925771641885,"ok","",865,779,86,46066485,220404333,"f22e71dcbb81668ef08aa5e751e22231",0.0879999999999654
"fc_max","mice",11,"MAE",18.2604651162791,"ok","",865,779,86,46066485,220404333,"f22e71dcbb81668ef08aa5e751e22231",0.0879999999999654
"angine_effort","mean",11,"indisponible",NA,"non_applicable","non_applicable : moyenne pour cible quantitative seulement",865,779,86,18073615,200723420,"faef8b9db4354151fe4c60433dd834f6",0
"angine_effort","median",11,"indisponible",NA,"non_applicable","non_applicable : médiane sans sens pour cible nominale",865,779,86,18073615,117649243,"faef8b9db4354151fe4c60433dd834f6",0
"angine_effort","mode",11,"taux_erreur",0.406976744186047,"ok","",865,779,86,18073615,4391119,"faef8b9db4354151fe4c60433dd834f6",0
"angine_effort","mode",11,"accuracy",0.593023255813953,"ok","",865,779,86,18073615,4391119,"faef8b9db4354151fe4c60433dd834f6",0
"angine_effort","RandomForest",11,"taux_erreur",0.22093023255814,"ok","",865,779,86,18073615,127578307,"faef8b9db4354151fe4c60433dd834f6",0.119000000000142
"angine_effort","RandomForest",11,"accuracy",0.779069767441861,"ok","",865,779,86,18073615,127578307,"faef8b9db4354151fe4c60433dd834f6",0.119000000000142
"angine_effort","Knn",11,"taux_erreur",0.232558139534884,"ok","",865,779,86,18073615,181011607,"faef8b9db4354151fe4c60433dd834f6",0.0289999999999964
"angine_effort","Knn",11,"accuracy",0.767441860465116,"ok","",865,779,86,18073615,181011607,"faef8b9db4354151fe4c60433dd834f6",0.0289999999999964
"angine_effort","ACP",11,"taux_erreur",0.406976744186047,"ok","",865,779,86,18073615,30666364,"faef8b9db4354151fe4c60433dd834f6",0.0199999999999818
"angine_effort","ACP",11,"accuracy",0.593023255813953,"ok","",865,779,86,18073615,30666364,"faef8b9db4354151fe4c60433dd834f6",0.0199999999999818
"angine_effort","EM",11,"indisponible",NA,"non_applicable","non_applicable : EM gaussien pour cible quantitative seulement",865,779,86,18073615,239643165,"faef8b9db4354151fe4c60433dd834f6",0
"angine_effort","AFDM",11,"taux_erreur",0.267441860465116,"ok","",865,779,86,18073615,248018969,"faef8b9db4354151fe4c60433dd834f6",0.0370000000000346
"angine_effort","AFDM",11,"accuracy",0.732558139534884,"ok","",865,779,86,18073615,248018969,"faef8b9db4354151fe4c60433dd834f6",0.0370000000000346
"angine_effort","mice",11,"taux_erreur",0.302325581395349,"ok","",865,779,86,18073615,27052974,"faef8b9db4354151fe4c60433dd834f6",0.188000000000102
"angine_effort","mice",11,"accuracy",0.697674418604651,"ok","",865,779,86,18073615,27052974,"faef8b9db4354151fe4c60433dd834f6",0.188000000000102
"depress_st","mean",11,"RMSE",1.20911809986525,"ok","",858,773,85,226110603,245457888,"50f46829e775a54bc1075c84cbfce09c",0
"depress_st","mean",11,"MAE",0.988518377596834,"ok","",858,773,85,226110603,245457888,"50f46829e775a54bc1075c84cbfce09c",0
"depress_st","median",11,"RMSE",1.29182952799964,"ok","",858,773,85,226110603,82088709,"50f46829e775a54bc1075c84cbfce09c",0.000999999999976353
"depress_st","median",11,"MAE",0.963529411764706,"ok","",858,773,85,226110603,82088709,"50f46829e775a54bc1075c84cbfce09c",0.000999999999976353
"depress_st","mode",11,"RMSE",1.54386832721081,"ok","",858,773,85,226110603,84878215,"50f46829e775a54bc1075c84cbfce09c",0.000999999999976353
"depress_st","mode",11,"MAE",0.988235294117647,"ok","",858,773,85,226110603,84878215,"50f46829e775a54bc1075c84cbfce09c",0.000999999999976353
"depress_st","RandomForest",11,"RMSE",0.974388997789881,"ok","",858,773,85,226110603,190283461,"50f46829e775a54bc1075c84cbfce09c",0.130000000000109
"depress_st","RandomForest",11,"MAE",0.723310103221455,"ok","",858,773,85,226110603,190283461,"50f46829e775a54bc1075c84cbfce09c",0.130000000000109
"depress_st","Knn",11,"RMSE",1.06413400306098,"ok","",858,773,85,226110603,226766001,"50f46829e775a54bc1075c84cbfce09c",0.015999999999849
"depress_st","Knn",11,"MAE",0.776705882352941,"ok","",858,773,85,226110603,226766001,"50f46829e775a54bc1075c84cbfce09c",0.015999999999849
"depress_st","ACP",11,"RMSE",1.74458011596516,"ok","",858,773,85,226110603,83825870,"50f46829e775a54bc1075c84cbfce09c",0.015999999999849
"depress_st","ACP",11,"MAE",1.48480105758234,"ok","",858,773,85,226110603,83825870,"50f46829e775a54bc1075c84cbfce09c",0.015999999999849
"depress_st","EM",11,"RMSE",1.22262149768081,"ok","",858,773,85,226110603,243433910,"50f46829e775a54bc1075c84cbfce09c",0.288999999999987
"depress_st","EM",11,"MAE",0.958703628260439,"ok","",858,773,85,226110603,243433910,"50f46829e775a54bc1075c84cbfce09c",0.288999999999987
"depress_st","AFDM",11,"RMSE",1.13063987412386,"ok","",858,773,85,226110603,8219003,"50f46829e775a54bc1075c84cbfce09c",0.0460000000000491
"depress_st","AFDM",11,"MAE",0.847166398359812,"ok","",858,773,85,226110603,8219003,"50f46829e775a54bc1075c84cbfce09c",0.0460000000000491
"depress_st","mice",11,"RMSE",1.10385207875182,"ok","",858,773,85,226110603,30900936,"50f46829e775a54bc1075c84cbfce09c",0.0710000000001401
"depress_st","mice",11,"MAE",0.852,"ok","",858,773,85,226110603,30900936,"50f46829e775a54bc1075c84cbfce09c",0.0710000000001401
"pente_st","mean",11,"indisponible",NA,"non_applicable","non_applicable : moyenne pour cible quantitative seulement",611,550,61,96355709,18000628,"627c08199503f2c9c49361eca3286e7f",0
"pente_st","median",11,"taux_erreur",0.409836065573771,"ok","",611,550,61,96355709,3979136,"627c08199503f2c9c49361eca3286e7f",0.000999999999976353
"pente_st","median",11,"accuracy",0.590163934426229,"ok","",611,550,61,96355709,3979136,"627c08199503f2c9c49361eca3286e7f",0.000999999999976353
"pente_st","median",11,"RMSE",0.64018439966448,"ok","",611,550,61,96355709,3979136,"627c08199503f2c9c49361eca3286e7f",0.000999999999976353
"pente_st","median",11,"MAE",0.409836065573771,"ok","",611,550,61,96355709,3979136,"627c08199503f2c9c49361eca3286e7f",0.000999999999976353
"pente_st","mode",11,"taux_erreur",0.409836065573771,"ok","",611,550,61,96355709,51375289,"627c08199503f2c9c49361eca3286e7f",0
"pente_st","mode",11,"accuracy",0.590163934426229,"ok","",611,550,61,96355709,51375289,"627c08199503f2c9c49361eca3286e7f",0
"pente_st","mode",11,"RMSE",0.64018439966448,"ok","",611,550,61,96355709,51375289,"627c08199503f2c9c49361eca3286e7f",0
"pente_st","mode",11,"MAE",0.409836065573771,"ok","",611,550,61,96355709,51375289,"627c08199503f2c9c49361eca3286e7f",0
"pente_st","RandomForest",11,"taux_erreur",0.327868852459016,"ok","",611,550,61,96355709,65324753,"627c08199503f2c9c49361eca3286e7f",0.126999999999953
"pente_st","RandomForest",11,"accuracy",0.672131147540984,"ok","",611,550,61,96355709,65324753,"627c08199503f2c9c49361eca3286e7f",0.126999999999953
"pente_st","RandomForest",11,"RMSE",0.614043304928788,"ok","",611,550,61,96355709,65324753,"627c08199503f2c9c49361eca3286e7f",0.126999999999953
"pente_st","RandomForest",11,"MAE",0.344262295081967,"ok","",611,550,61,96355709,65324753,"627c08199503f2c9c49361eca3286e7f",0.126999999999953
"pente_st","Knn",11,"taux_erreur",0.377049180327869,"ok","",611,550,61,96355709,167649474,"627c08199503f2c9c49361eca3286e7f",0.0210000000001855
"pente_st","Knn",11,"accuracy",0.622950819672131,"ok","",611,550,61,96355709,167649474,"627c08199503f2c9c49361eca3286e7f",0.0210000000001855
"pente_st","Knn",11,"RMSE",0.724285968340148,"ok","",611,550,61,96355709,167649474,"627c08199503f2c9c49361eca3286e7f",0.0210000000001855
"pente_st","Knn",11,"MAE",0.426229508196721,"ok","",611,550,61,96355709,167649474,"627c08199503f2c9c49361eca3286e7f",0.0210000000001855
"pente_st","ACP",11,"taux_erreur",0.475409836065574,"ok","",611,550,61,96355709,409429,"627c08199503f2c9c49361eca3286e7f",0.0190000000000055
"pente_st","ACP",11,"accuracy",0.524590163934426,"ok","",611,550,61,96355709,409429,"627c08199503f2c9c49361eca3286e7f",0.0190000000000055
"pente_st","ACP",11,"RMSE",0.819836049183606,"ok","",611,550,61,96355709,409429,"627c08199503f2c9c49361eca3286e7f",0.0190000000000055
"pente_st","ACP",11,"MAE",0.540983606557377,"ok","",611,550,61,96355709,409429,"627c08199503f2c9c49361eca3286e7f",0.0190000000000055
"pente_st","EM",11,"indisponible",NA,"non_applicable","non_applicable : EM gaussien pour cible quantitative seulement",611,550,61,96355709,122739779,"627c08199503f2c9c49361eca3286e7f",0
"pente_st","AFDM",11,"taux_erreur",0.360655737704918,"ok","",611,550,61,96355709,163073009,"627c08199503f2c9c49361eca3286e7f",0.0570000000000164
"pente_st","AFDM",11,"accuracy",0.639344262295082,"ok","",611,550,61,96355709,163073009,"627c08199503f2c9c49361eca3286e7f",0.0570000000000164
"pente_st","AFDM",11,"RMSE",0.64018439966448,"ok","",611,550,61,96355709,163073009,"627c08199503f2c9c49361eca3286e7f",0.0570000000000164
"pente_st","AFDM",11,"MAE",0.377049180327869,"ok","",611,550,61,96355709,163073009,"627c08199503f2c9c49361eca3286e7f",0.0570000000000164
"pente_st","mice",11,"taux_erreur",0.409836065573771,"ok","",611,550,61,96355709,205308460,"627c08199503f2c9c49361eca3286e7f",0.336000000000013
"pente_st","mice",11,"accuracy",0.590163934426229,"ok","",611,550,61,96355709,205308460,"627c08199503f2c9c49361eca3286e7f",0.336000000000013
"pente_st","mice",11,"RMSE",0.677507485894158,"ok","",611,550,61,96355709,205308460,"627c08199503f2c9c49361eca3286e7f",0.336000000000013
"pente_st","mice",11,"MAE",0.426229508196721,"ok","",611,550,61,96355709,205308460,"627c08199503f2c9c49361eca3286e7f",0.336000000000013
"nb_vaisseaux","mean",11,"indisponible",NA,"non_applicable","non_applicable : moyenne pour cible quantitative seulement",309,279,30,240885816,103970578,"7a630eacea32b9108687ef7a39d266a4",0
"nb_vaisseaux","median",11,"taux_erreur",0.4,"ok","",309,279,30,240885816,255871354,"7a630eacea32b9108687ef7a39d266a4",0.000999999999976353
"nb_vaisseaux","median",11,"accuracy",0.6,"ok","",309,279,30,240885816,255871354,"7a630eacea32b9108687ef7a39d266a4",0.000999999999976353
"nb_vaisseaux","median",11,"RMSE",1.18321595661992,"ok","",309,279,30,240885816,255871354,"7a630eacea32b9108687ef7a39d266a4",0.000999999999976353
"nb_vaisseaux","median",11,"MAE",0.666666666666667,"ok","",309,279,30,240885816,255871354,"7a630eacea32b9108687ef7a39d266a4",0.000999999999976353
"nb_vaisseaux","mode",11,"taux_erreur",0.4,"ok","",309,279,30,240885816,155011665,"7a630eacea32b9108687ef7a39d266a4",0.000999999999976353
"nb_vaisseaux","mode",11,"accuracy",0.6,"ok","",309,279,30,240885816,155011665,"7a630eacea32b9108687ef7a39d266a4",0.000999999999976353
"nb_vaisseaux","mode",11,"RMSE",1.18321595661992,"ok","",309,279,30,240885816,155011665,"7a630eacea32b9108687ef7a39d266a4",0.000999999999976353
"nb_vaisseaux","mode",11,"MAE",0.666666666666667,"ok","",309,279,30,240885816,155011665,"7a630eacea32b9108687ef7a39d266a4",0.000999999999976353
"nb_vaisseaux","RandomForest",11,"taux_erreur",0.366666666666667,"ok","",309,279,30,240885816,150091061,"7a630eacea32b9108687ef7a39d266a4",0.0590000000001965
"nb_vaisseaux","RandomForest",11,"accuracy",0.633333333333333,"ok","",309,279,30,240885816,150091061,"7a630eacea32b9108687ef7a39d266a4",0.0590000000001965
"nb_vaisseaux","RandomForest",11,"RMSE",1.16904519445001,"ok","",309,279,30,240885816,150091061,"7a630eacea32b9108687ef7a39d266a4",0.0590000000001965
"nb_vaisseaux","RandomForest",11,"MAE",0.633333333333333,"ok","",309,279,30,240885816,150091061,"7a630eacea32b9108687ef7a39d266a4",0.0590000000001965
"nb_vaisseaux","Knn",11,"taux_erreur",0.433333333333333,"ok","",309,279,30,240885816,201988041,"7a630eacea32b9108687ef7a39d266a4",0.0209999999999582
"nb_vaisseaux","Knn",11,"accuracy",0.566666666666667,"ok","",309,279,30,240885816,201988041,"7a630eacea32b9108687ef7a39d266a4",0.0209999999999582
"nb_vaisseaux","Knn",11,"RMSE",1.19721899973786,"ok","",309,279,30,240885816,201988041,"7a630eacea32b9108687ef7a39d266a4",0.0209999999999582
"nb_vaisseaux","Knn",11,"MAE",0.7,"ok","",309,279,30,240885816,201988041,"7a630eacea32b9108687ef7a39d266a4",0.0209999999999582
"nb_vaisseaux","ACP",11,"taux_erreur",0.566666666666667,"ok","",309,279,30,240885816,79481764,"7a630eacea32b9108687ef7a39d266a4",0.0199999999999818
"nb_vaisseaux","ACP",11,"accuracy",0.433333333333333,"ok","",309,279,30,240885816,79481764,"7a630eacea32b9108687ef7a39d266a4",0.0199999999999818
"nb_vaisseaux","ACP",11,"RMSE",1.06458129484475,"ok","",309,279,30,240885816,79481764,"7a630eacea32b9108687ef7a39d266a4",0.0199999999999818
"nb_vaisseaux","ACP",11,"MAE",0.733333333333333,"ok","",309,279,30,240885816,79481764,"7a630eacea32b9108687ef7a39d266a4",0.0199999999999818
"nb_vaisseaux","EM",11,"indisponible",NA,"non_applicable","non_applicable : EM gaussien pour cible quantitative seulement",309,279,30,240885816,91690473,"7a630eacea32b9108687ef7a39d266a4",0
"nb_vaisseaux","AFDM",11,"taux_erreur",0.433333333333333,"ok","",309,279,30,240885816,56941211,"7a630eacea32b9108687ef7a39d266a4",0.0469999999997981
"nb_vaisseaux","AFDM",11,"accuracy",0.566666666666667,"ok","",309,279,30,240885816,56941211,"7a630eacea32b9108687ef7a39d266a4",0.0469999999997981
"nb_vaisseaux","AFDM",11,"RMSE",1.23827837473378,"ok","",309,279,30,240885816,56941211,"7a630eacea32b9108687ef7a39d266a4",0.0469999999997981
"nb_vaisseaux","AFDM",11,"MAE",0.733333333333333,"ok","",309,279,30,240885816,56941211,"7a630eacea32b9108687ef7a39d266a4",0.0469999999997981
"nb_vaisseaux","mice",11,"taux_erreur",0.466666666666667,"ok","",309,279,30,240885816,60638981,"7a630eacea32b9108687ef7a39d266a4",0.233000000000175
"nb_vaisseaux","mice",11,"accuracy",0.533333333333333,"ok","",309,279,30,240885816,60638981,"7a630eacea32b9108687ef7a39d266a4",0.233000000000175
"nb_vaisseaux","mice",11,"RMSE",1.14017542509914,"ok","",309,279,30,240885816,60638981,"7a630eacea32b9108687ef7a39d266a4",0.233000000000175
"nb_vaisseaux","mice",11,"MAE",0.7,"ok","",309,279,30,240885816,60638981,"7a630eacea32b9108687ef7a39d266a4",0.233000000000175
"test_thallium","mean",11,"indisponible",NA,"non_applicable","non_applicable : moyenne pour cible quantitative seulement",434,391,43,141494467,172612218,"f3b264ee321fdda7644d3581a2c5b68c",0
"test_thallium","median",11,"indisponible",NA,"non_applicable","non_applicable : médiane sans sens pour cible nominale",434,391,43,141494467,92273152,"f3b264ee321fdda7644d3581a2c5b68c",0
"test_thallium","mode",11,"taux_erreur",0.627906976744186,"ok","",434,391,43,141494467,182311808,"f3b264ee321fdda7644d3581a2c5b68c",0
"test_thallium","mode",11,"accuracy",0.372093023255814,"ok","",434,391,43,141494467,182311808,"f3b264ee321fdda7644d3581a2c5b68c",0
"test_thallium","RandomForest",11,"taux_erreur",0.488372093023256,"ok","",434,391,43,141494467,48080039,"f3b264ee321fdda7644d3581a2c5b68c",0.0799999999999272
"test_thallium","RandomForest",11,"accuracy",0.511627906976744,"ok","",434,391,43,141494467,48080039,"f3b264ee321fdda7644d3581a2c5b68c",0.0799999999999272
"test_thallium","Knn",11,"taux_erreur",0.465116279069767,"ok","",434,391,43,141494467,88021918,"f3b264ee321fdda7644d3581a2c5b68c",0.0219999999999345
"test_thallium","Knn",11,"accuracy",0.534883720930233,"ok","",434,391,43,141494467,88021918,"f3b264ee321fdda7644d3581a2c5b68c",0.0219999999999345
"test_thallium","ACP",11,"taux_erreur",0.534883720930233,"ok","",434,391,43,141494467,162048909,"f3b264ee321fdda7644d3581a2c5b68c",0.0190000000000055
"test_thallium","ACP",11,"accuracy",0.465116279069767,"ok","",434,391,43,141494467,162048909,"f3b264ee321fdda7644d3581a2c5b68c",0.0190000000000055
"test_thallium","EM",11,"indisponible",NA,"non_applicable","non_applicable : EM gaussien pour cible quantitative seulement",434,391,43,141494467,60505033,"f3b264ee321fdda7644d3581a2c5b68c",0.000999999999976353
"test_thallium","AFDM",11,"taux_erreur",0.488372093023256,"ok","",434,391,43,141494467,153750961,"f3b264ee321fdda7644d3581a2c5b68c",0.0440000000000964
"test_thallium","AFDM",11,"accuracy",0.511627906976744,"ok","",434,391,43,141494467,153750961,"f3b264ee321fdda7644d3581a2c5b68c",0.0440000000000964
"test_thallium","mice",11,"taux_erreur",0.511627906976744,"ok","",434,391,43,141494467,110261847,"f3b264ee321fdda7644d3581a2c5b68c",0.245999999999867
"test_thallium","mice",11,"accuracy",0.488372093023256,"ok","",434,391,43,141494467,110261847,"f3b264ee321fdda7644d3581a2c5b68c",0.245999999999867
"pa_repos","mean",12,"RMSE",18.4696729816622,"ok","",860,774,86,158653863,78195843,"b368d49622a9716a23ce935b53985ba3",0.000999999999976353
"pa_repos","mean",12,"MAE",14.619253650622,"ok","",860,774,86,158653863,78195843,"b368d49622a9716a23ce935b53985ba3",0.000999999999976353
"pa_repos","median",12,"RMSE",18.4034248582058,"ok","",860,774,86,158653863,25027419,"b368d49622a9716a23ce935b53985ba3",0.00100000000020373
"pa_repos","median",12,"MAE",14.1976744186047,"ok","",860,774,86,158653863,25027419,"b368d49622a9716a23ce935b53985ba3",0.00100000000020373
"pa_repos","mode",12,"RMSE",21.2917169176731,"ok","",860,774,86,158653863,181185302,"b368d49622a9716a23ce935b53985ba3",0.000999999999976353
"pa_repos","mode",12,"MAE",15.9186046511628,"ok","",860,774,86,158653863,181185302,"b368d49622a9716a23ce935b53985ba3",0.000999999999976353
"pa_repos","RandomForest",12,"RMSE",18.1755735716812,"ok","",860,774,86,158653863,176227356,"b368d49622a9716a23ce935b53985ba3",0.13799999999992
"pa_repos","RandomForest",12,"MAE",14.3790023131884,"ok","",860,774,86,158653863,176227356,"b368d49622a9716a23ce935b53985ba3",0.13799999999992
"pa_repos","Knn",12,"RMSE",19.8174576549813,"ok","",860,774,86,158653863,249142333,"b368d49622a9716a23ce935b53985ba3",0.0199999999999818
"pa_repos","Knn",12,"MAE",15.0674418604651,"ok","",860,774,86,158653863,249142333,"b368d49622a9716a23ce935b53985ba3",0.0199999999999818
"pa_repos","ACP",12,"RMSE",18.9019098618254,"ok","",860,774,86,158653863,81687423,"b368d49622a9716a23ce935b53985ba3",0.0230000000001382
"pa_repos","ACP",12,"MAE",14.8530523175258,"ok","",860,774,86,158653863,81687423,"b368d49622a9716a23ce935b53985ba3",0.0230000000001382
"pa_repos","EM",12,"RMSE",18.0156176140419,"ok","",860,774,86,158653863,84773667,"b368d49622a9716a23ce935b53985ba3",0.270999999999958
"pa_repos","EM",12,"MAE",14.1418229556331,"ok","",860,774,86,158653863,84773667,"b368d49622a9716a23ce935b53985ba3",0.270999999999958
"pa_repos","AFDM",12,"RMSE",18.0525859998213,"ok","",860,774,86,158653863,67016318,"b368d49622a9716a23ce935b53985ba3",0.0380000000000109
"pa_repos","AFDM",12,"MAE",14.3208714750008,"ok","",860,774,86,158653863,67016318,"b368d49622a9716a23ce935b53985ba3",0.0380000000000109
"pa_repos","mice",12,"RMSE",19.9315923120312,"ok","",860,774,86,158653863,47168427,"b368d49622a9716a23ce935b53985ba3",0.081000000000131
"pa_repos","mice",12,"MAE",15.8860465116279,"ok","",860,774,86,158653863,47168427,"b368d49622a9716a23ce935b53985ba3",0.081000000000131
"cholesterol","mean",12,"RMSE",49.378221179281,"ok","",718,647,71,235489791,84801501,"dff8a674edf4aced160207510ae7a54a",0
"cholesterol","mean",12,"MAE",39.1407797635893,"ok","",718,647,71,235489791,84801501,"dff8a674edf4aced160207510ae7a54a",0
"cholesterol","median",12,"RMSE",48.7657522401664,"ok","",718,647,71,235489791,209242158,"dff8a674edf4aced160207510ae7a54a",0
"cholesterol","median",12,"MAE",38.3802816901408,"ok","",718,647,71,235489791,209242158,"dff8a674edf4aced160207510ae7a54a",0
"cholesterol","mode",12,"RMSE",50.7783085551135,"ok","",718,647,71,235489791,83550386,"dff8a674edf4aced160207510ae7a54a",0.000999999999976353
"cholesterol","mode",12,"MAE",40.9154929577465,"ok","",718,647,71,235489791,83550386,"dff8a674edf4aced160207510ae7a54a",0.000999999999976353
"cholesterol","RandomForest",12,"RMSE",52.3698894850289,"ok","",718,647,71,235489791,114115616,"dff8a674edf4aced160207510ae7a54a",0.117000000000189
"cholesterol","RandomForest",12,"MAE",39.7504869836269,"ok","",718,647,71,235489791,114115616,"dff8a674edf4aced160207510ae7a54a",0.117000000000189
"cholesterol","Knn",12,"RMSE",54.483179986198,"ok","",718,647,71,235489791,225262732,"dff8a674edf4aced160207510ae7a54a",0.0229999999999109
"cholesterol","Knn",12,"MAE",43.0591549295775,"ok","",718,647,71,235489791,225262732,"dff8a674edf4aced160207510ae7a54a",0.0229999999999109
"cholesterol","ACP",12,"RMSE",47.2803005939048,"ok","",718,647,71,235489791,51422088,"dff8a674edf4aced160207510ae7a54a",0.0220000000001619
"cholesterol","ACP",12,"MAE",36.632105140972,"ok","",718,647,71,235489791,51422088,"dff8a674edf4aced160207510ae7a54a",0.0220000000001619
"cholesterol","EM",12,"RMSE",49.2057017725663,"ok","",718,647,71,235489791,44335848,"dff8a674edf4aced160207510ae7a54a",0.0939999999998236
"cholesterol","EM",12,"MAE",38.9779397424594,"ok","",718,647,71,235489791,44335848,"dff8a674edf4aced160207510ae7a54a",0.0939999999998236
"cholesterol","AFDM",12,"RMSE",49.0979328956976,"ok","",718,647,71,235489791,97410763,"dff8a674edf4aced160207510ae7a54a",0.0380000000000109
"cholesterol","AFDM",12,"MAE",39.1780966359409,"ok","",718,647,71,235489791,97410763,"dff8a674edf4aced160207510ae7a54a",0.0380000000000109
"cholesterol","mice",12,"RMSE",51.2981673340382,"ok","Number of logged events: 5 | mice : événements d'ajustement, voir contrôle des prédicteurs",718,647,71,235489791,257514939,"dff8a674edf4aced160207510ae7a54a",0.0869999999999891
"cholesterol","mice",12,"MAE",40.3042253521127,"ok","Number of logged events: 5 | mice : événements d'ajustement, voir contrôle des prédicteurs",718,647,71,235489791,257514939,"dff8a674edf4aced160207510ae7a54a",0.0869999999999891
"glyc_jeun_elevee","mean",12,"indisponible",NA,"non_applicable","non_applicable : moyenne pour cible quantitative seulement",830,747,83,161431176,180144193,"1480283841594d8837d8c0f08a2a8958",0
"glyc_jeun_elevee","median",12,"indisponible",NA,"non_applicable","non_applicable : médiane sans sens pour cible nominale",830,747,83,161431176,13238796,"1480283841594d8837d8c0f08a2a8958",0
"glyc_jeun_elevee","mode",12,"taux_erreur",0.168674698795181,"ok","",830,747,83,161431176,120216844,"1480283841594d8837d8c0f08a2a8958",0.000999999999976353
"glyc_jeun_elevee","mode",12,"accuracy",0.831325301204819,"ok","",830,747,83,161431176,120216844,"1480283841594d8837d8c0f08a2a8958",0.000999999999976353
"glyc_jeun_elevee","RandomForest",12,"taux_erreur",0.156626506024096,"ok","",830,747,83,161431176,18401034,"1480283841594d8837d8c0f08a2a8958",0.111000000000104
"glyc_jeun_elevee","RandomForest",12,"accuracy",0.843373493975904,"ok","",830,747,83,161431176,18401034,"1480283841594d8837d8c0f08a2a8958",0.111000000000104
"glyc_jeun_elevee","Knn",12,"taux_erreur",0.216867469879518,"ok","",830,747,83,161431176,149535073,"1480283841594d8837d8c0f08a2a8958",0.0370000000000346
"glyc_jeun_elevee","Knn",12,"accuracy",0.783132530120482,"ok","",830,747,83,161431176,149535073,"1480283841594d8837d8c0f08a2a8958",0.0370000000000346
"glyc_jeun_elevee","ACP",12,"taux_erreur",0.180722891566265,"ok","",830,747,83,161431176,37146594,"1480283841594d8837d8c0f08a2a8958",0.0209999999999582
"glyc_jeun_elevee","ACP",12,"accuracy",0.819277108433735,"ok","",830,747,83,161431176,37146594,"1480283841594d8837d8c0f08a2a8958",0.0209999999999582
"glyc_jeun_elevee","EM",12,"indisponible",NA,"non_applicable","non_applicable : EM gaussien pour cible quantitative seulement",830,747,83,161431176,233657887,"1480283841594d8837d8c0f08a2a8958",0
"glyc_jeun_elevee","AFDM",12,"taux_erreur",0.156626506024096,"ok","",830,747,83,161431176,82612887,"1480283841594d8837d8c0f08a2a8958",0.05600000000004
"glyc_jeun_elevee","AFDM",12,"accuracy",0.843373493975904,"ok","",830,747,83,161431176,82612887,"1480283841594d8837d8c0f08a2a8958",0.05600000000004
"glyc_jeun_elevee","mice",12,"taux_erreur",0.216867469879518,"ok","",830,747,83,161431176,129520289,"1480283841594d8837d8c0f08a2a8958",0.23700000000008
"glyc_jeun_elevee","mice",12,"accuracy",0.783132530120482,"ok","",830,747,83,161431176,129520289,"1480283841594d8837d8c0f08a2a8958",0.23700000000008
"ecg_repos","mean",12,"indisponible",NA,"non_applicable","non_applicable : moyenne pour cible quantitative seulement",918,827,91,235175605,264977917,"77c163b57a8e5bd63761ac6b8dde374d",0.000999999999976353
"ecg_repos","median",12,"indisponible",NA,"non_applicable","non_applicable : médiane sans sens pour cible nominale",918,827,91,235175605,140725857,"77c163b57a8e5bd63761ac6b8dde374d",0
"ecg_repos","mode",12,"taux_erreur",0.373626373626374,"ok","",918,827,91,235175605,121418193,"77c163b57a8e5bd63761ac6b8dde374d",0.000999999999976353
"ecg_repos","mode",12,"accuracy",0.626373626373626,"ok","",918,827,91,235175605,121418193,"77c163b57a8e5bd63761ac6b8dde374d",0.000999999999976353
"ecg_repos","RandomForest",12,"taux_erreur",0.406593406593407,"ok","",918,827,91,235175605,131931049,"77c163b57a8e5bd63761ac6b8dde374d",0.400000000000091
"ecg_repos","RandomForest",12,"accuracy",0.593406593406593,"ok","",918,827,91,235175605,131931049,"77c163b57a8e5bd63761ac6b8dde374d",0.400000000000091
"ecg_repos","Knn",12,"taux_erreur",0.428571428571429,"ok","",918,827,91,235175605,88606702,"77c163b57a8e5bd63761ac6b8dde374d",0.0360000000000582
"ecg_repos","Knn",12,"accuracy",0.571428571428571,"ok","",918,827,91,235175605,88606702,"77c163b57a8e5bd63761ac6b8dde374d",0.0360000000000582
"ecg_repos","ACP",12,"taux_erreur",0.373626373626374,"ok","",918,827,91,235175605,245696875,"77c163b57a8e5bd63761ac6b8dde374d",0.0499999999999545
"ecg_repos","ACP",12,"accuracy",0.626373626373626,"ok","",918,827,91,235175605,245696875,"77c163b57a8e5bd63761ac6b8dde374d",0.0499999999999545
"ecg_repos","EM",12,"indisponible",NA,"non_applicable","non_applicable : EM gaussien pour cible quantitative seulement",918,827,91,235175605,230079743,"77c163b57a8e5bd63761ac6b8dde374d",0
"ecg_repos","AFDM",12,"taux_erreur",0.362637362637363,"ok","",918,827,91,235175605,160765965,"77c163b57a8e5bd63761ac6b8dde374d",0.0759999999997945
"ecg_repos","AFDM",12,"accuracy",0.637362637362637,"ok","",918,827,91,235175605,160765965,"77c163b57a8e5bd63761ac6b8dde374d",0.0759999999997945
"ecg_repos","mice",12,"taux_erreur",0.43956043956044,"ok","",918,827,91,235175605,65731017,"77c163b57a8e5bd63761ac6b8dde374d",0.350000000000136
"ecg_repos","mice",12,"accuracy",0.56043956043956,"ok","",918,827,91,235175605,65731017,"77c163b57a8e5bd63761ac6b8dde374d",0.350000000000136
"fc_max","mean",12,"RMSE",27.7495681989325,"ok","",865,779,86,227749702,68120921,"a194a03d115dc5cec22a6855b2aa465f",0
"fc_max","mean",12,"MAE",23.0623488670627,"ok","",865,779,86,227749702,68120921,"a194a03d115dc5cec22a6855b2aa465f",0
"fc_max","median",12,"RMSE",27.8578200786581,"ok","",865,779,86,227749702,217974320,"a194a03d115dc5cec22a6855b2aa465f",0
"fc_max","median",12,"MAE",22.6627906976744,"ok","",865,779,86,227749702,217974320,"a194a03d115dc5cec22a6855b2aa465f",0
"fc_max","mode",12,"RMSE",30.4159153565489,"ok","",865,779,86,227749702,248194354,"a194a03d115dc5cec22a6855b2aa465f",0.000999999999976353
"fc_max","mode",12,"MAE",23.453488372093,"ok","",865,779,86,227749702,248194354,"a194a03d115dc5cec22a6855b2aa465f",0.000999999999976353
"fc_max","RandomForest",12,"RMSE",21.1760926101261,"ok","",865,779,86,227749702,80937369,"a194a03d115dc5cec22a6855b2aa465f",0.141000000000076
"fc_max","RandomForest",12,"MAE",16.7584098720065,"ok","",865,779,86,227749702,80937369,"a194a03d115dc5cec22a6855b2aa465f",0.141000000000076
"fc_max","Knn",12,"RMSE",22.6204270722335,"ok","",865,779,86,227749702,110140301,"a194a03d115dc5cec22a6855b2aa465f",0.0199999999999818
"fc_max","Knn",12,"MAE",17.6883720930233,"ok","",865,779,86,227749702,110140301,"a194a03d115dc5cec22a6855b2aa465f",0.0199999999999818
"fc_max","ACP",12,"RMSE",40.8993035946222,"ok","",865,779,86,227749702,132445298,"a194a03d115dc5cec22a6855b2aa465f",0.0220000000001619
"fc_max","ACP",12,"MAE",34.6733430789946,"ok","",865,779,86,227749702,132445298,"a194a03d115dc5cec22a6855b2aa465f",0.0220000000001619
"fc_max","EM",12,"RMSE",24.4545364904632,"ok","",865,779,86,227749702,132271083,"a194a03d115dc5cec22a6855b2aa465f",0.245999999999867
"fc_max","EM",12,"MAE",20.734258547323,"ok","",865,779,86,227749702,132271083,"a194a03d115dc5cec22a6855b2aa465f",0.245999999999867
"fc_max","AFDM",12,"RMSE",22.1166651394206,"ok","",865,779,86,227749702,19054961,"a194a03d115dc5cec22a6855b2aa465f",0.0410000000001673
"fc_max","AFDM",12,"MAE",17.6171495181302,"ok","",865,779,86,227749702,19054961,"a194a03d115dc5cec22a6855b2aa465f",0.0410000000001673
"fc_max","mice",12,"RMSE",22.5104110280368,"ok","",865,779,86,227749702,129111101,"a194a03d115dc5cec22a6855b2aa465f",0.0899999999999181
"fc_max","mice",12,"MAE",18.1325581395349,"ok","",865,779,86,227749702,129111101,"a194a03d115dc5cec22a6855b2aa465f",0.0899999999999181
"angine_effort","mean",12,"indisponible",NA,"non_applicable","non_applicable : moyenne pour cible quantitative seulement",865,779,86,10649410,117362190,"8bf749a076ded857ee498a6203e433fe",0.000999999999976353
"angine_effort","median",12,"indisponible",NA,"non_applicable","non_applicable : médiane sans sens pour cible nominale",865,779,86,10649410,260245581,"8bf749a076ded857ee498a6203e433fe",0
"angine_effort","mode",12,"taux_erreur",0.348837209302326,"ok","",865,779,86,10649410,140979351,"8bf749a076ded857ee498a6203e433fe",0.000999999999976353
"angine_effort","mode",12,"accuracy",0.651162790697674,"ok","",865,779,86,10649410,140979351,"8bf749a076ded857ee498a6203e433fe",0.000999999999976353
"angine_effort","RandomForest",12,"taux_erreur",0.174418604651163,"ok","",865,779,86,10649410,15615908,"8bf749a076ded857ee498a6203e433fe",0.101999999999862
"angine_effort","RandomForest",12,"accuracy",0.825581395348837,"ok","",865,779,86,10649410,15615908,"8bf749a076ded857ee498a6203e433fe",0.101999999999862
"angine_effort","Knn",12,"taux_erreur",0.209302325581395,"ok","",865,779,86,10649410,210617157,"8bf749a076ded857ee498a6203e433fe",0.0209999999999582
"angine_effort","Knn",12,"accuracy",0.790697674418605,"ok","",865,779,86,10649410,210617157,"8bf749a076ded857ee498a6203e433fe",0.0209999999999582
"angine_effort","ACP",12,"taux_erreur",0.290697674418605,"ok","",865,779,86,10649410,5371778,"8bf749a076ded857ee498a6203e433fe",0.0279999999997926
"angine_effort","ACP",12,"accuracy",0.709302325581395,"ok","",865,779,86,10649410,5371778,"8bf749a076ded857ee498a6203e433fe",0.0279999999997926
"angine_effort","EM",12,"indisponible",NA,"non_applicable","non_applicable : EM gaussien pour cible quantitative seulement",865,779,86,10649410,129765722,"8bf749a076ded857ee498a6203e433fe",0
"angine_effort","AFDM",12,"taux_erreur",0.162790697674419,"ok","",865,779,86,10649410,244103486,"8bf749a076ded857ee498a6203e433fe",0.0480000000000018
"angine_effort","AFDM",12,"accuracy",0.837209302325581,"ok","",865,779,86,10649410,244103486,"8bf749a076ded857ee498a6203e433fe",0.0480000000000018
"angine_effort","mice",12,"taux_erreur",0.232558139534884,"ok","",865,779,86,10649410,79476262,"8bf749a076ded857ee498a6203e433fe",0.163000000000011
"angine_effort","mice",12,"accuracy",0.767441860465116,"ok","",865,779,86,10649410,79476262,"8bf749a076ded857ee498a6203e433fe",0.163000000000011
"depress_st","mean",12,"RMSE",0.935634794449781,"ok","",858,773,85,127677520,62937887,"58be4df11cd21a184aff3c304244b896",0.000999999999976353
"depress_st","mean",12,"MAE",0.808078532836162,"ok","",858,773,85,127677520,62937887,"58be4df11cd21a184aff3c304244b896",0.000999999999976353
"depress_st","median",12,"RMSE",0.978654538579551,"ok","",858,773,85,127677520,40188962,"58be4df11cd21a184aff3c304244b896",0
"depress_st","median",12,"MAE",0.761176470588235,"ok","",858,773,85,127677520,40188962,"58be4df11cd21a184aff3c304244b896",0
"depress_st","mode",12,"RMSE",1.22791070761776,"ok","",858,773,85,127677520,159790992,"58be4df11cd21a184aff3c304244b896",0.000999999999976353
"depress_st","mode",12,"MAE",0.8,"ok","",858,773,85,127677520,159790992,"58be4df11cd21a184aff3c304244b896",0.000999999999976353
"depress_st","RandomForest",12,"RMSE",0.814371136182886,"ok","",858,773,85,127677520,215721940,"58be4df11cd21a184aff3c304244b896",0.134000000000015
"depress_st","RandomForest",12,"MAE",0.62035658713585,"ok","",858,773,85,127677520,215721940,"58be4df11cd21a184aff3c304244b896",0.134000000000015
"depress_st","Knn",12,"RMSE",0.894029871852561,"ok","",858,773,85,127677520,146524099,"58be4df11cd21a184aff3c304244b896",0.0230000000001382
"depress_st","Knn",12,"MAE",0.692941176470588,"ok","",858,773,85,127677520,146524099,"58be4df11cd21a184aff3c304244b896",0.0230000000001382
"depress_st","ACP",12,"RMSE",1.73054128596332,"ok","",858,773,85,127677520,88688520,"58be4df11cd21a184aff3c304244b896",0.0350000000000819
"depress_st","ACP",12,"MAE",1.47730706288507,"ok","",858,773,85,127677520,88688520,"58be4df11cd21a184aff3c304244b896",0.0350000000000819
"depress_st","EM",12,"RMSE",0.933728370511883,"ok","",858,773,85,127677520,50333840,"58be4df11cd21a184aff3c304244b896",0.224999999999909
"depress_st","EM",12,"MAE",0.789803929990465,"ok","",858,773,85,127677520,50333840,"58be4df11cd21a184aff3c304244b896",0.224999999999909
"depress_st","AFDM",12,"RMSE",0.884014948545671,"ok","",858,773,85,127677520,231990377,"58be4df11cd21a184aff3c304244b896",0.0370000000000346
"depress_st","AFDM",12,"MAE",0.705152779683373,"ok","",858,773,85,127677520,231990377,"58be4df11cd21a184aff3c304244b896",0.0370000000000346
"depress_st","mice",12,"RMSE",0.95567900099415,"ok","",858,773,85,127677520,105153545,"58be4df11cd21a184aff3c304244b896",0.0740000000000691
"depress_st","mice",12,"MAE",0.715529411764706,"ok","",858,773,85,127677520,105153545,"58be4df11cd21a184aff3c304244b896",0.0740000000000691
"pente_st","mean",12,"indisponible",NA,"non_applicable","non_applicable : moyenne pour cible quantitative seulement",611,550,61,115181518,238735236,"93e6a1296231a3a26a01d201b3895e48",0.000999999999976353
"pente_st","median",12,"taux_erreur",0.409836065573771,"ok","",611,550,61,115181518,182458302,"93e6a1296231a3a26a01d201b3895e48",0.000999999999976353
"pente_st","median",12,"accuracy",0.590163934426229,"ok","",611,550,61,115181518,182458302,"93e6a1296231a3a26a01d201b3895e48",0.000999999999976353
"pente_st","median",12,"RMSE",0.64018439966448,"ok","",611,550,61,115181518,182458302,"93e6a1296231a3a26a01d201b3895e48",0.000999999999976353
"pente_st","median",12,"MAE",0.409836065573771,"ok","",611,550,61,115181518,182458302,"93e6a1296231a3a26a01d201b3895e48",0.000999999999976353
"pente_st","mode",12,"taux_erreur",0.409836065573771,"ok","",611,550,61,115181518,89421738,"93e6a1296231a3a26a01d201b3895e48",0.000999999999976353
"pente_st","mode",12,"accuracy",0.590163934426229,"ok","",611,550,61,115181518,89421738,"93e6a1296231a3a26a01d201b3895e48",0.000999999999976353
"pente_st","mode",12,"RMSE",0.64018439966448,"ok","",611,550,61,115181518,89421738,"93e6a1296231a3a26a01d201b3895e48",0.000999999999976353
"pente_st","mode",12,"MAE",0.409836065573771,"ok","",611,550,61,115181518,89421738,"93e6a1296231a3a26a01d201b3895e48",0.000999999999976353
"pente_st","RandomForest",12,"taux_erreur",0.344262295081967,"ok","",611,550,61,115181518,14602775,"93e6a1296231a3a26a01d201b3895e48",0.123000000000047
"pente_st","RandomForest",12,"accuracy",0.655737704918033,"ok","",611,550,61,115181518,14602775,"93e6a1296231a3a26a01d201b3895e48",0.123000000000047
"pente_st","RandomForest",12,"RMSE",0.586738694038468,"ok","",611,550,61,115181518,14602775,"93e6a1296231a3a26a01d201b3895e48",0.123000000000047
"pente_st","RandomForest",12,"MAE",0.344262295081967,"ok","",611,550,61,115181518,14602775,"93e6a1296231a3a26a01d201b3895e48",0.123000000000047
"pente_st","Knn",12,"taux_erreur",0.344262295081967,"ok","",611,550,61,115181518,195309176,"93e6a1296231a3a26a01d201b3895e48",0.0320000000001528
"pente_st","Knn",12,"accuracy",0.655737704918033,"ok","",611,550,61,115181518,195309176,"93e6a1296231a3a26a01d201b3895e48",0.0320000000001528
"pente_st","Knn",12,"RMSE",0.62725004818718,"ok","",611,550,61,115181518,195309176,"93e6a1296231a3a26a01d201b3895e48",0.0320000000001528
"pente_st","Knn",12,"MAE",0.360655737704918,"ok","",611,550,61,115181518,195309176,"93e6a1296231a3a26a01d201b3895e48",0.0320000000001528
"pente_st","ACP",12,"taux_erreur",0.524590163934426,"ok","",611,550,61,115181518,126662498,"93e6a1296231a3a26a01d201b3895e48",0.0219999999999345
"pente_st","ACP",12,"accuracy",0.475409836065574,"ok","",611,550,61,115181518,126662498,"93e6a1296231a3a26a01d201b3895e48",0.0219999999999345
"pente_st","ACP",12,"RMSE",0.789272335554801,"ok","",611,550,61,115181518,126662498,"93e6a1296231a3a26a01d201b3895e48",0.0219999999999345
"pente_st","ACP",12,"MAE",0.557377049180328,"ok","",611,550,61,115181518,126662498,"93e6a1296231a3a26a01d201b3895e48",0.0219999999999345
"pente_st","EM",12,"indisponible",NA,"non_applicable","non_applicable : EM gaussien pour cible quantitative seulement",611,550,61,115181518,140490783,"93e6a1296231a3a26a01d201b3895e48",0
"pente_st","AFDM",12,"taux_erreur",0.344262295081967,"ok","",611,550,61,115181518,85352485,"93e6a1296231a3a26a01d201b3895e48",0.0630000000001019
"pente_st","AFDM",12,"accuracy",0.655737704918033,"ok","",611,550,61,115181518,85352485,"93e6a1296231a3a26a01d201b3895e48",0.0630000000001019
"pente_st","AFDM",12,"RMSE",0.586738694038468,"ok","",611,550,61,115181518,85352485,"93e6a1296231a3a26a01d201b3895e48",0.0630000000001019
"pente_st","AFDM",12,"MAE",0.344262295081967,"ok","",611,550,61,115181518,85352485,"93e6a1296231a3a26a01d201b3895e48",0.0630000000001019
"pente_st","mice",12,"taux_erreur",0.409836065573771,"ok","",611,550,61,115181518,88708401,"93e6a1296231a3a26a01d201b3895e48",0.336000000000013
"pente_st","mice",12,"accuracy",0.590163934426229,"ok","",611,550,61,115181518,88708401,"93e6a1296231a3a26a01d201b3895e48",0.336000000000013
"pente_st","mice",12,"RMSE",0.677507485894158,"ok","",611,550,61,115181518,88708401,"93e6a1296231a3a26a01d201b3895e48",0.336000000000013
"pente_st","mice",12,"MAE",0.426229508196721,"ok","",611,550,61,115181518,88708401,"93e6a1296231a3a26a01d201b3895e48",0.336000000000013
"nb_vaisseaux","mean",12,"indisponible",NA,"non_applicable","non_applicable : moyenne pour cible quantitative seulement",309,279,30,177231929,178985617,"a38587d2b0095c594b87bebd8c7b7a30",0
"nb_vaisseaux","median",12,"taux_erreur",0.333333333333333,"ok","",309,279,30,177231929,19907887,"a38587d2b0095c594b87bebd8c7b7a30",0
"nb_vaisseaux","median",12,"accuracy",0.666666666666667,"ok","",309,279,30,177231929,19907887,"a38587d2b0095c594b87bebd8c7b7a30",0
"nb_vaisseaux","median",12,"RMSE",1,"ok","",309,279,30,177231929,19907887,"a38587d2b0095c594b87bebd8c7b7a30",0
"nb_vaisseaux","median",12,"MAE",0.533333333333333,"ok","",309,279,30,177231929,19907887,"a38587d2b0095c594b87bebd8c7b7a30",0
"nb_vaisseaux","mode",12,"taux_erreur",0.333333333333333,"ok","",309,279,30,177231929,185169991,"a38587d2b0095c594b87bebd8c7b7a30",0.000999999999976353
"nb_vaisseaux","mode",12,"accuracy",0.666666666666667,"ok","",309,279,30,177231929,185169991,"a38587d2b0095c594b87bebd8c7b7a30",0.000999999999976353
"nb_vaisseaux","mode",12,"RMSE",1,"ok","",309,279,30,177231929,185169991,"a38587d2b0095c594b87bebd8c7b7a30",0.000999999999976353
"nb_vaisseaux","mode",12,"MAE",0.533333333333333,"ok","",309,279,30,177231929,185169991,"a38587d2b0095c594b87bebd8c7b7a30",0.000999999999976353
"nb_vaisseaux","RandomForest",12,"taux_erreur",0.333333333333333,"ok","",309,279,30,177231929,263061670,"a38587d2b0095c594b87bebd8c7b7a30",0.0589999999999691
"nb_vaisseaux","RandomForest",12,"accuracy",0.666666666666667,"ok","",309,279,30,177231929,263061670,"a38587d2b0095c594b87bebd8c7b7a30",0.0589999999999691
"nb_vaisseaux","RandomForest",12,"RMSE",0.856348838577675,"ok","",309,279,30,177231929,263061670,"a38587d2b0095c594b87bebd8c7b7a30",0.0589999999999691
"nb_vaisseaux","RandomForest",12,"MAE",0.466666666666667,"ok","",309,279,30,177231929,263061670,"a38587d2b0095c594b87bebd8c7b7a30",0.0589999999999691
"nb_vaisseaux","Knn",12,"taux_erreur",0.3,"ok","",309,279,30,177231929,233145996,"a38587d2b0095c594b87bebd8c7b7a30",0.0250000000000909
"nb_vaisseaux","Knn",12,"accuracy",0.7,"ok","",309,279,30,177231929,233145996,"a38587d2b0095c594b87bebd8c7b7a30",0.0250000000000909
"nb_vaisseaux","Knn",12,"RMSE",0.707106781186548,"ok","",309,279,30,177231929,233145996,"a38587d2b0095c594b87bebd8c7b7a30",0.0250000000000909
"nb_vaisseaux","Knn",12,"MAE",0.366666666666667,"ok","",309,279,30,177231929,233145996,"a38587d2b0095c594b87bebd8c7b7a30",0.0250000000000909
"nb_vaisseaux","ACP",12,"taux_erreur",0.333333333333333,"ok","",309,279,30,177231929,125014813,"a38587d2b0095c594b87bebd8c7b7a30",0.0230000000001382
"nb_vaisseaux","ACP",12,"accuracy",0.666666666666667,"ok","",309,279,30,177231929,125014813,"a38587d2b0095c594b87bebd8c7b7a30",0.0230000000001382
"nb_vaisseaux","ACP",12,"RMSE",0.948683298050514,"ok","",309,279,30,177231929,125014813,"a38587d2b0095c594b87bebd8c7b7a30",0.0230000000001382
"nb_vaisseaux","ACP",12,"MAE",0.5,"ok","",309,279,30,177231929,125014813,"a38587d2b0095c594b87bebd8c7b7a30",0.0230000000001382
"nb_vaisseaux","EM",12,"indisponible",NA,"non_applicable","non_applicable : EM gaussien pour cible quantitative seulement",309,279,30,177231929,79806486,"a38587d2b0095c594b87bebd8c7b7a30",0
"nb_vaisseaux","AFDM",12,"taux_erreur",0.366666666666667,"ok","",309,279,30,177231929,223225376,"a38587d2b0095c594b87bebd8c7b7a30",0.0419999999999163
"nb_vaisseaux","AFDM",12,"accuracy",0.633333333333333,"ok","",309,279,30,177231929,223225376,"a38587d2b0095c594b87bebd8c7b7a30",0.0419999999999163
"nb_vaisseaux","AFDM",12,"RMSE",1.03279555898864,"ok","",309,279,30,177231929,223225376,"a38587d2b0095c594b87bebd8c7b7a30",0.0419999999999163
"nb_vaisseaux","AFDM",12,"MAE",0.6,"ok","",309,279,30,177231929,223225376,"a38587d2b0095c594b87bebd8c7b7a30",0.0419999999999163
"nb_vaisseaux","mice",12,"taux_erreur",0.333333333333333,"ok","",309,279,30,177231929,11796215,"a38587d2b0095c594b87bebd8c7b7a30",0.275000000000091
"nb_vaisseaux","mice",12,"accuracy",0.666666666666667,"ok","",309,279,30,177231929,11796215,"a38587d2b0095c594b87bebd8c7b7a30",0.275000000000091
"nb_vaisseaux","mice",12,"RMSE",1,"ok","",309,279,30,177231929,11796215,"a38587d2b0095c594b87bebd8c7b7a30",0.275000000000091
"nb_vaisseaux","mice",12,"MAE",0.533333333333333,"ok","",309,279,30,177231929,11796215,"a38587d2b0095c594b87bebd8c7b7a30",0.275000000000091
"test_thallium","mean",12,"indisponible",NA,"non_applicable","non_applicable : moyenne pour cible quantitative seulement",434,391,43,137625741,97084148,"da05e2c8f531d97dcc0ad5d81bc98943",0
"test_thallium","median",12,"indisponible",NA,"non_applicable","non_applicable : médiane sans sens pour cible nominale",434,391,43,137625741,149713714,"da05e2c8f531d97dcc0ad5d81bc98943",0
"test_thallium","mode",12,"taux_erreur",0.581395348837209,"ok","",434,391,43,137625741,224212717,"da05e2c8f531d97dcc0ad5d81bc98943",0.000999999999976353
"test_thallium","mode",12,"accuracy",0.418604651162791,"ok","",434,391,43,137625741,224212717,"da05e2c8f531d97dcc0ad5d81bc98943",0.000999999999976353
"test_thallium","RandomForest",12,"taux_erreur",0.27906976744186,"ok","",434,391,43,137625741,171893168,"da05e2c8f531d97dcc0ad5d81bc98943",0.0739999999998417
"test_thallium","RandomForest",12,"accuracy",0.720930232558139,"ok","",434,391,43,137625741,171893168,"da05e2c8f531d97dcc0ad5d81bc98943",0.0739999999998417
"test_thallium","Knn",12,"taux_erreur",0.465116279069767,"ok","",434,391,43,137625741,44013392,"da05e2c8f531d97dcc0ad5d81bc98943",0.0189999999997781
"test_thallium","Knn",12,"accuracy",0.534883720930233,"ok","",434,391,43,137625741,44013392,"da05e2c8f531d97dcc0ad5d81bc98943",0.0189999999997781
"test_thallium","ACP",12,"taux_erreur",0.395348837209302,"ok","",434,391,43,137625741,199695543,"da05e2c8f531d97dcc0ad5d81bc98943",0.0279999999997926
"test_thallium","ACP",12,"accuracy",0.604651162790698,"ok","",434,391,43,137625741,199695543,"da05e2c8f531d97dcc0ad5d81bc98943",0.0279999999997926
"test_thallium","EM",12,"indisponible",NA,"non_applicable","non_applicable : EM gaussien pour cible quantitative seulement",434,391,43,137625741,31131645,"da05e2c8f531d97dcc0ad5d81bc98943",0
"test_thallium","AFDM",12,"taux_erreur",0.372093023255814,"ok","",434,391,43,137625741,203248096,"da05e2c8f531d97dcc0ad5d81bc98943",0.0399999999999636
"test_thallium","AFDM",12,"accuracy",0.627906976744186,"ok","",434,391,43,137625741,203248096,"da05e2c8f531d97dcc0ad5d81bc98943",0.0399999999999636
"test_thallium","mice",12,"taux_erreur",0.395348837209302,"ok","",434,391,43,137625741,138053431,"da05e2c8f531d97dcc0ad5d81bc98943",0.244999999999891
"test_thallium","mice",12,"accuracy",0.604651162790698,"ok","",434,391,43,137625741,138053431,"da05e2c8f531d97dcc0ad5d81bc98943",0.244999999999891
"pa_repos","mean",13,"RMSE",15.3109109663135,"ok","",860,774,86,48551588,196551949,"64cbc5f22f90a4ebd92b8ea07a13ad49",0
"pa_repos","mean",13,"MAE",12.3485367465897,"ok","",860,774,86,48551588,196551949,"64cbc5f22f90a4ebd92b8ea07a13ad49",0
"pa_repos","median",13,"RMSE",15.3853599998694,"ok","",860,774,86,48551588,18796430,"64cbc5f22f90a4ebd92b8ea07a13ad49",0.0080000000000382
"pa_repos","median",13,"MAE",12.0581395348837,"ok","",860,774,86,48551588,18796430,"64cbc5f22f90a4ebd92b8ea07a13ad49",0.0080000000000382
"pa_repos","mode",13,"RMSE",19.2344772811499,"ok","",860,774,86,48551588,235948334,"64cbc5f22f90a4ebd92b8ea07a13ad49",0.00100000000020373
"pa_repos","mode",13,"MAE",15.2906976744186,"ok","",860,774,86,48551588,235948334,"64cbc5f22f90a4ebd92b8ea07a13ad49",0.00100000000020373
"pa_repos","RandomForest",13,"RMSE",15.0954920982243,"ok","",860,774,86,48551588,206998203,"64cbc5f22f90a4ebd92b8ea07a13ad49",0.12299999999982
"pa_repos","RandomForest",13,"MAE",12.2942963518764,"ok","",860,774,86,48551588,206998203,"64cbc5f22f90a4ebd92b8ea07a13ad49",0.12299999999982
"pa_repos","Knn",13,"RMSE",17.0692978834092,"ok","",860,774,86,48551588,136670594,"64cbc5f22f90a4ebd92b8ea07a13ad49",0.0339999999998781
"pa_repos","Knn",13,"MAE",14.0186046511628,"ok","",860,774,86,48551588,136670594,"64cbc5f22f90a4ebd92b8ea07a13ad49",0.0339999999998781
"pa_repos","ACP",13,"RMSE",16.9691040315275,"ok","",860,774,86,48551588,165870018,"64cbc5f22f90a4ebd92b8ea07a13ad49",0.0230000000001382
"pa_repos","ACP",13,"MAE",13.3086507680247,"ok","",860,774,86,48551588,165870018,"64cbc5f22f90a4ebd92b8ea07a13ad49",0.0230000000001382
"pa_repos","EM",13,"RMSE",14.8746752345433,"ok","",860,774,86,48551588,98681159,"64cbc5f22f90a4ebd92b8ea07a13ad49",0.27599999999984
"pa_repos","EM",13,"MAE",12.0210816703875,"ok","",860,774,86,48551588,98681159,"64cbc5f22f90a4ebd92b8ea07a13ad49",0.27599999999984
"pa_repos","AFDM",13,"RMSE",15.9984153993316,"ok","",860,774,86,48551588,128504018,"64cbc5f22f90a4ebd92b8ea07a13ad49",0.0649999999998272
"pa_repos","AFDM",13,"MAE",12.9356098863085,"ok","",860,774,86,48551588,128504018,"64cbc5f22f90a4ebd92b8ea07a13ad49",0.0649999999998272
"pa_repos","mice",13,"RMSE",17.9069039563607,"ok","",860,774,86,48551588,205694922,"64cbc5f22f90a4ebd92b8ea07a13ad49",0.0730000000000928
"pa_repos","mice",13,"MAE",14.7325581395349,"ok","",860,774,86,48551588,205694922,"64cbc5f22f90a4ebd92b8ea07a13ad49",0.0730000000000928
"cholesterol","mean",13,"RMSE",63.3366062609425,"ok","",718,647,71,139806373,83248247,"0b74b465bdc1b20bfe71352651628104",0
"cholesterol","mean",13,"MAE",44.54940461937,"ok","",718,647,71,139806373,83248247,"0b74b465bdc1b20bfe71352651628104",0
"cholesterol","median",13,"RMSE",64.6474730724093,"ok","",718,647,71,139806373,247844748,"0b74b465bdc1b20bfe71352651628104",0
"cholesterol","median",13,"MAE",44.8169014084507,"ok","",718,647,71,139806373,247844748,"0b74b465bdc1b20bfe71352651628104",0
"cholesterol","mode",13,"RMSE",80.5531055695645,"ok","",718,647,71,139806373,174775243,"0b74b465bdc1b20bfe71352651628104",0.000999999999976353
"cholesterol","mode",13,"MAE",55.2535211267606,"ok","",718,647,71,139806373,174775243,"0b74b465bdc1b20bfe71352651628104",0.000999999999976353
"cholesterol","RandomForest",13,"RMSE",64.2810570382652,"ok","",718,647,71,139806373,234635582,"0b74b465bdc1b20bfe71352651628104",0.134000000000015
"cholesterol","RandomForest",13,"MAE",44.1966390637826,"ok","",718,647,71,139806373,234635582,"0b74b465bdc1b20bfe71352651628104",0.134000000000015
"cholesterol","Knn",13,"RMSE",63.8861090502268,"ok","",718,647,71,139806373,153847849,"0b74b465bdc1b20bfe71352651628104",0.015999999999849
"cholesterol","Knn",13,"MAE",44.4197183098592,"ok","",718,647,71,139806373,153847849,"0b74b465bdc1b20bfe71352651628104",0.015999999999849
"cholesterol","ACP",13,"RMSE",63.3693203066245,"ok","",718,647,71,139806373,5916528,"0b74b465bdc1b20bfe71352651628104",0.0259999999998399
"cholesterol","ACP",13,"MAE",42.9516081480949,"ok","",718,647,71,139806373,5916528,"0b74b465bdc1b20bfe71352651628104",0.0259999999998399
"cholesterol","EM",13,"RMSE",63.8191222436523,"ok","",718,647,71,139806373,247650030,"0b74b465bdc1b20bfe71352651628104",0.0769999999999982
"cholesterol","EM",13,"MAE",45.1296436555545,"ok","",718,647,71,139806373,247650030,"0b74b465bdc1b20bfe71352651628104",0.0769999999999982
"cholesterol","AFDM",13,"RMSE",63.3474682383702,"ok","",718,647,71,139806373,2405065,"0b74b465bdc1b20bfe71352651628104",0.0320000000001528
"cholesterol","AFDM",13,"MAE",44.8656938207152,"ok","",718,647,71,139806373,2405065,"0b74b465bdc1b20bfe71352651628104",0.0320000000001528
"cholesterol","mice",13,"RMSE",67.3914317285405,"ok","",718,647,71,139806373,237611826,"0b74b465bdc1b20bfe71352651628104",0.0769999999999982
"cholesterol","mice",13,"MAE",48.9887323943662,"ok","",718,647,71,139806373,237611826,"0b74b465bdc1b20bfe71352651628104",0.0769999999999982
"glyc_jeun_elevee","mean",13,"indisponible",NA,"non_applicable","non_applicable : moyenne pour cible quantitative seulement",830,747,83,68618536,49524609,"4831c665bda6be4325f5729e9c5ed5f0",0
"glyc_jeun_elevee","median",13,"indisponible",NA,"non_applicable","non_applicable : médiane sans sens pour cible nominale",830,747,83,68618536,241664524,"4831c665bda6be4325f5729e9c5ed5f0",0
"glyc_jeun_elevee","mode",13,"taux_erreur",0.180722891566265,"ok","",830,747,83,68618536,149066471,"4831c665bda6be4325f5729e9c5ed5f0",0.000999999999976353
"glyc_jeun_elevee","mode",13,"accuracy",0.819277108433735,"ok","",830,747,83,68618536,149066471,"4831c665bda6be4325f5729e9c5ed5f0",0.000999999999976353
"glyc_jeun_elevee","RandomForest",13,"taux_erreur",0.156626506024096,"ok","",830,747,83,68618536,139547027,"4831c665bda6be4325f5729e9c5ed5f0",0.102000000000089
"glyc_jeun_elevee","RandomForest",13,"accuracy",0.843373493975904,"ok","",830,747,83,68618536,139547027,"4831c665bda6be4325f5729e9c5ed5f0",0.102000000000089
"glyc_jeun_elevee","Knn",13,"taux_erreur",0.192771084337349,"ok","",830,747,83,68618536,102005289,"4831c665bda6be4325f5729e9c5ed5f0",0.0370000000000346
"glyc_jeun_elevee","Knn",13,"accuracy",0.807228915662651,"ok","",830,747,83,68618536,102005289,"4831c665bda6be4325f5729e9c5ed5f0",0.0370000000000346
"glyc_jeun_elevee","ACP",13,"taux_erreur",0.192771084337349,"ok","",830,747,83,68618536,261930507,"4831c665bda6be4325f5729e9c5ed5f0",0.0199999999999818
"glyc_jeun_elevee","ACP",13,"accuracy",0.807228915662651,"ok","",830,747,83,68618536,261930507,"4831c665bda6be4325f5729e9c5ed5f0",0.0199999999999818
"glyc_jeun_elevee","EM",13,"indisponible",NA,"non_applicable","non_applicable : EM gaussien pour cible quantitative seulement",830,747,83,68618536,144817331,"4831c665bda6be4325f5729e9c5ed5f0",0
"glyc_jeun_elevee","AFDM",13,"taux_erreur",0.180722891566265,"ok","",830,747,83,68618536,158745063,"4831c665bda6be4325f5729e9c5ed5f0",0.0540000000000873
"glyc_jeun_elevee","AFDM",13,"accuracy",0.819277108433735,"ok","",830,747,83,68618536,158745063,"4831c665bda6be4325f5729e9c5ed5f0",0.0540000000000873
"glyc_jeun_elevee","mice",13,"taux_erreur",0.168674698795181,"ok","",830,747,83,68618536,130334438,"4831c665bda6be4325f5729e9c5ed5f0",0.173999999999978
"glyc_jeun_elevee","mice",13,"accuracy",0.831325301204819,"ok","",830,747,83,68618536,130334438,"4831c665bda6be4325f5729e9c5ed5f0",0.173999999999978
"ecg_repos","mean",13,"indisponible",NA,"non_applicable","non_applicable : moyenne pour cible quantitative seulement",918,827,91,131492077,258004078,"ee7f14dc5cb0635ec59b1207aad0bf8e",0.000999999999976353
"ecg_repos","median",13,"indisponible",NA,"non_applicable","non_applicable : médiane sans sens pour cible nominale",918,827,91,131492077,73551193,"ee7f14dc5cb0635ec59b1207aad0bf8e",0
"ecg_repos","mode",13,"taux_erreur",0.417582417582418,"ok","",918,827,91,131492077,215947147,"ee7f14dc5cb0635ec59b1207aad0bf8e",0.00199999999995271
"ecg_repos","mode",13,"accuracy",0.582417582417582,"ok","",918,827,91,131492077,215947147,"ee7f14dc5cb0635ec59b1207aad0bf8e",0.00199999999995271
"ecg_repos","RandomForest",13,"taux_erreur",0.384615384615385,"ok","",918,827,91,131492077,44007396,"ee7f14dc5cb0635ec59b1207aad0bf8e",0.161000000000058
"ecg_repos","RandomForest",13,"accuracy",0.615384615384615,"ok","",918,827,91,131492077,44007396,"ee7f14dc5cb0635ec59b1207aad0bf8e",0.161000000000058
"ecg_repos","Knn",13,"taux_erreur",0.450549450549451,"ok","",918,827,91,131492077,69130534,"ee7f14dc5cb0635ec59b1207aad0bf8e",0.02800000000002
"ecg_repos","Knn",13,"accuracy",0.549450549450549,"ok","",918,827,91,131492077,69130534,"ee7f14dc5cb0635ec59b1207aad0bf8e",0.02800000000002
"ecg_repos","ACP",13,"taux_erreur",0.373626373626374,"ok","",918,827,91,131492077,43819104,"ee7f14dc5cb0635ec59b1207aad0bf8e",0.0319999999999254
"ecg_repos","ACP",13,"accuracy",0.626373626373626,"ok","",918,827,91,131492077,43819104,"ee7f14dc5cb0635ec59b1207aad0bf8e",0.0319999999999254
"ecg_repos","EM",13,"indisponible",NA,"non_applicable","non_applicable : EM gaussien pour cible quantitative seulement",918,827,91,131492077,570512,"ee7f14dc5cb0635ec59b1207aad0bf8e",0
"ecg_repos","AFDM",13,"taux_erreur",0.351648351648352,"ok","",918,827,91,131492077,32018256,"ee7f14dc5cb0635ec59b1207aad0bf8e",0.0529999999998836
"ecg_repos","AFDM",13,"accuracy",0.648351648351648,"ok","",918,827,91,131492077,32018256,"ee7f14dc5cb0635ec59b1207aad0bf8e",0.0529999999998836
"ecg_repos","mice",13,"taux_erreur",0.395604395604396,"ok","",918,827,91,131492077,151223947,"ee7f14dc5cb0635ec59b1207aad0bf8e",0.354000000000042
"ecg_repos","mice",13,"accuracy",0.604395604395604,"ok","",918,827,91,131492077,151223947,"ee7f14dc5cb0635ec59b1207aad0bf8e",0.354000000000042
"fc_max","mean",13,"RMSE",25.0291574088275,"ok","",865,779,86,38022527,214701286,"ca0949f0a16ac172702dd9bfe6535b52",0
"fc_max","mean",13,"MAE",20.5347941606711,"ok","",865,779,86,38022527,214701286,"ca0949f0a16ac172702dd9bfe6535b52",0
"fc_max","median",13,"RMSE",25.1086013243493,"ok","",865,779,86,38022527,108481984,"ca0949f0a16ac172702dd9bfe6535b52",0
"fc_max","median",13,"MAE",20.3255813953488,"ok","",865,779,86,38022527,108481984,"ca0949f0a16ac172702dd9bfe6535b52",0
"fc_max","mode",13,"RMSE",25.1086013243493,"ok","",865,779,86,38022527,147465693,"ca0949f0a16ac172702dd9bfe6535b52",0.000999999999976353
"fc_max","mode",13,"MAE",20.3255813953488,"ok","",865,779,86,38022527,147465693,"ca0949f0a16ac172702dd9bfe6535b52",0.000999999999976353
"fc_max","RandomForest",13,"RMSE",18.8877981316037,"ok","",865,779,86,38022527,71460157,"ca0949f0a16ac172702dd9bfe6535b52",0.131000000000085
"fc_max","RandomForest",13,"MAE",15.0797953258689,"ok","",865,779,86,38022527,71460157,"ca0949f0a16ac172702dd9bfe6535b52",0.131000000000085
"fc_max","Knn",13,"RMSE",22.3340286829157,"ok","",865,779,86,38022527,182955954,"ca0949f0a16ac172702dd9bfe6535b52",0.0160000000000764
"fc_max","Knn",13,"MAE",17.5232558139535,"ok","",865,779,86,38022527,182955954,"ca0949f0a16ac172702dd9bfe6535b52",0.0160000000000764
"fc_max","ACP",13,"RMSE",42.5442836497983,"ok","",865,779,86,38022527,85042278,"ca0949f0a16ac172702dd9bfe6535b52",0.0149999999998727
"fc_max","ACP",13,"MAE",35.9916384149346,"ok","",865,779,86,38022527,85042278,"ca0949f0a16ac172702dd9bfe6535b52",0.0149999999998727
"fc_max","EM",13,"RMSE",22.5802993657983,"ok","",865,779,86,38022527,111678429,"ca0949f0a16ac172702dd9bfe6535b52",0.264000000000124
"fc_max","EM",13,"MAE",18.8028881522533,"ok","",865,779,86,38022527,111678429,"ca0949f0a16ac172702dd9bfe6535b52",0.264000000000124
"fc_max","AFDM",13,"RMSE",20.1339728971092,"ok","",865,779,86,38022527,247173654,"ca0949f0a16ac172702dd9bfe6535b52",0.0509999999999309
"fc_max","AFDM",13,"MAE",16.3935164589319,"ok","",865,779,86,38022527,247173654,"ca0949f0a16ac172702dd9bfe6535b52",0.0509999999999309
"fc_max","mice",13,"RMSE",20.9112743597524,"ok","",865,779,86,38022527,237935803,"ca0949f0a16ac172702dd9bfe6535b52",0.0860000000000127
"fc_max","mice",13,"MAE",16.5651162790698,"ok","",865,779,86,38022527,237935803,"ca0949f0a16ac172702dd9bfe6535b52",0.0860000000000127
"angine_effort","mean",13,"indisponible",NA,"non_applicable","non_applicable : moyenne pour cible quantitative seulement",865,779,86,152508926,205587707,"21644ea94b8d79b47ecb69a103aedddc",0
"angine_effort","median",13,"indisponible",NA,"non_applicable","non_applicable : médiane sans sens pour cible nominale",865,779,86,152508926,181550156,"21644ea94b8d79b47ecb69a103aedddc",0
"angine_effort","mode",13,"taux_erreur",0.348837209302326,"ok","",865,779,86,152508926,109878121,"21644ea94b8d79b47ecb69a103aedddc",0.000999999999976353
"angine_effort","mode",13,"accuracy",0.651162790697674,"ok","",865,779,86,152508926,109878121,"21644ea94b8d79b47ecb69a103aedddc",0.000999999999976353
"angine_effort","RandomForest",13,"taux_erreur",0.22093023255814,"ok","",865,779,86,152508926,62017089,"21644ea94b8d79b47ecb69a103aedddc",0.119999999999891
"angine_effort","RandomForest",13,"accuracy",0.779069767441861,"ok","",865,779,86,152508926,62017089,"21644ea94b8d79b47ecb69a103aedddc",0.119999999999891
"angine_effort","Knn",13,"taux_erreur",0.209302325581395,"ok","",865,779,86,152508926,63992208,"21644ea94b8d79b47ecb69a103aedddc",0.0289999999999964
"angine_effort","Knn",13,"accuracy",0.790697674418605,"ok","",865,779,86,152508926,63992208,"21644ea94b8d79b47ecb69a103aedddc",0.0289999999999964
"angine_effort","ACP",13,"taux_erreur",0.372093023255814,"ok","",865,779,86,152508926,221103419,"21644ea94b8d79b47ecb69a103aedddc",0.0179999999998017
"angine_effort","ACP",13,"accuracy",0.627906976744186,"ok","",865,779,86,152508926,221103419,"21644ea94b8d79b47ecb69a103aedddc",0.0179999999998017
"angine_effort","EM",13,"indisponible",NA,"non_applicable","non_applicable : EM gaussien pour cible quantitative seulement",865,779,86,152508926,154731505,"21644ea94b8d79b47ecb69a103aedddc",0
"angine_effort","AFDM",13,"taux_erreur",0.290697674418605,"ok","",865,779,86,152508926,243933274,"21644ea94b8d79b47ecb69a103aedddc",0.0499999999999545
"angine_effort","AFDM",13,"accuracy",0.709302325581395,"ok","",865,779,86,152508926,243933274,"21644ea94b8d79b47ecb69a103aedddc",0.0499999999999545
"angine_effort","mice",13,"taux_erreur",0.313953488372093,"ok","",865,779,86,152508926,125882454,"21644ea94b8d79b47ecb69a103aedddc",0.176999999999907
"angine_effort","mice",13,"accuracy",0.686046511627907,"ok","",865,779,86,152508926,125882454,"21644ea94b8d79b47ecb69a103aedddc",0.176999999999907
"depress_st","mean",13,"RMSE",1.14597811420719,"ok","",858,773,85,202242871,76667956,"07b860656eae79705585f3fd17e43a39",0
"depress_st","mean",13,"MAE",0.951419222281409,"ok","",858,773,85,202242871,76667956,"07b860656eae79705585f3fd17e43a39",0
"depress_st","median",13,"RMSE",1.22949056882252,"ok","",858,773,85,202242871,58783833,"07b860656eae79705585f3fd17e43a39",0.000999999999976353
"depress_st","median",13,"MAE",0.963529411764706,"ok","",858,773,85,202242871,58783833,"07b860656eae79705585f3fd17e43a39",0.000999999999976353
"depress_st","mode",13,"RMSE",1.48814926512569,"ok","",858,773,85,202242871,233636472,"07b860656eae79705585f3fd17e43a39",0.00199999999995271
"depress_st","mode",13,"MAE",1.02117647058824,"ok","",858,773,85,202242871,233636472,"07b860656eae79705585f3fd17e43a39",0.00199999999995271
"depress_st","RandomForest",13,"RMSE",0.991049273662347,"ok","",858,773,85,202242871,211919333,"07b860656eae79705585f3fd17e43a39",0.134999999999991
"depress_st","RandomForest",13,"MAE",0.770728769644425,"ok","",858,773,85,202242871,211919333,"07b860656eae79705585f3fd17e43a39",0.134999999999991
"depress_st","Knn",13,"RMSE",1.02049584257158,"ok","",858,773,85,202242871,172615003,"07b860656eae79705585f3fd17e43a39",0.0190000000000055
"depress_st","Knn",13,"MAE",0.752941176470588,"ok","",858,773,85,202242871,172615003,"07b860656eae79705585f3fd17e43a39",0.0190000000000055
"depress_st","ACP",13,"RMSE",1.65117551185423,"ok","",858,773,85,202242871,165046306,"07b860656eae79705585f3fd17e43a39",0.0149999999998727
"depress_st","ACP",13,"MAE",1.40873514668683,"ok","",858,773,85,202242871,165046306,"07b860656eae79705585f3fd17e43a39",0.0149999999998727
"depress_st","EM",13,"RMSE",1.12645115726679,"ok","",858,773,85,202242871,143886001,"07b860656eae79705585f3fd17e43a39",0.273000000000138
"depress_st","EM",13,"MAE",0.915968206134857,"ok","",858,773,85,202242871,143886001,"07b860656eae79705585f3fd17e43a39",0.273000000000138
"depress_st","AFDM",13,"RMSE",1.02915708970881,"ok","",858,773,85,202242871,182721469,"07b860656eae79705585f3fd17e43a39",0.0380000000000109
"depress_st","AFDM",13,"MAE",0.810015266870976,"ok","",858,773,85,202242871,182721469,"07b860656eae79705585f3fd17e43a39",0.0380000000000109
"depress_st","mice",13,"RMSE",0.970673507840576,"ok","",858,773,85,202242871,75601024,"07b860656eae79705585f3fd17e43a39",0.0830000000000837
"depress_st","mice",13,"MAE",0.747529411764706,"ok","",858,773,85,202242871,75601024,"07b860656eae79705585f3fd17e43a39",0.0830000000000837
"pente_st","mean",13,"indisponible",NA,"non_applicable","non_applicable : moyenne pour cible quantitative seulement",611,550,61,203945164,149125591,"7b2e8e600daf30bd8223a79be681e686",0
"pente_st","median",13,"taux_erreur",0.491803278688525,"ok","",611,550,61,203945164,134246802,"7b2e8e600daf30bd8223a79be681e686",0
"pente_st","median",13,"accuracy",0.508196721311475,"ok","",611,550,61,203945164,134246802,"7b2e8e600daf30bd8223a79be681e686",0
"pente_st","median",13,"RMSE",0.701286873318277,"ok","",611,550,61,203945164,134246802,"7b2e8e600daf30bd8223a79be681e686",0
"pente_st","median",13,"MAE",0.491803278688525,"ok","",611,550,61,203945164,134246802,"7b2e8e600daf30bd8223a79be681e686",0
"pente_st","mode",13,"taux_erreur",0.491803278688525,"ok","",611,550,61,203945164,63305291,"7b2e8e600daf30bd8223a79be681e686",0.000999999999976353
"pente_st","mode",13,"accuracy",0.508196721311475,"ok","",611,550,61,203945164,63305291,"7b2e8e600daf30bd8223a79be681e686",0.000999999999976353
"pente_st","mode",13,"RMSE",0.701286873318277,"ok","",611,550,61,203945164,63305291,"7b2e8e600daf30bd8223a79be681e686",0.000999999999976353
"pente_st","mode",13,"MAE",0.491803278688525,"ok","",611,550,61,203945164,63305291,"7b2e8e600daf30bd8223a79be681e686",0.000999999999976353
"pente_st","RandomForest",13,"taux_erreur",0.344262295081967,"ok","",611,550,61,203945164,104677881,"7b2e8e600daf30bd8223a79be681e686",0.0950000000000273
"pente_st","RandomForest",13,"accuracy",0.655737704918033,"ok","",611,550,61,203945164,104677881,"7b2e8e600daf30bd8223a79be681e686",0.0950000000000273
"pente_st","RandomForest",13,"RMSE",0.62725004818718,"ok","",611,550,61,203945164,104677881,"7b2e8e600daf30bd8223a79be681e686",0.0950000000000273
"pente_st","RandomForest",13,"MAE",0.360655737704918,"ok","",611,550,61,203945164,104677881,"7b2e8e600daf30bd8223a79be681e686",0.0950000000000273
"pente_st","Knn",13,"taux_erreur",0.442622950819672,"ok","",611,550,61,203945164,67259953,"7b2e8e600daf30bd8223a79be681e686",0.0329999999999018
"pente_st","Knn",13,"accuracy",0.557377049180328,"ok","",611,550,61,203945164,67259953,"7b2e8e600daf30bd8223a79be681e686",0.0329999999999018
"pente_st","Knn",13,"RMSE",0.735515877841789,"ok","",611,550,61,203945164,67259953,"7b2e8e600daf30bd8223a79be681e686",0.0329999999999018
"pente_st","Knn",13,"MAE",0.475409836065574,"ok","",611,550,61,203945164,67259953,"7b2e8e600daf30bd8223a79be681e686",0.0329999999999018
"pente_st","ACP",13,"taux_erreur",0.557377049180328,"ok","",611,550,61,203945164,79348432,"7b2e8e600daf30bd8223a79be681e686",0.0219999999999345
"pente_st","ACP",13,"accuracy",0.442622950819672,"ok","",611,550,61,203945164,79348432,"7b2e8e600daf30bd8223a79be681e686",0.0219999999999345
"pente_st","ACP",13,"RMSE",0.839593969003402,"ok","",611,550,61,203945164,79348432,"7b2e8e600daf30bd8223a79be681e686",0.0219999999999345
"pente_st","ACP",13,"MAE",0.60655737704918,"ok","",611,550,61,203945164,79348432,"7b2e8e600daf30bd8223a79be681e686",0.0219999999999345
"pente_st","EM",13,"indisponible",NA,"non_applicable","non_applicable : EM gaussien pour cible quantitative seulement",611,550,61,203945164,156886654,"7b2e8e600daf30bd8223a79be681e686",0
"pente_st","AFDM",13,"taux_erreur",0.377049180327869,"ok","",611,550,61,203945164,38111365,"7b2e8e600daf30bd8223a79be681e686",0.0450000000000728
"pente_st","AFDM",13,"accuracy",0.622950819672131,"ok","",611,550,61,203945164,38111365,"7b2e8e600daf30bd8223a79be681e686",0.0450000000000728
"pente_st","AFDM",13,"RMSE",0.652862549237373,"ok","",611,550,61,203945164,38111365,"7b2e8e600daf30bd8223a79be681e686",0.0450000000000728
"pente_st","AFDM",13,"MAE",0.39344262295082,"ok","",611,550,61,203945164,38111365,"7b2e8e600daf30bd8223a79be681e686",0.0450000000000728
"pente_st","mice",13,"taux_erreur",0.39344262295082,"ok","",611,550,61,203945164,22274765,"7b2e8e600daf30bd8223a79be681e686",0.307999999999993
"pente_st","mice",13,"accuracy",0.60655737704918,"ok","",611,550,61,203945164,22274765,"7b2e8e600daf30bd8223a79be681e686",0.307999999999993
"pente_st","mice",13,"RMSE",0.735515877841789,"ok","",611,550,61,203945164,22274765,"7b2e8e600daf30bd8223a79be681e686",0.307999999999993
"pente_st","mice",13,"MAE",0.442622950819672,"ok","",611,550,61,203945164,22274765,"7b2e8e600daf30bd8223a79be681e686",0.307999999999993
"nb_vaisseaux","mean",13,"indisponible",NA,"non_applicable","non_applicable : moyenne pour cible quantitative seulement",309,279,30,227392548,212387025,"af320ca6c1d35b0e9d64b97f78b17bef",0
"nb_vaisseaux","median",13,"taux_erreur",0.4,"ok","",309,279,30,227392548,215540161,"af320ca6c1d35b0e9d64b97f78b17bef",0.000999999999976353
"nb_vaisseaux","median",13,"accuracy",0.6,"ok","",309,279,30,227392548,215540161,"af320ca6c1d35b0e9d64b97f78b17bef",0.000999999999976353
"nb_vaisseaux","median",13,"RMSE",1.11055541659718,"ok","",309,279,30,227392548,215540161,"af320ca6c1d35b0e9d64b97f78b17bef",0.000999999999976353
"nb_vaisseaux","median",13,"MAE",0.633333333333333,"ok","",309,279,30,227392548,215540161,"af320ca6c1d35b0e9d64b97f78b17bef",0.000999999999976353
"nb_vaisseaux","mode",13,"taux_erreur",0.4,"ok","",309,279,30,227392548,92500135,"af320ca6c1d35b0e9d64b97f78b17bef",0.000999999999976353
"nb_vaisseaux","mode",13,"accuracy",0.6,"ok","",309,279,30,227392548,92500135,"af320ca6c1d35b0e9d64b97f78b17bef",0.000999999999976353
"nb_vaisseaux","mode",13,"RMSE",1.11055541659718,"ok","",309,279,30,227392548,92500135,"af320ca6c1d35b0e9d64b97f78b17bef",0.000999999999976353
"nb_vaisseaux","mode",13,"MAE",0.633333333333333,"ok","",309,279,30,227392548,92500135,"af320ca6c1d35b0e9d64b97f78b17bef",0.000999999999976353
"nb_vaisseaux","RandomForest",13,"taux_erreur",0.366666666666667,"ok","",309,279,30,227392548,24109473,"af320ca6c1d35b0e9d64b97f78b17bef",0.0589999999999691
"nb_vaisseaux","RandomForest",13,"accuracy",0.633333333333333,"ok","",309,279,30,227392548,24109473,"af320ca6c1d35b0e9d64b97f78b17bef",0.0589999999999691
"nb_vaisseaux","RandomForest",13,"RMSE",0.912870929175277,"ok","",309,279,30,227392548,24109473,"af320ca6c1d35b0e9d64b97f78b17bef",0.0589999999999691
"nb_vaisseaux","RandomForest",13,"MAE",0.5,"ok","",309,279,30,227392548,24109473,"af320ca6c1d35b0e9d64b97f78b17bef",0.0589999999999691
"nb_vaisseaux","Knn",13,"taux_erreur",0.4,"ok","",309,279,30,227392548,99368971,"af320ca6c1d35b0e9d64b97f78b17bef",0.01299999999992
"nb_vaisseaux","Knn",13,"accuracy",0.6,"ok","",309,279,30,227392548,99368971,"af320ca6c1d35b0e9d64b97f78b17bef",0.01299999999992
"nb_vaisseaux","Knn",13,"RMSE",1.01653004546513,"ok","",309,279,30,227392548,99368971,"af320ca6c1d35b0e9d64b97f78b17bef",0.01299999999992
"nb_vaisseaux","Knn",13,"MAE",0.566666666666667,"ok","",309,279,30,227392548,99368971,"af320ca6c1d35b0e9d64b97f78b17bef",0.01299999999992
"nb_vaisseaux","ACP",13,"taux_erreur",0.4,"ok","",309,279,30,227392548,245671956,"af320ca6c1d35b0e9d64b97f78b17bef",0.0149999999998727
"nb_vaisseaux","ACP",13,"accuracy",0.6,"ok","",309,279,30,227392548,245671956,"af320ca6c1d35b0e9d64b97f78b17bef",0.0149999999998727
"nb_vaisseaux","ACP",13,"RMSE",1.06458129484475,"ok","",309,279,30,227392548,245671956,"af320ca6c1d35b0e9d64b97f78b17bef",0.0149999999998727
"nb_vaisseaux","ACP",13,"MAE",0.6,"ok","",309,279,30,227392548,245671956,"af320ca6c1d35b0e9d64b97f78b17bef",0.0149999999998727
"nb_vaisseaux","EM",13,"indisponible",NA,"non_applicable","non_applicable : EM gaussien pour cible quantitative seulement",309,279,30,227392548,113787756,"af320ca6c1d35b0e9d64b97f78b17bef",0.00100000000020373
"nb_vaisseaux","AFDM",13,"taux_erreur",0.4,"ok","",309,279,30,227392548,74541093,"af320ca6c1d35b0e9d64b97f78b17bef",0.0389999999999873
"nb_vaisseaux","AFDM",13,"accuracy",0.6,"ok","",309,279,30,227392548,74541093,"af320ca6c1d35b0e9d64b97f78b17bef",0.0389999999999873
"nb_vaisseaux","AFDM",13,"RMSE",1.11055541659718,"ok","",309,279,30,227392548,74541093,"af320ca6c1d35b0e9d64b97f78b17bef",0.0389999999999873
"nb_vaisseaux","AFDM",13,"MAE",0.633333333333333,"ok","",309,279,30,227392548,74541093,"af320ca6c1d35b0e9d64b97f78b17bef",0.0389999999999873
"nb_vaisseaux","mice",13,"taux_erreur",0.433333333333333,"ok","",309,279,30,227392548,237553051,"af320ca6c1d35b0e9d64b97f78b17bef",0.230000000000018
"nb_vaisseaux","mice",13,"accuracy",0.566666666666667,"ok","",309,279,30,227392548,237553051,"af320ca6c1d35b0e9d64b97f78b17bef",0.230000000000018
"nb_vaisseaux","mice",13,"RMSE",1.04880884817015,"ok","",309,279,30,227392548,237553051,"af320ca6c1d35b0e9d64b97f78b17bef",0.230000000000018
"nb_vaisseaux","mice",13,"MAE",0.633333333333333,"ok","",309,279,30,227392548,237553051,"af320ca6c1d35b0e9d64b97f78b17bef",0.230000000000018
"test_thallium","mean",13,"indisponible",NA,"non_applicable","non_applicable : moyenne pour cible quantitative seulement",434,391,43,77799558,210113258,"9a3a202a2404c7c39f59a4af2ca8a5be",0.00100000000020373
"test_thallium","median",13,"indisponible",NA,"non_applicable","non_applicable : médiane sans sens pour cible nominale",434,391,43,77799558,22170471,"9a3a202a2404c7c39f59a4af2ca8a5be",0.000999999999976353
"test_thallium","mode",13,"taux_erreur",0.558139534883721,"ok","",434,391,43,77799558,147703883,"9a3a202a2404c7c39f59a4af2ca8a5be",0.000999999999976353
"test_thallium","mode",13,"accuracy",0.441860465116279,"ok","",434,391,43,77799558,147703883,"9a3a202a2404c7c39f59a4af2ca8a5be",0.000999999999976353
"test_thallium","RandomForest",13,"taux_erreur",0.372093023255814,"ok","",434,391,43,77799558,95550616,"9a3a202a2404c7c39f59a4af2ca8a5be",0.0769999999999982
"test_thallium","RandomForest",13,"accuracy",0.627906976744186,"ok","",434,391,43,77799558,95550616,"9a3a202a2404c7c39f59a4af2ca8a5be",0.0769999999999982
"test_thallium","Knn",13,"taux_erreur",0.418604651162791,"ok","",434,391,43,77799558,10874044,"9a3a202a2404c7c39f59a4af2ca8a5be",0.01299999999992
"test_thallium","Knn",13,"accuracy",0.581395348837209,"ok","",434,391,43,77799558,10874044,"9a3a202a2404c7c39f59a4af2ca8a5be",0.01299999999992
"test_thallium","ACP",13,"taux_erreur",0.372093023255814,"ok","",434,391,43,77799558,265395447,"9a3a202a2404c7c39f59a4af2ca8a5be",0.0180000000000291
"test_thallium","ACP",13,"accuracy",0.627906976744186,"ok","",434,391,43,77799558,265395447,"9a3a202a2404c7c39f59a4af2ca8a5be",0.0180000000000291
"test_thallium","EM",13,"indisponible",NA,"non_applicable","non_applicable : EM gaussien pour cible quantitative seulement",434,391,43,77799558,169377828,"9a3a202a2404c7c39f59a4af2ca8a5be",0
"test_thallium","AFDM",13,"taux_erreur",0.372093023255814,"ok","",434,391,43,77799558,59506163,"9a3a202a2404c7c39f59a4af2ca8a5be",0.0579999999999927
"test_thallium","AFDM",13,"accuracy",0.627906976744186,"ok","",434,391,43,77799558,59506163,"9a3a202a2404c7c39f59a4af2ca8a5be",0.0579999999999927
"test_thallium","mice",13,"taux_erreur",0.372093023255814,"ok","",434,391,43,77799558,137523020,"9a3a202a2404c7c39f59a4af2ca8a5be",0.251999999999953
"test_thallium","mice",13,"accuracy",0.627906976744186,"ok","",434,391,43,77799558,137523020,"9a3a202a2404c7c39f59a4af2ca8a5be",0.251999999999953
"pa_repos","mean",14,"RMSE",18.7553974363865,"ok","",860,774,86,83235259,109288418,"4a724c74c805d8a97484d26fd2b8b61d",0.000999999999976353
"pa_repos","mean",14,"MAE",15.9898143140436,"ok","",860,774,86,83235259,109288418,"4a724c74c805d8a97484d26fd2b8b61d",0.000999999999976353
"pa_repos","median",14,"RMSE",17.8230971129508,"ok","",860,774,86,83235259,101438028,"4a724c74c805d8a97484d26fd2b8b61d",0
"pa_repos","median",14,"MAE",14.9651162790698,"ok","",860,774,86,83235259,101438028,"4a724c74c805d8a97484d26fd2b8b61d",0
"pa_repos","mode",14,"RMSE",18.2804381403907,"ok","",860,774,86,83235259,80334964,"4a724c74c805d8a97484d26fd2b8b61d",0.000999999999976353
"pa_repos","mode",14,"MAE",14.2209302325581,"ok","",860,774,86,83235259,80334964,"4a724c74c805d8a97484d26fd2b8b61d",0.000999999999976353
"pa_repos","RandomForest",14,"RMSE",17.1124474967212,"ok","",860,774,86,83235259,237442352,"4a724c74c805d8a97484d26fd2b8b61d",0.130000000000109
"pa_repos","RandomForest",14,"MAE",14.57064333243,"ok","",860,774,86,83235259,237442352,"4a724c74c805d8a97484d26fd2b8b61d",0.130000000000109
"pa_repos","Knn",14,"RMSE",19.2903397922983,"ok","",860,774,86,83235259,95379676,"4a724c74c805d8a97484d26fd2b8b61d",0.02800000000002
"pa_repos","Knn",14,"MAE",16.306976744186,"ok","",860,774,86,83235259,95379676,"4a724c74c805d8a97484d26fd2b8b61d",0.02800000000002
"pa_repos","ACP",14,"RMSE",18.5482230213949,"ok","",860,774,86,83235259,243663481,"4a724c74c805d8a97484d26fd2b8b61d",0.0190000000000055
"pa_repos","ACP",14,"MAE",15.2378756454096,"ok","",860,774,86,83235259,243663481,"4a724c74c805d8a97484d26fd2b8b61d",0.0190000000000055
"pa_repos","EM",14,"RMSE",17.3105307588723,"ok","",860,774,86,83235259,167882823,"4a724c74c805d8a97484d26fd2b8b61d",0.317000000000007
"pa_repos","EM",14,"MAE",14.7188729939665,"ok","",860,774,86,83235259,167882823,"4a724c74c805d8a97484d26fd2b8b61d",0.317000000000007
"pa_repos","AFDM",14,"RMSE",17.645804810516,"ok","",860,774,86,83235259,157756319,"4a724c74c805d8a97484d26fd2b8b61d",0.05600000000004
"pa_repos","AFDM",14,"MAE",15.1694769372966,"ok","",860,774,86,83235259,157756319,"4a724c74c805d8a97484d26fd2b8b61d",0.05600000000004
"pa_repos","mice",14,"RMSE",19.1599266882124,"ok","",860,774,86,83235259,98737522,"4a724c74c805d8a97484d26fd2b8b61d",0.0850000000000364
"pa_repos","mice",14,"MAE",15.7279069767442,"ok","",860,774,86,83235259,98737522,"4a724c74c805d8a97484d26fd2b8b61d",0.0850000000000364
"cholesterol","mean",14,"RMSE",53.7981981644547,"ok","",718,647,71,141466098,149818332,"a351b0eba6453d86f0001059e88778d5",0.000999999999976353
"cholesterol","mean",14,"MAE",42.5796199142304,"ok","",718,647,71,141466098,149818332,"a351b0eba6453d86f0001059e88778d5",0.000999999999976353
"cholesterol","median",14,"RMSE",54.0125181108607,"ok","",718,647,71,141466098,135596479,"a351b0eba6453d86f0001059e88778d5",0.00100000000020373
"cholesterol","median",14,"MAE",42.2253521126761,"ok","",718,647,71,141466098,135596479,"a351b0eba6453d86f0001059e88778d5",0.00100000000020373
"cholesterol","mode",14,"RMSE",54.4886601460069,"ok","",718,647,71,141466098,85327725,"a351b0eba6453d86f0001059e88778d5",0.000999999999976353
"cholesterol","mode",14,"MAE",44.0281690140845,"ok","",718,647,71,141466098,85327725,"a351b0eba6453d86f0001059e88778d5",0.000999999999976353
"cholesterol","RandomForest",14,"RMSE",52.4667779269403,"ok","",718,647,71,141466098,209127951,"a351b0eba6453d86f0001059e88778d5",0.138999999999896
"cholesterol","RandomForest",14,"MAE",40.8319011882271,"ok","",718,647,71,141466098,209127951,"a351b0eba6453d86f0001059e88778d5",0.138999999999896
"cholesterol","Knn",14,"RMSE",57.8684472152017,"ok","",718,647,71,141466098,69428004,"a351b0eba6453d86f0001059e88778d5",0.01299999999992
"cholesterol","Knn",14,"MAE",44.169014084507,"ok","",718,647,71,141466098,69428004,"a351b0eba6453d86f0001059e88778d5",0.01299999999992
"cholesterol","ACP",14,"RMSE",56.740544996259,"ok","",718,647,71,141466098,83121337,"a351b0eba6453d86f0001059e88778d5",0.02800000000002
"cholesterol","ACP",14,"MAE",42.5938638262026,"ok","",718,647,71,141466098,83121337,"a351b0eba6453d86f0001059e88778d5",0.02800000000002
"cholesterol","EM",14,"RMSE",52.0685744196846,"ok","",718,647,71,141466098,222128424,"a351b0eba6453d86f0001059e88778d5",0.0850000000000364
"cholesterol","EM",14,"MAE",41.0059789294861,"ok","",718,647,71,141466098,222128424,"a351b0eba6453d86f0001059e88778d5",0.0850000000000364
"cholesterol","AFDM",14,"RMSE",53.1010573132432,"ok","",718,647,71,141466098,152521738,"a351b0eba6453d86f0001059e88778d5",0.0480000000000018
"cholesterol","AFDM",14,"MAE",42.2903640871154,"ok","",718,647,71,141466098,152521738,"a351b0eba6453d86f0001059e88778d5",0.0480000000000018
"cholesterol","mice",14,"RMSE",56.6702495415239,"ok","",718,647,71,141466098,922324,"a351b0eba6453d86f0001059e88778d5",0.0640000000000782
"cholesterol","mice",14,"MAE",45.343661971831,"ok","",718,647,71,141466098,922324,"a351b0eba6453d86f0001059e88778d5",0.0640000000000782
"glyc_jeun_elevee","mean",14,"indisponible",NA,"non_applicable","non_applicable : moyenne pour cible quantitative seulement",830,747,83,152424997,105309854,"1d1ef2c6d4134139e4794d1632b13d50",0
"glyc_jeun_elevee","median",14,"indisponible",NA,"non_applicable","non_applicable : médiane sans sens pour cible nominale",830,747,83,152424997,174338958,"1d1ef2c6d4134139e4794d1632b13d50",0.000999999999976353
"glyc_jeun_elevee","mode",14,"taux_erreur",0.156626506024096,"ok","",830,747,83,152424997,246024103,"1d1ef2c6d4134139e4794d1632b13d50",0
"glyc_jeun_elevee","mode",14,"accuracy",0.843373493975904,"ok","",830,747,83,152424997,246024103,"1d1ef2c6d4134139e4794d1632b13d50",0
"glyc_jeun_elevee","RandomForest",14,"taux_erreur",0.156626506024096,"ok","",830,747,83,152424997,217671986,"1d1ef2c6d4134139e4794d1632b13d50",0.111000000000104
"glyc_jeun_elevee","RandomForest",14,"accuracy",0.843373493975904,"ok","",830,747,83,152424997,217671986,"1d1ef2c6d4134139e4794d1632b13d50",0.111000000000104
"glyc_jeun_elevee","Knn",14,"taux_erreur",0.192771084337349,"ok","",830,747,83,152424997,256106954,"1d1ef2c6d4134139e4794d1632b13d50",0.0329999999999018
"glyc_jeun_elevee","Knn",14,"accuracy",0.807228915662651,"ok","",830,747,83,152424997,256106954,"1d1ef2c6d4134139e4794d1632b13d50",0.0329999999999018
"glyc_jeun_elevee","ACP",14,"taux_erreur",0.168674698795181,"ok","",830,747,83,152424997,173891576,"1d1ef2c6d4134139e4794d1632b13d50",0.0260000000000673
"glyc_jeun_elevee","ACP",14,"accuracy",0.831325301204819,"ok","",830,747,83,152424997,173891576,"1d1ef2c6d4134139e4794d1632b13d50",0.0260000000000673
"glyc_jeun_elevee","EM",14,"indisponible",NA,"non_applicable","non_applicable : EM gaussien pour cible quantitative seulement",830,747,83,152424997,82148777,"1d1ef2c6d4134139e4794d1632b13d50",0
"glyc_jeun_elevee","AFDM",14,"taux_erreur",0.144578313253012,"ok","",830,747,83,152424997,252326725,"1d1ef2c6d4134139e4794d1632b13d50",0.0510000000001583
"glyc_jeun_elevee","AFDM",14,"accuracy",0.855421686746988,"ok","",830,747,83,152424997,252326725,"1d1ef2c6d4134139e4794d1632b13d50",0.0510000000001583
"glyc_jeun_elevee","mice",14,"taux_erreur",0.156626506024096,"ok","",830,747,83,152424997,184470813,"1d1ef2c6d4134139e4794d1632b13d50",0.20699999999988
"glyc_jeun_elevee","mice",14,"accuracy",0.843373493975904,"ok","",830,747,83,152424997,184470813,"1d1ef2c6d4134139e4794d1632b13d50",0.20699999999988
"ecg_repos","mean",14,"indisponible",NA,"non_applicable","non_applicable : moyenne pour cible quantitative seulement",918,827,91,190297827,214314486,"e8214bdc22285ea42524929ad161c913",0.000999999999976353
"ecg_repos","median",14,"indisponible",NA,"non_applicable","non_applicable : médiane sans sens pour cible nominale",918,827,91,190297827,22561061,"e8214bdc22285ea42524929ad161c913",0
"ecg_repos","mode",14,"taux_erreur",0.428571428571429,"ok","",918,827,91,190297827,192812710,"e8214bdc22285ea42524929ad161c913",0.00199999999995271
"ecg_repos","mode",14,"accuracy",0.571428571428571,"ok","",918,827,91,190297827,192812710,"e8214bdc22285ea42524929ad161c913",0.00199999999995271
"ecg_repos","RandomForest",14,"taux_erreur",0.373626373626374,"ok","",918,827,91,190297827,248508205,"e8214bdc22285ea42524929ad161c913",0.135999999999967
"ecg_repos","RandomForest",14,"accuracy",0.626373626373626,"ok","",918,827,91,190297827,248508205,"e8214bdc22285ea42524929ad161c913",0.135999999999967
"ecg_repos","Knn",14,"taux_erreur",0.406593406593407,"ok","",918,827,91,190297827,93429070,"e8214bdc22285ea42524929ad161c913",0.0540000000000873
"ecg_repos","Knn",14,"accuracy",0.593406593406593,"ok","",918,827,91,190297827,93429070,"e8214bdc22285ea42524929ad161c913",0.0540000000000873
"ecg_repos","ACP",14,"taux_erreur",0.373626373626374,"ok","",918,827,91,190297827,195725661,"e8214bdc22285ea42524929ad161c913",0.0430000000001201
"ecg_repos","ACP",14,"accuracy",0.626373626373626,"ok","",918,827,91,190297827,195725661,"e8214bdc22285ea42524929ad161c913",0.0430000000001201
"ecg_repos","EM",14,"indisponible",NA,"non_applicable","non_applicable : EM gaussien pour cible quantitative seulement",918,827,91,190297827,154913469,"e8214bdc22285ea42524929ad161c913",0.000999999999976353
"ecg_repos","AFDM",14,"taux_erreur",0.362637362637363,"ok","",918,827,91,190297827,20601631,"e8214bdc22285ea42524929ad161c913",0.0589999999999691
"ecg_repos","AFDM",14,"accuracy",0.637362637362637,"ok","",918,827,91,190297827,20601631,"e8214bdc22285ea42524929ad161c913",0.0589999999999691
"ecg_repos","mice",14,"taux_erreur",0.43956043956044,"ok","",918,827,91,190297827,184451177,"e8214bdc22285ea42524929ad161c913",0.376999999999953
"ecg_repos","mice",14,"accuracy",0.56043956043956,"ok","",918,827,91,190297827,184451177,"e8214bdc22285ea42524929ad161c913",0.376999999999953
"fc_max","mean",14,"RMSE",25.4300195141983,"ok","",865,779,86,35898113,66734554,"dda55acaf454fc6508c5a9b9b341efd5",0.000999999999976353
"fc_max","mean",14,"MAE",21.7325581395349,"ok","",865,779,86,35898113,66734554,"dda55acaf454fc6508c5a9b9b341efd5",0.000999999999976353
"fc_max","median",14,"RMSE",25.6354133691004,"ok","",865,779,86,35898113,109012350,"dda55acaf454fc6508c5a9b9b341efd5",0
"fc_max","median",14,"MAE",21.7790697674419,"ok","",865,779,86,35898113,109012350,"dda55acaf454fc6508c5a9b9b341efd5",0
"fc_max","mode",14,"RMSE",28.7282779415748,"ok","",865,779,86,35898113,42145462,"dda55acaf454fc6508c5a9b9b341efd5",0.000999999999976353
"fc_max","mode",14,"MAE",23.9883720930233,"ok","",865,779,86,35898113,42145462,"dda55acaf454fc6508c5a9b9b341efd5",0.000999999999976353
"fc_max","RandomForest",14,"RMSE",18.3973175588073,"ok","",865,779,86,35898113,213245400,"dda55acaf454fc6508c5a9b9b341efd5",0.148999999999887
"fc_max","RandomForest",14,"MAE",14.7689825555899,"ok","",865,779,86,35898113,213245400,"dda55acaf454fc6508c5a9b9b341efd5",0.148999999999887
"fc_max","Knn",14,"RMSE",19.4919303517432,"ok","",865,779,86,35898113,87355771,"dda55acaf454fc6508c5a9b9b341efd5",0.0230000000001382
"fc_max","Knn",14,"MAE",15.5604651162791,"ok","",865,779,86,35898113,87355771,"dda55acaf454fc6508c5a9b9b341efd5",0.0230000000001382
"fc_max","ACP",14,"RMSE",40.3880090117974,"ok","",865,779,86,35898113,212424152,"dda55acaf454fc6508c5a9b9b341efd5",0.0219999999999345
"fc_max","ACP",14,"MAE",35.2121132433089,"ok","",865,779,86,35898113,212424152,"dda55acaf454fc6508c5a9b9b341efd5",0.0219999999999345
"fc_max","EM",14,"RMSE",24.8191576502682,"ok","",865,779,86,35898113,191131524,"dda55acaf454fc6508c5a9b9b341efd5",0.291999999999916
"fc_max","EM",14,"MAE",20.4420758986646,"ok","",865,779,86,35898113,191131524,"dda55acaf454fc6508c5a9b9b341efd5",0.291999999999916
"fc_max","AFDM",14,"RMSE",19.6501634699863,"ok","",865,779,86,35898113,180033296,"dda55acaf454fc6508c5a9b9b341efd5",0.0480000000000018
"fc_max","AFDM",14,"MAE",15.6789198131705,"ok","",865,779,86,35898113,180033296,"dda55acaf454fc6508c5a9b9b341efd5",0.0480000000000018
"fc_max","mice",14,"RMSE",20.7181192465986,"ok","",865,779,86,35898113,209422197,"dda55acaf454fc6508c5a9b9b341efd5",0.0999999999999091
"fc_max","mice",14,"MAE",17.2209302325581,"ok","",865,779,86,35898113,209422197,"dda55acaf454fc6508c5a9b9b341efd5",0.0999999999999091
"angine_effort","mean",14,"indisponible",NA,"non_applicable","non_applicable : moyenne pour cible quantitative seulement",865,779,86,98437603,118417997,"f644d1de64efc647508f881210941dd4",0.000999999999976353
"angine_effort","median",14,"indisponible",NA,"non_applicable","non_applicable : médiane sans sens pour cible nominale",865,779,86,98437603,95188147,"f644d1de64efc647508f881210941dd4",0
"angine_effort","mode",14,"taux_erreur",0.383720930232558,"ok","",865,779,86,98437603,180312558,"f644d1de64efc647508f881210941dd4",0.000999999999976353
"angine_effort","mode",14,"accuracy",0.616279069767442,"ok","",865,779,86,98437603,180312558,"f644d1de64efc647508f881210941dd4",0.000999999999976353
"angine_effort","RandomForest",14,"taux_erreur",0.22093023255814,"ok","",865,779,86,98437603,246031131,"f644d1de64efc647508f881210941dd4",0.116000000000213
"angine_effort","RandomForest",14,"accuracy",0.779069767441861,"ok","",865,779,86,98437603,246031131,"f644d1de64efc647508f881210941dd4",0.116000000000213
"angine_effort","Knn",14,"taux_erreur",0.313953488372093,"ok","",865,779,86,98437603,213266509,"f644d1de64efc647508f881210941dd4",0.0309999999999491
"angine_effort","Knn",14,"accuracy",0.686046511627907,"ok","",865,779,86,98437603,213266509,"f644d1de64efc647508f881210941dd4",0.0309999999999491
"angine_effort","ACP",14,"taux_erreur",0.383720930232558,"ok","",865,779,86,98437603,160698664,"f644d1de64efc647508f881210941dd4",0.0190000000000055
"angine_effort","ACP",14,"accuracy",0.616279069767442,"ok","",865,779,86,98437603,160698664,"f644d1de64efc647508f881210941dd4",0.0190000000000055
"angine_effort","EM",14,"indisponible",NA,"non_applicable","non_applicable : EM gaussien pour cible quantitative seulement",865,779,86,98437603,81388128,"f644d1de64efc647508f881210941dd4",0.000999999999976353
"angine_effort","AFDM",14,"taux_erreur",0.267441860465116,"ok","",865,779,86,98437603,23094557,"f644d1de64efc647508f881210941dd4",0.0540000000000873
"angine_effort","AFDM",14,"accuracy",0.732558139534884,"ok","",865,779,86,98437603,23094557,"f644d1de64efc647508f881210941dd4",0.0540000000000873
"angine_effort","mice",14,"taux_erreur",0.290697674418605,"ok","",865,779,86,98437603,228546317,"f644d1de64efc647508f881210941dd4",0.182999999999993
"angine_effort","mice",14,"accuracy",0.709302325581395,"ok","",865,779,86,98437603,228546317,"f644d1de64efc647508f881210941dd4",0.182999999999993
"depress_st","mean",14,"RMSE",1.00765209892352,"ok","",858,773,85,14945436,35572616,"552cb3d1419bcd8934c3d78fc6fa48e6",0
"depress_st","mean",14,"MAE",0.848474240925348,"ok","",858,773,85,14945436,35572616,"552cb3d1419bcd8934c3d78fc6fa48e6",0
"depress_st","median",14,"RMSE",0.976608778315223,"ok","",858,773,85,14945436,129372890,"552cb3d1419bcd8934c3d78fc6fa48e6",0
"depress_st","median",14,"MAE",0.744705882352941,"ok","",858,773,85,14945436,129372890,"552cb3d1419bcd8934c3d78fc6fa48e6",0
"depress_st","mode",14,"RMSE",1.17237817628754,"ok","",858,773,85,14945436,111289361,"552cb3d1419bcd8934c3d78fc6fa48e6",0.00299999999992906
"depress_st","mode",14,"MAE",0.650588235294118,"ok","",858,773,85,14945436,111289361,"552cb3d1419bcd8934c3d78fc6fa48e6",0.00299999999992906
"depress_st","RandomForest",14,"RMSE",0.79372126983434,"ok","",858,773,85,14945436,233816279,"552cb3d1419bcd8934c3d78fc6fa48e6",0.130000000000109
"depress_st","RandomForest",14,"MAE",0.622932128775195,"ok","",858,773,85,14945436,233816279,"552cb3d1419bcd8934c3d78fc6fa48e6",0.130000000000109
"depress_st","Knn",14,"RMSE",0.859414301240368,"ok","",858,773,85,14945436,228891605,"552cb3d1419bcd8934c3d78fc6fa48e6",0.0339999999998781
"depress_st","Knn",14,"MAE",0.659529411764706,"ok","",858,773,85,14945436,228891605,"552cb3d1419bcd8934c3d78fc6fa48e6",0.0339999999998781
"depress_st","ACP",14,"RMSE",1.4696073934986,"ok","",858,773,85,14945436,225677986,"552cb3d1419bcd8934c3d78fc6fa48e6",0.0349999999998545
"depress_st","ACP",14,"MAE",1.24990247065994,"ok","",858,773,85,14945436,225677986,"552cb3d1419bcd8934c3d78fc6fa48e6",0.0349999999998545
"depress_st","EM",14,"RMSE",0.933917654583215,"ok","",858,773,85,14945436,65367191,"552cb3d1419bcd8934c3d78fc6fa48e6",0.298999999999978
"depress_st","EM",14,"MAE",0.767519902395626,"ok","",858,773,85,14945436,65367191,"552cb3d1419bcd8934c3d78fc6fa48e6",0.298999999999978
"depress_st","AFDM",14,"RMSE",0.859954688917242,"ok","",858,773,85,14945436,66750430,"552cb3d1419bcd8934c3d78fc6fa48e6",0.043999999999869
"depress_st","AFDM",14,"MAE",0.666671190932455,"ok","",858,773,85,14945436,66750430,"552cb3d1419bcd8934c3d78fc6fa48e6",0.043999999999869
"depress_st","mice",14,"RMSE",0.8263114353773,"ok","",858,773,85,14945436,242196449,"552cb3d1419bcd8934c3d78fc6fa48e6",0.0900000000001455
"depress_st","mice",14,"MAE",0.659058823529412,"ok","",858,773,85,14945436,242196449,"552cb3d1419bcd8934c3d78fc6fa48e6",0.0900000000001455
"pente_st","mean",14,"indisponible",NA,"non_applicable","non_applicable : moyenne pour cible quantitative seulement",611,550,61,24041127,1584002,"e9c141e3e2f347cda51b44f75ba389e1",0.000999999999976353
"pente_st","median",14,"taux_erreur",0.459016393442623,"ok","",611,550,61,24041127,55198690,"e9c141e3e2f347cda51b44f75ba389e1",0.000999999999976353
"pente_st","median",14,"accuracy",0.540983606557377,"ok","",611,550,61,24041127,55198690,"e9c141e3e2f347cda51b44f75ba389e1",0.000999999999976353
"pente_st","median",14,"RMSE",0.677507485894158,"ok","",611,550,61,24041127,55198690,"e9c141e3e2f347cda51b44f75ba389e1",0.000999999999976353
"pente_st","median",14,"MAE",0.459016393442623,"ok","",611,550,61,24041127,55198690,"e9c141e3e2f347cda51b44f75ba389e1",0.000999999999976353
"pente_st","mode",14,"taux_erreur",0.459016393442623,"ok","",611,550,61,24041127,195421325,"e9c141e3e2f347cda51b44f75ba389e1",0.000999999999976353
"pente_st","mode",14,"accuracy",0.540983606557377,"ok","",611,550,61,24041127,195421325,"e9c141e3e2f347cda51b44f75ba389e1",0.000999999999976353
"pente_st","mode",14,"RMSE",0.677507485894158,"ok","",611,550,61,24041127,195421325,"e9c141e3e2f347cda51b44f75ba389e1",0.000999999999976353
"pente_st","mode",14,"MAE",0.459016393442623,"ok","",611,550,61,24041127,195421325,"e9c141e3e2f347cda51b44f75ba389e1",0.000999999999976353
"pente_st","RandomForest",14,"taux_erreur",0.344262295081967,"ok","",611,550,61,24041127,1950418,"e9c141e3e2f347cda51b44f75ba389e1",0.104000000000042
"pente_st","RandomForest",14,"accuracy",0.655737704918033,"ok","",611,550,61,24041127,1950418,"e9c141e3e2f347cda51b44f75ba389e1",0.104000000000042
"pente_st","RandomForest",14,"RMSE",0.62725004818718,"ok","",611,550,61,24041127,1950418,"e9c141e3e2f347cda51b44f75ba389e1",0.104000000000042
"pente_st","RandomForest",14,"MAE",0.360655737704918,"ok","",611,550,61,24041127,1950418,"e9c141e3e2f347cda51b44f75ba389e1",0.104000000000042
"pente_st","Knn",14,"taux_erreur",0.39344262295082,"ok","",611,550,61,24041127,227548542,"e9c141e3e2f347cda51b44f75ba389e1",0.0260000000000673
"pente_st","Knn",14,"accuracy",0.60655737704918,"ok","",611,550,61,24041127,227548542,"e9c141e3e2f347cda51b44f75ba389e1",0.0260000000000673
"pente_st","Knn",14,"RMSE",0.701286873318277,"ok","",611,550,61,24041127,227548542,"e9c141e3e2f347cda51b44f75ba389e1",0.0260000000000673
"pente_st","Knn",14,"MAE",0.426229508196721,"ok","",611,550,61,24041127,227548542,"e9c141e3e2f347cda51b44f75ba389e1",0.0260000000000673
"pente_st","ACP",14,"taux_erreur",0.377049180327869,"ok","",611,550,61,24041127,8430284,"e9c141e3e2f347cda51b44f75ba389e1",0.0199999999999818
"pente_st","ACP",14,"accuracy",0.622950819672131,"ok","",611,550,61,24041127,8430284,"e9c141e3e2f347cda51b44f75ba389e1",0.0199999999999818
"pente_st","ACP",14,"RMSE",0.689499699829937,"ok","",611,550,61,24041127,8430284,"e9c141e3e2f347cda51b44f75ba389e1",0.0199999999999818
"pente_st","ACP",14,"MAE",0.409836065573771,"ok","",611,550,61,24041127,8430284,"e9c141e3e2f347cda51b44f75ba389e1",0.0199999999999818
"pente_st","EM",14,"indisponible",NA,"non_applicable","non_applicable : EM gaussien pour cible quantitative seulement",611,550,61,24041127,131742614,"e9c141e3e2f347cda51b44f75ba389e1",0
"pente_st","AFDM",14,"taux_erreur",0.377049180327869,"ok","",611,550,61,24041127,157099086,"e9c141e3e2f347cda51b44f75ba389e1",0.05600000000004
"pente_st","AFDM",14,"accuracy",0.622950819672131,"ok","",611,550,61,24041127,157099086,"e9c141e3e2f347cda51b44f75ba389e1",0.05600000000004
"pente_st","AFDM",14,"RMSE",0.689499699829937,"ok","",611,550,61,24041127,157099086,"e9c141e3e2f347cda51b44f75ba389e1",0.05600000000004
"pente_st","AFDM",14,"MAE",0.409836065573771,"ok","",611,550,61,24041127,157099086,"e9c141e3e2f347cda51b44f75ba389e1",0.05600000000004
"pente_st","mice",14,"taux_erreur",0.426229508196721,"ok","",611,550,61,24041127,49698698,"e9c141e3e2f347cda51b44f75ba389e1",0.344000000000051
"pente_st","mice",14,"accuracy",0.573770491803279,"ok","",611,550,61,24041127,49698698,"e9c141e3e2f347cda51b44f75ba389e1",0.344000000000051
"pente_st","mice",14,"RMSE",0.724285968340148,"ok","",611,550,61,24041127,49698698,"e9c141e3e2f347cda51b44f75ba389e1",0.344000000000051
"pente_st","mice",14,"MAE",0.459016393442623,"ok","",611,550,61,24041127,49698698,"e9c141e3e2f347cda51b44f75ba389e1",0.344000000000051
"nb_vaisseaux","mean",14,"indisponible",NA,"non_applicable","non_applicable : moyenne pour cible quantitative seulement",309,279,30,67547232,74911269,"a33ca87b2b7a01bc4e419405ec05a024",0.000999999999976353
"nb_vaisseaux","median",14,"taux_erreur",0.466666666666667,"ok","",309,279,30,67547232,91199008,"a33ca87b2b7a01bc4e419405ec05a024",0
"nb_vaisseaux","median",14,"accuracy",0.533333333333333,"ok","",309,279,30,67547232,91199008,"a33ca87b2b7a01bc4e419405ec05a024",0
"nb_vaisseaux","median",14,"RMSE",1.06458129484475,"ok","",309,279,30,67547232,91199008,"a33ca87b2b7a01bc4e419405ec05a024",0
"nb_vaisseaux","median",14,"MAE",0.666666666666667,"ok","",309,279,30,67547232,91199008,"a33ca87b2b7a01bc4e419405ec05a024",0
"nb_vaisseaux","mode",14,"taux_erreur",0.466666666666667,"ok","",309,279,30,67547232,43002645,"a33ca87b2b7a01bc4e419405ec05a024",0.000999999999976353
"nb_vaisseaux","mode",14,"accuracy",0.533333333333333,"ok","",309,279,30,67547232,43002645,"a33ca87b2b7a01bc4e419405ec05a024",0.000999999999976353
"nb_vaisseaux","mode",14,"RMSE",1.06458129484475,"ok","",309,279,30,67547232,43002645,"a33ca87b2b7a01bc4e419405ec05a024",0.000999999999976353
"nb_vaisseaux","mode",14,"MAE",0.666666666666667,"ok","",309,279,30,67547232,43002645,"a33ca87b2b7a01bc4e419405ec05a024",0.000999999999976353
"nb_vaisseaux","RandomForest",14,"taux_erreur",0.4,"ok","",309,279,30,67547232,10259119,"a33ca87b2b7a01bc4e419405ec05a024",0.0610000000001492
"nb_vaisseaux","RandomForest",14,"accuracy",0.6,"ok","",309,279,30,67547232,10259119,"a33ca87b2b7a01bc4e419405ec05a024",0.0610000000001492
"nb_vaisseaux","RandomForest",14,"RMSE",0.836660026534076,"ok","",309,279,30,67547232,10259119,"a33ca87b2b7a01bc4e419405ec05a024",0.0610000000001492
"nb_vaisseaux","RandomForest",14,"MAE",0.5,"ok","",309,279,30,67547232,10259119,"a33ca87b2b7a01bc4e419405ec05a024",0.0610000000001492
"nb_vaisseaux","Knn",14,"taux_erreur",0.433333333333333,"ok","",309,279,30,67547232,69760423,"a33ca87b2b7a01bc4e419405ec05a024",0.0219999999999345
"nb_vaisseaux","Knn",14,"accuracy",0.566666666666667,"ok","",309,279,30,67547232,69760423,"a33ca87b2b7a01bc4e419405ec05a024",0.0219999999999345
"nb_vaisseaux","Knn",14,"RMSE",0.856348838577675,"ok","",309,279,30,67547232,69760423,"a33ca87b2b7a01bc4e419405ec05a024",0.0219999999999345
"nb_vaisseaux","Knn",14,"MAE",0.533333333333333,"ok","",309,279,30,67547232,69760423,"a33ca87b2b7a01bc4e419405ec05a024",0.0219999999999345
"nb_vaisseaux","ACP",14,"taux_erreur",0.566666666666667,"ok","",309,279,30,67547232,166518346,"a33ca87b2b7a01bc4e419405ec05a024",0.0299999999999727
"nb_vaisseaux","ACP",14,"accuracy",0.433333333333333,"ok","",309,279,30,67547232,166518346,"a33ca87b2b7a01bc4e419405ec05a024",0.0299999999999727
"nb_vaisseaux","ACP",14,"RMSE",0.966091783079296,"ok","",309,279,30,67547232,166518346,"a33ca87b2b7a01bc4e419405ec05a024",0.0299999999999727
"nb_vaisseaux","ACP",14,"MAE",0.666666666666667,"ok","",309,279,30,67547232,166518346,"a33ca87b2b7a01bc4e419405ec05a024",0.0299999999999727
"nb_vaisseaux","EM",14,"indisponible",NA,"non_applicable","non_applicable : EM gaussien pour cible quantitative seulement",309,279,30,67547232,217334648,"a33ca87b2b7a01bc4e419405ec05a024",0
"nb_vaisseaux","AFDM",14,"taux_erreur",0.5,"ok","",309,279,30,67547232,256261892,"a33ca87b2b7a01bc4e419405ec05a024",0.0300000000002001
"nb_vaisseaux","AFDM",14,"accuracy",0.5,"ok","",309,279,30,67547232,256261892,"a33ca87b2b7a01bc4e419405ec05a024",0.0300000000002001
"nb_vaisseaux","AFDM",14,"RMSE",0.894427190999916,"ok","",309,279,30,67547232,256261892,"a33ca87b2b7a01bc4e419405ec05a024",0.0300000000002001
"nb_vaisseaux","AFDM",14,"MAE",0.6,"ok","",309,279,30,67547232,256261892,"a33ca87b2b7a01bc4e419405ec05a024",0.0300000000002001
"nb_vaisseaux","mice",14,"taux_erreur",0.5,"ok","",309,279,30,67547232,240178674,"a33ca87b2b7a01bc4e419405ec05a024",0.240999999999985
"nb_vaisseaux","mice",14,"accuracy",0.5,"ok","",309,279,30,67547232,240178674,"a33ca87b2b7a01bc4e419405ec05a024",0.240999999999985
"nb_vaisseaux","mice",14,"RMSE",0.894427190999916,"ok","",309,279,30,67547232,240178674,"a33ca87b2b7a01bc4e419405ec05a024",0.240999999999985
"nb_vaisseaux","mice",14,"MAE",0.6,"ok","",309,279,30,67547232,240178674,"a33ca87b2b7a01bc4e419405ec05a024",0.240999999999985
"test_thallium","mean",14,"indisponible",NA,"non_applicable","non_applicable : moyenne pour cible quantitative seulement",434,391,43,222716549,93795496,"4440f160c2cff34f1b86a97bf08c1f29",0.000999999999976353
"test_thallium","median",14,"indisponible",NA,"non_applicable","non_applicable : médiane sans sens pour cible nominale",434,391,43,222716549,14667028,"4440f160c2cff34f1b86a97bf08c1f29",0
"test_thallium","mode",14,"taux_erreur",0.651162790697674,"ok","",434,391,43,222716549,92525551,"4440f160c2cff34f1b86a97bf08c1f29",0.000999999999976353
"test_thallium","mode",14,"accuracy",0.348837209302326,"ok","",434,391,43,222716549,92525551,"4440f160c2cff34f1b86a97bf08c1f29",0.000999999999976353
"test_thallium","RandomForest",14,"taux_erreur",0.348837209302326,"ok","",434,391,43,222716549,95854130,"4440f160c2cff34f1b86a97bf08c1f29",0.0740000000000691
"test_thallium","RandomForest",14,"accuracy",0.651162790697674,"ok","",434,391,43,222716549,95854130,"4440f160c2cff34f1b86a97bf08c1f29",0.0740000000000691
"test_thallium","Knn",14,"taux_erreur",0.418604651162791,"ok","",434,391,43,222716549,230469444,"4440f160c2cff34f1b86a97bf08c1f29",0.0160000000000764
"test_thallium","Knn",14,"accuracy",0.581395348837209,"ok","",434,391,43,222716549,230469444,"4440f160c2cff34f1b86a97bf08c1f29",0.0160000000000764
"test_thallium","ACP",14,"taux_erreur",0.395348837209302,"ok","",434,391,43,222716549,232868565,"4440f160c2cff34f1b86a97bf08c1f29",0.0239999999998872
"test_thallium","ACP",14,"accuracy",0.604651162790698,"ok","",434,391,43,222716549,232868565,"4440f160c2cff34f1b86a97bf08c1f29",0.0239999999998872
"test_thallium","EM",14,"indisponible",NA,"non_applicable","non_applicable : EM gaussien pour cible quantitative seulement",434,391,43,222716549,53718849,"4440f160c2cff34f1b86a97bf08c1f29",0
"test_thallium","AFDM",14,"taux_erreur",0.372093023255814,"ok","",434,391,43,222716549,263338587,"4440f160c2cff34f1b86a97bf08c1f29",0.0450000000000728
"test_thallium","AFDM",14,"accuracy",0.627906976744186,"ok","",434,391,43,222716549,263338587,"4440f160c2cff34f1b86a97bf08c1f29",0.0450000000000728
"test_thallium","mice",14,"taux_erreur",0.372093023255814,"ok","",434,391,43,222716549,182239719,"4440f160c2cff34f1b86a97bf08c1f29",0.257000000000062
"test_thallium","mice",14,"accuracy",0.627906976744186,"ok","",434,391,43,222716549,182239719,"4440f160c2cff34f1b86a97bf08c1f29",0.257000000000062
"pa_repos","mean",15,"RMSE",19.4658297931397,"ok","",860,774,86,105024815,204711736,"239ea17c2974ce2e344d9290332aa04f",0
"pa_repos","mean",15,"MAE",14.8973318911123,"ok","",860,774,86,105024815,204711736,"239ea17c2974ce2e344d9290332aa04f",0
"pa_repos","median",15,"RMSE",19.8251074075509,"ok","",860,774,86,105024815,226452056,"239ea17c2974ce2e344d9290332aa04f",0.000999999999976353
"pa_repos","median",15,"MAE",14.8023255813953,"ok","",860,774,86,105024815,226452056,"239ea17c2974ce2e344d9290332aa04f",0.000999999999976353
"pa_repos","mode",15,"RMSE",24.1364820850484,"ok","",860,774,86,105024815,95394461,"239ea17c2974ce2e344d9290332aa04f",0
"pa_repos","mode",15,"MAE",17.9883720930233,"ok","",860,774,86,105024815,95394461,"239ea17c2974ce2e344d9290332aa04f",0
"pa_repos","RandomForest",15,"RMSE",18.4720500124518,"ok","",860,774,86,105024815,2091542,"239ea17c2974ce2e344d9290332aa04f",0.141000000000076
"pa_repos","RandomForest",15,"MAE",13.5908186376264,"ok","",860,774,86,105024815,2091542,"239ea17c2974ce2e344d9290332aa04f",0.141000000000076
"pa_repos","Knn",15,"RMSE",18.0627588096047,"ok","",860,774,86,105024815,82492650,"239ea17c2974ce2e344d9290332aa04f",0.0310000000001764
"pa_repos","Knn",15,"MAE",13.6604651162791,"ok","",860,774,86,105024815,82492650,"239ea17c2974ce2e344d9290332aa04f",0.0310000000001764
"pa_repos","ACP",15,"RMSE",21.4777682264213,"ok","",860,774,86,105024815,117172315,"239ea17c2974ce2e344d9290332aa04f",0.015999999999849
"pa_repos","ACP",15,"MAE",16.1349144126538,"ok","",860,774,86,105024815,117172315,"239ea17c2974ce2e344d9290332aa04f",0.015999999999849
"pa_repos","EM",15,"RMSE",18.2137855996846,"ok","",860,774,86,105024815,162553525,"239ea17c2974ce2e344d9290332aa04f",0.2800000000002
"pa_repos","EM",15,"MAE",13.6835959803327,"ok","",860,774,86,105024815,162553525,"239ea17c2974ce2e344d9290332aa04f",0.2800000000002
"pa_repos","AFDM",15,"RMSE",18.5006933610898,"ok","",860,774,86,105024815,34225140,"239ea17c2974ce2e344d9290332aa04f",0.0389999999999873
"pa_repos","AFDM",15,"MAE",14.0366058171671,"ok","",860,774,86,105024815,34225140,"239ea17c2974ce2e344d9290332aa04f",0.0389999999999873
"pa_repos","mice",15,"RMSE",19.209530096065,"ok","",860,774,86,105024815,258971994,"239ea17c2974ce2e344d9290332aa04f",0.0869999999999891
"pa_repos","mice",15,"MAE",14.5186046511628,"ok","",860,774,86,105024815,258971994,"239ea17c2974ce2e344d9290332aa04f",0.0869999999999891
"cholesterol","mean",15,"RMSE",54.1378161197877,"ok","",718,647,71,100678774,247907729,"aac4ba17553609ac9b48c9a0b8bc66ab",0
"cholesterol","mean",15,"MAE",43.4215120708797,"ok","",718,647,71,100678774,247907729,"aac4ba17553609ac9b48c9a0b8bc66ab",0
"cholesterol","median",15,"RMSE",54.6386336001381,"ok","",718,647,71,100678774,31008073,"aac4ba17553609ac9b48c9a0b8bc66ab",0
"cholesterol","median",15,"MAE",42.7042253521127,"ok","",718,647,71,100678774,31008073,"aac4ba17553609ac9b48c9a0b8bc66ab",0
"cholesterol","mode",15,"RMSE",60.6771646491426,"ok","",718,647,71,100678774,113795483,"aac4ba17553609ac9b48c9a0b8bc66ab",0.000999999999976353
"cholesterol","mode",15,"MAE",45.7464788732394,"ok","",718,647,71,100678774,113795483,"aac4ba17553609ac9b48c9a0b8bc66ab",0.000999999999976353
"cholesterol","RandomForest",15,"RMSE",52.6071848959881,"ok","",718,647,71,100678774,217154282,"aac4ba17553609ac9b48c9a0b8bc66ab",0.122000000000071
"cholesterol","RandomForest",15,"MAE",42.5824784303606,"ok","",718,647,71,100678774,217154282,"aac4ba17553609ac9b48c9a0b8bc66ab",0.122000000000071
"cholesterol","Knn",15,"RMSE",56.7135823461648,"ok","",718,647,71,100678774,133174123,"aac4ba17553609ac9b48c9a0b8bc66ab",0.0140000000001237
"cholesterol","Knn",15,"MAE",45.7408450704225,"ok","",718,647,71,100678774,133174123,"aac4ba17553609ac9b48c9a0b8bc66ab",0.0140000000001237
"cholesterol","ACP",15,"RMSE",55.3785115269294,"ok","",718,647,71,100678774,31219575,"aac4ba17553609ac9b48c9a0b8bc66ab",0.0249999999998636
"cholesterol","ACP",15,"MAE",43.514594552162,"ok","",718,647,71,100678774,31219575,"aac4ba17553609ac9b48c9a0b8bc66ab",0.0249999999998636
"cholesterol","EM",15,"RMSE",54.2578711559391,"ok","",718,647,71,100678774,78418530,"aac4ba17553609ac9b48c9a0b8bc66ab",0.103000000000065
"cholesterol","EM",15,"MAE",43.1864759174231,"ok","",718,647,71,100678774,78418530,"aac4ba17553609ac9b48c9a0b8bc66ab",0.103000000000065
"cholesterol","AFDM",15,"RMSE",54.3545847004825,"ok","",718,647,71,100678774,53839845,"aac4ba17553609ac9b48c9a0b8bc66ab",0.0370000000000346
"cholesterol","AFDM",15,"MAE",43.4858055097549,"ok","",718,647,71,100678774,53839845,"aac4ba17553609ac9b48c9a0b8bc66ab",0.0370000000000346
"cholesterol","mice",15,"RMSE",60.8825190572841,"ok","",718,647,71,100678774,55352484,"aac4ba17553609ac9b48c9a0b8bc66ab",0.0789999999999509
"cholesterol","mice",15,"MAE",48.2394366197183,"ok","",718,647,71,100678774,55352484,"aac4ba17553609ac9b48c9a0b8bc66ab",0.0789999999999509
"glyc_jeun_elevee","mean",15,"indisponible",NA,"non_applicable","non_applicable : moyenne pour cible quantitative seulement",830,747,83,166662829,183548030,"b4b21ec9662d46d6b27afc5bc13a4aa8",0
"glyc_jeun_elevee","median",15,"indisponible",NA,"non_applicable","non_applicable : médiane sans sens pour cible nominale",830,747,83,166662829,244613156,"b4b21ec9662d46d6b27afc5bc13a4aa8",0
"glyc_jeun_elevee","mode",15,"taux_erreur",0.132530120481928,"ok","",830,747,83,166662829,148583950,"b4b21ec9662d46d6b27afc5bc13a4aa8",0.000999999999976353
"glyc_jeun_elevee","mode",15,"accuracy",0.867469879518072,"ok","",830,747,83,166662829,148583950,"b4b21ec9662d46d6b27afc5bc13a4aa8",0.000999999999976353
"glyc_jeun_elevee","RandomForest",15,"taux_erreur",0.132530120481928,"ok","",830,747,83,166662829,75678561,"b4b21ec9662d46d6b27afc5bc13a4aa8",0.102999999999838
"glyc_jeun_elevee","RandomForest",15,"accuracy",0.867469879518072,"ok","",830,747,83,166662829,75678561,"b4b21ec9662d46d6b27afc5bc13a4aa8",0.102999999999838
"glyc_jeun_elevee","Knn",15,"taux_erreur",0.120481927710843,"ok","",830,747,83,166662829,252907547,"b4b21ec9662d46d6b27afc5bc13a4aa8",0.0230000000001382
"glyc_jeun_elevee","Knn",15,"accuracy",0.879518072289157,"ok","",830,747,83,166662829,252907547,"b4b21ec9662d46d6b27afc5bc13a4aa8",0.0230000000001382
"glyc_jeun_elevee","ACP",15,"taux_erreur",0.156626506024096,"ok","",830,747,83,166662829,14554750,"b4b21ec9662d46d6b27afc5bc13a4aa8",0.0199999999999818
"glyc_jeun_elevee","ACP",15,"accuracy",0.843373493975904,"ok","",830,747,83,166662829,14554750,"b4b21ec9662d46d6b27afc5bc13a4aa8",0.0199999999999818
"glyc_jeun_elevee","EM",15,"indisponible",NA,"non_applicable","non_applicable : EM gaussien pour cible quantitative seulement",830,747,83,166662829,51556919,"b4b21ec9662d46d6b27afc5bc13a4aa8",0
"glyc_jeun_elevee","AFDM",15,"taux_erreur",0.120481927710843,"ok","",830,747,83,166662829,154745171,"b4b21ec9662d46d6b27afc5bc13a4aa8",0.0599999999999454
"glyc_jeun_elevee","AFDM",15,"accuracy",0.879518072289157,"ok","",830,747,83,166662829,154745171,"b4b21ec9662d46d6b27afc5bc13a4aa8",0.0599999999999454
"glyc_jeun_elevee","mice",15,"taux_erreur",0.132530120481928,"ok","",830,747,83,166662829,262539526,"b4b21ec9662d46d6b27afc5bc13a4aa8",0.185999999999922
"glyc_jeun_elevee","mice",15,"accuracy",0.867469879518072,"ok","",830,747,83,166662829,262539526,"b4b21ec9662d46d6b27afc5bc13a4aa8",0.185999999999922
"ecg_repos","mean",15,"indisponible",NA,"non_applicable","non_applicable : moyenne pour cible quantitative seulement",918,827,91,204939733,254343283,"8c15872fcabea5c773724833228003b5",0
"ecg_repos","median",15,"indisponible",NA,"non_applicable","non_applicable : médiane sans sens pour cible nominale",918,827,91,204939733,209837776,"8c15872fcabea5c773724833228003b5",0.00100000000020373
"ecg_repos","mode",15,"taux_erreur",0.384615384615385,"ok","",918,827,91,204939733,60262019,"8c15872fcabea5c773724833228003b5",0.000999999999976353
"ecg_repos","mode",15,"accuracy",0.615384615384615,"ok","",918,827,91,204939733,60262019,"8c15872fcabea5c773724833228003b5",0.000999999999976353
"ecg_repos","RandomForest",15,"taux_erreur",0.340659340659341,"ok","",918,827,91,204939733,166832082,"8c15872fcabea5c773724833228003b5",0.150000000000091
"ecg_repos","RandomForest",15,"accuracy",0.659340659340659,"ok","",918,827,91,204939733,166832082,"8c15872fcabea5c773724833228003b5",0.150000000000091
"ecg_repos","Knn",15,"taux_erreur",0.351648351648352,"ok","",918,827,91,204939733,37073751,"8c15872fcabea5c773724833228003b5",0.0709999999999127
"ecg_repos","Knn",15,"accuracy",0.648351648351648,"ok","",918,827,91,204939733,37073751,"8c15872fcabea5c773724833228003b5",0.0709999999999127
"ecg_repos","ACP",15,"taux_erreur",0.395604395604396,"ok","",918,827,91,204939733,190923031,"8c15872fcabea5c773724833228003b5",0.0380000000000109
"ecg_repos","ACP",15,"accuracy",0.604395604395604,"ok","",918,827,91,204939733,190923031,"8c15872fcabea5c773724833228003b5",0.0380000000000109
"ecg_repos","EM",15,"indisponible",NA,"non_applicable","non_applicable : EM gaussien pour cible quantitative seulement",918,827,91,204939733,47824012,"8c15872fcabea5c773724833228003b5",0.000999999999976353
"ecg_repos","AFDM",15,"taux_erreur",0.373626373626374,"ok","",918,827,91,204939733,1013007,"8c15872fcabea5c773724833228003b5",0.0550000000000637
"ecg_repos","AFDM",15,"accuracy",0.626373626373626,"ok","",918,827,91,204939733,1013007,"8c15872fcabea5c773724833228003b5",0.0550000000000637
"ecg_repos","mice",15,"taux_erreur",0.406593406593407,"ok","",918,827,91,204939733,153348730,"8c15872fcabea5c773724833228003b5",0.412000000000035
"ecg_repos","mice",15,"accuracy",0.593406593406593,"ok","",918,827,91,204939733,153348730,"8c15872fcabea5c773724833228003b5",0.412000000000035
"fc_max","mean",15,"RMSE",27.8701207719326,"ok","",865,779,86,58179271,41681556,"483b1d234f05d7d3c396ad7ae950a30f",0.000999999999976353
"fc_max","mean",15,"MAE",22.3271785533033,"ok","",865,779,86,58179271,41681556,"483b1d234f05d7d3c396ad7ae950a30f",0.000999999999976353
"fc_max","median",15,"RMSE",28.1476588311429,"ok","",865,779,86,58179271,257433758,"483b1d234f05d7d3c396ad7ae950a30f",0.000999999999976353
"fc_max","median",15,"MAE",22.4302325581395,"ok","",865,779,86,58179271,257433758,"483b1d234f05d7d3c396ad7ae950a30f",0.000999999999976353
"fc_max","mode",15,"RMSE",31.3785958747323,"ok","",865,779,86,58179271,238619591,"483b1d234f05d7d3c396ad7ae950a30f",0.000999999999976353
"fc_max","mode",15,"MAE",25.406976744186,"ok","",865,779,86,58179271,238619591,"483b1d234f05d7d3c396ad7ae950a30f",0.000999999999976353
"fc_max","RandomForest",15,"RMSE",21.6160883846684,"ok","",865,779,86,58179271,27894108,"483b1d234f05d7d3c396ad7ae950a30f",0.139000000000124
"fc_max","RandomForest",15,"MAE",17.545325362343,"ok","",865,779,86,58179271,27894108,"483b1d234f05d7d3c396ad7ae950a30f",0.139000000000124
"fc_max","Knn",15,"RMSE",23.3539797913123,"ok","",865,779,86,58179271,140078436,"483b1d234f05d7d3c396ad7ae950a30f",0.0289999999999964
"fc_max","Knn",15,"MAE",18.646511627907,"ok","",865,779,86,58179271,140078436,"483b1d234f05d7d3c396ad7ae950a30f",0.0289999999999964
"fc_max","ACP",15,"RMSE",42.07198436774,"ok","",865,779,86,58179271,147461020,"483b1d234f05d7d3c396ad7ae950a30f",0.0199999999999818
"fc_max","ACP",15,"MAE",35.625353933617,"ok","",865,779,86,58179271,147461020,"483b1d234f05d7d3c396ad7ae950a30f",0.0199999999999818
"fc_max","EM",15,"RMSE",25.2591133315636,"ok","",865,779,86,58179271,124580809,"483b1d234f05d7d3c396ad7ae950a30f",0.281999999999925
"fc_max","EM",15,"MAE",20.7555463806383,"ok","",865,779,86,58179271,124580809,"483b1d234f05d7d3c396ad7ae950a30f",0.281999999999925
"fc_max","AFDM",15,"RMSE",21.7077477266765,"ok","",865,779,86,58179271,94623233,"483b1d234f05d7d3c396ad7ae950a30f",0.0350000000000819
"fc_max","AFDM",15,"MAE",17.2277182915962,"ok","",865,779,86,58179271,94623233,"483b1d234f05d7d3c396ad7ae950a30f",0.0350000000000819
"fc_max","mice",15,"RMSE",24.6051611148631,"ok","",865,779,86,58179271,259215796,"483b1d234f05d7d3c396ad7ae950a30f",0.0779999999999745
"fc_max","mice",15,"MAE",20.6325581395349,"ok","",865,779,86,58179271,259215796,"483b1d234f05d7d3c396ad7ae950a30f",0.0779999999999745
"angine_effort","mean",15,"indisponible",NA,"non_applicable","non_applicable : moyenne pour cible quantitative seulement",865,779,86,166745529,204980692,"967f7090f5b020abedda2e50fefed06d",0
"angine_effort","median",15,"indisponible",NA,"non_applicable","non_applicable : médiane sans sens pour cible nominale",865,779,86,166745529,218898024,"967f7090f5b020abedda2e50fefed06d",0
"angine_effort","mode",15,"taux_erreur",0.337209302325581,"ok","",865,779,86,166745529,152116844,"967f7090f5b020abedda2e50fefed06d",0.000999999999976353
"angine_effort","mode",15,"accuracy",0.662790697674419,"ok","",865,779,86,166745529,152116844,"967f7090f5b020abedda2e50fefed06d",0.000999999999976353
"angine_effort","RandomForest",15,"taux_erreur",0.162790697674419,"ok","",865,779,86,166745529,88251498,"967f7090f5b020abedda2e50fefed06d",0.105000000000018
"angine_effort","RandomForest",15,"accuracy",0.837209302325581,"ok","",865,779,86,166745529,88251498,"967f7090f5b020abedda2e50fefed06d",0.105000000000018
"angine_effort","Knn",15,"taux_erreur",0.197674418604651,"ok","",865,779,86,166745529,172836093,"967f7090f5b020abedda2e50fefed06d",0.0270000000000437
"angine_effort","Knn",15,"accuracy",0.802325581395349,"ok","",865,779,86,166745529,172836093,"967f7090f5b020abedda2e50fefed06d",0.0270000000000437
"angine_effort","ACP",15,"taux_erreur",0.348837209302326,"ok","",865,779,86,166745529,70543926,"967f7090f5b020abedda2e50fefed06d",0.0179999999998017
"angine_effort","ACP",15,"accuracy",0.651162790697674,"ok","",865,779,86,166745529,70543926,"967f7090f5b020abedda2e50fefed06d",0.0179999999998017
"angine_effort","EM",15,"indisponible",NA,"non_applicable","non_applicable : EM gaussien pour cible quantitative seulement",865,779,86,166745529,44765425,"967f7090f5b020abedda2e50fefed06d",0
"angine_effort","AFDM",15,"taux_erreur",0.174418604651163,"ok","",865,779,86,166745529,79431672,"967f7090f5b020abedda2e50fefed06d",0.0539999999998599
"angine_effort","AFDM",15,"accuracy",0.825581395348837,"ok","",865,779,86,166745529,79431672,"967f7090f5b020abedda2e50fefed06d",0.0539999999998599
"angine_effort","mice",15,"taux_erreur",0.174418604651163,"ok","",865,779,86,166745529,116657768,"967f7090f5b020abedda2e50fefed06d",0.22199999999998
"angine_effort","mice",15,"accuracy",0.825581395348837,"ok","",865,779,86,166745529,116657768,"967f7090f5b020abedda2e50fefed06d",0.22199999999998
"depress_st","mean",15,"RMSE",1.1957871694626,"ok","",858,773,85,207510058,21429230,"e475e59c4148f9fbe88a0330cb8c635c",0
"depress_st","mean",15,"MAE",0.887378433909139,"ok","",858,773,85,207510058,21429230,"e475e59c4148f9fbe88a0330cb8c635c",0
"depress_st","median",15,"RMSE",1.2935587028222,"ok","",858,773,85,207510058,129540041,"e475e59c4148f9fbe88a0330cb8c635c",0
"depress_st","median",15,"MAE",0.935294117647059,"ok","",858,773,85,207510058,129540041,"e475e59c4148f9fbe88a0330cb8c635c",0
"depress_st","mode",15,"RMSE",1.5619746175538,"ok","",858,773,85,207510058,81054522,"e475e59c4148f9fbe88a0330cb8c635c",0.000999999999976353
"depress_st","mode",15,"MAE",1.07764705882353,"ok","",858,773,85,207510058,81054522,"e475e59c4148f9fbe88a0330cb8c635c",0.000999999999976353
"depress_st","RandomForest",15,"RMSE",0.984153404885657,"ok","",858,773,85,207510058,68186989,"e475e59c4148f9fbe88a0330cb8c635c",0.139000000000124
"depress_st","RandomForest",15,"MAE",0.712573489000344,"ok","",858,773,85,207510058,68186989,"e475e59c4148f9fbe88a0330cb8c635c",0.139000000000124
"depress_st","Knn",15,"RMSE",1.06826522373205,"ok","",858,773,85,207510058,103600427,"e475e59c4148f9fbe88a0330cb8c635c",0.0419999999999163
"depress_st","Knn",15,"MAE",0.777176470588235,"ok","",858,773,85,207510058,103600427,"e475e59c4148f9fbe88a0330cb8c635c",0.0419999999999163
"depress_st","ACP",15,"RMSE",1.75720162428351,"ok","",858,773,85,207510058,1151971,"e475e59c4148f9fbe88a0330cb8c635c",0.0249999999998636
"depress_st","ACP",15,"MAE",1.47745579298924,"ok","",858,773,85,207510058,1151971,"e475e59c4148f9fbe88a0330cb8c635c",0.0249999999998636
"depress_st","EM",15,"RMSE",1.18052883230184,"ok","",858,773,85,207510058,98971257,"e475e59c4148f9fbe88a0330cb8c635c",0.29300000000012
"depress_st","EM",15,"MAE",0.884754315970927,"ok","",858,773,85,207510058,98971257,"e475e59c4148f9fbe88a0330cb8c635c",0.29300000000012
"depress_st","AFDM",15,"RMSE",1.11830331383131,"ok","",858,773,85,207510058,144760014,"e475e59c4148f9fbe88a0330cb8c635c",0.043999999999869
"depress_st","AFDM",15,"MAE",0.814251921187688,"ok","",858,773,85,207510058,144760014,"e475e59c4148f9fbe88a0330cb8c635c",0.043999999999869
"depress_st","mice",15,"RMSE",1.0690666627539,"ok","",858,773,85,207510058,158509038,"e475e59c4148f9fbe88a0330cb8c635c",0.0860000000000127
"depress_st","mice",15,"MAE",0.788470588235294,"ok","",858,773,85,207510058,158509038,"e475e59c4148f9fbe88a0330cb8c635c",0.0860000000000127
"pente_st","mean",15,"indisponible",NA,"non_applicable","non_applicable : moyenne pour cible quantitative seulement",611,550,61,32756558,103513962,"732519ee57ec29ddf71e527765e09256",0.000999999999976353
"pente_st","median",15,"taux_erreur",0.409836065573771,"ok","",611,550,61,32756558,27139403,"732519ee57ec29ddf71e527765e09256",0.000999999999976353
"pente_st","median",15,"accuracy",0.590163934426229,"ok","",611,550,61,32756558,27139403,"732519ee57ec29ddf71e527765e09256",0.000999999999976353
"pente_st","median",15,"RMSE",0.64018439966448,"ok","",611,550,61,32756558,27139403,"732519ee57ec29ddf71e527765e09256",0.000999999999976353
"pente_st","median",15,"MAE",0.409836065573771,"ok","",611,550,61,32756558,27139403,"732519ee57ec29ddf71e527765e09256",0.000999999999976353
"pente_st","mode",15,"taux_erreur",0.409836065573771,"ok","",611,550,61,32756558,33263981,"732519ee57ec29ddf71e527765e09256",0.000999999999976353
"pente_st","mode",15,"accuracy",0.590163934426229,"ok","",611,550,61,32756558,33263981,"732519ee57ec29ddf71e527765e09256",0.000999999999976353
"pente_st","mode",15,"RMSE",0.64018439966448,"ok","",611,550,61,32756558,33263981,"732519ee57ec29ddf71e527765e09256",0.000999999999976353
"pente_st","mode",15,"MAE",0.409836065573771,"ok","",611,550,61,32756558,33263981,"732519ee57ec29ddf71e527765e09256",0.000999999999976353
"pente_st","RandomForest",15,"taux_erreur",0.295081967213115,"ok","",611,550,61,32756558,178567242,"732519ee57ec29ddf71e527765e09256",0.0999999999999091
"pente_st","RandomForest",15,"accuracy",0.704918032786885,"ok","",611,550,61,32756558,178567242,"732519ee57ec29ddf71e527765e09256",0.0999999999999091
"pente_st","RandomForest",15,"RMSE",0.543214476255111,"ok","",611,550,61,32756558,178567242,"732519ee57ec29ddf71e527765e09256",0.0999999999999091
"pente_st","RandomForest",15,"MAE",0.295081967213115,"ok","",611,550,61,32756558,178567242,"732519ee57ec29ddf71e527765e09256",0.0999999999999091
"pente_st","Knn",15,"taux_erreur",0.295081967213115,"ok","",611,550,61,32756558,191728181,"732519ee57ec29ddf71e527765e09256",0.0169999999998254
"pente_st","Knn",15,"accuracy",0.704918032786885,"ok","",611,550,61,32756558,191728181,"732519ee57ec29ddf71e527765e09256",0.0169999999998254
"pente_st","Knn",15,"RMSE",0.62725004818718,"ok","",611,550,61,32756558,191728181,"732519ee57ec29ddf71e527765e09256",0.0169999999998254
"pente_st","Knn",15,"MAE",0.327868852459016,"ok","",611,550,61,32756558,191728181,"732519ee57ec29ddf71e527765e09256",0.0169999999998254
"pente_st","ACP",15,"taux_erreur",0.344262295081967,"ok","",611,550,61,32756558,233931329,"732519ee57ec29ddf71e527765e09256",0.02800000000002
"pente_st","ACP",15,"accuracy",0.655737704918033,"ok","",611,550,61,32756558,233931329,"732519ee57ec29ddf71e527765e09256",0.02800000000002
"pente_st","ACP",15,"RMSE",0.665299143859116,"ok","",611,550,61,32756558,233931329,"732519ee57ec29ddf71e527765e09256",0.02800000000002
"pente_st","ACP",15,"MAE",0.377049180327869,"ok","",611,550,61,32756558,233931329,"732519ee57ec29ddf71e527765e09256",0.02800000000002
"pente_st","EM",15,"indisponible",NA,"non_applicable","non_applicable : EM gaussien pour cible quantitative seulement",611,550,61,32756558,166096779,"732519ee57ec29ddf71e527765e09256",0
"pente_st","AFDM",15,"taux_erreur",0.344262295081967,"ok","",611,550,61,32756558,105948434,"732519ee57ec29ddf71e527765e09256",0.043999999999869
"pente_st","AFDM",15,"accuracy",0.655737704918033,"ok","",611,550,61,32756558,105948434,"732519ee57ec29ddf71e527765e09256",0.043999999999869
"pente_st","AFDM",15,"RMSE",0.586738694038468,"ok","",611,550,61,32756558,105948434,"732519ee57ec29ddf71e527765e09256",0.043999999999869
"pente_st","AFDM",15,"MAE",0.344262295081967,"ok","",611,550,61,32756558,105948434,"732519ee57ec29ddf71e527765e09256",0.043999999999869
"pente_st","mice",15,"taux_erreur",0.311475409836066,"ok","",611,550,61,32756558,70688972,"732519ee57ec29ddf71e527765e09256",0.302000000000135
"pente_st","mice",15,"accuracy",0.688524590163934,"ok","",611,550,61,32756558,70688972,"732519ee57ec29ddf71e527765e09256",0.302000000000135
"pente_st","mice",15,"RMSE",0.558099820673744,"ok","",611,550,61,32756558,70688972,"732519ee57ec29ddf71e527765e09256",0.302000000000135
"pente_st","mice",15,"MAE",0.311475409836066,"ok","",611,550,61,32756558,70688972,"732519ee57ec29ddf71e527765e09256",0.302000000000135
"nb_vaisseaux","mean",15,"indisponible",NA,"non_applicable","non_applicable : moyenne pour cible quantitative seulement",309,279,30,42305726,167239808,"81eb34447442d00b9b8848fc01611646",0
"nb_vaisseaux","median",15,"taux_erreur",0.4,"ok","",309,279,30,42305726,82784501,"81eb34447442d00b9b8848fc01611646",0
"nb_vaisseaux","median",15,"accuracy",0.6,"ok","",309,279,30,42305726,82784501,"81eb34447442d00b9b8848fc01611646",0
"nb_vaisseaux","median",15,"RMSE",1.06458129484475,"ok","",309,279,30,42305726,82784501,"81eb34447442d00b9b8848fc01611646",0
"nb_vaisseaux","median",15,"MAE",0.6,"ok","",309,279,30,42305726,82784501,"81eb34447442d00b9b8848fc01611646",0
"nb_vaisseaux","mode",15,"taux_erreur",0.4,"ok","",309,279,30,42305726,102392641,"81eb34447442d00b9b8848fc01611646",0
"nb_vaisseaux","mode",15,"accuracy",0.6,"ok","",309,279,30,42305726,102392641,"81eb34447442d00b9b8848fc01611646",0
"nb_vaisseaux","mode",15,"RMSE",1.06458129484475,"ok","",309,279,30,42305726,102392641,"81eb34447442d00b9b8848fc01611646",0
"nb_vaisseaux","mode",15,"MAE",0.6,"ok","",309,279,30,42305726,102392641,"81eb34447442d00b9b8848fc01611646",0
"nb_vaisseaux","RandomForest",15,"taux_erreur",0.4,"ok","",309,279,30,42305726,79929692,"81eb34447442d00b9b8848fc01611646",0.0650000000000546
"nb_vaisseaux","RandomForest",15,"accuracy",0.6,"ok","",309,279,30,42305726,79929692,"81eb34447442d00b9b8848fc01611646",0.0650000000000546
"nb_vaisseaux","RandomForest",15,"RMSE",1.03279555898864,"ok","",309,279,30,42305726,79929692,"81eb34447442d00b9b8848fc01611646",0.0650000000000546
"nb_vaisseaux","RandomForest",15,"MAE",0.6,"ok","",309,279,30,42305726,79929692,"81eb34447442d00b9b8848fc01611646",0.0650000000000546
"nb_vaisseaux","Knn",15,"taux_erreur",0.466666666666667,"ok","",309,279,30,42305726,100354838,"81eb34447442d00b9b8848fc01611646",0.0119999999999436
"nb_vaisseaux","Knn",15,"accuracy",0.533333333333333,"ok","",309,279,30,42305726,100354838,"81eb34447442d00b9b8848fc01611646",0.0119999999999436
"nb_vaisseaux","Knn",15,"RMSE",0.875595035770913,"ok","",309,279,30,42305726,100354838,"81eb34447442d00b9b8848fc01611646",0.0119999999999436
"nb_vaisseaux","Knn",15,"MAE",0.566666666666667,"ok","",309,279,30,42305726,100354838,"81eb34447442d00b9b8848fc01611646",0.0119999999999436
"nb_vaisseaux","ACP",15,"taux_erreur",0.433333333333333,"ok","",309,279,30,42305726,164200714,"81eb34447442d00b9b8848fc01611646",0.0160000000000764
"nb_vaisseaux","ACP",15,"accuracy",0.566666666666667,"ok","",309,279,30,42305726,164200714,"81eb34447442d00b9b8848fc01611646",0.0160000000000764
"nb_vaisseaux","ACP",15,"RMSE",1,"ok","",309,279,30,42305726,164200714,"81eb34447442d00b9b8848fc01611646",0.0160000000000764
"nb_vaisseaux","ACP",15,"MAE",0.6,"ok","",309,279,30,42305726,164200714,"81eb34447442d00b9b8848fc01611646",0.0160000000000764
"nb_vaisseaux","EM",15,"indisponible",NA,"non_applicable","non_applicable : EM gaussien pour cible quantitative seulement",309,279,30,42305726,102352594,"81eb34447442d00b9b8848fc01611646",0
"nb_vaisseaux","AFDM",15,"taux_erreur",0.466666666666667,"ok","",309,279,30,42305726,206634680,"81eb34447442d00b9b8848fc01611646",0.0450000000000728
"nb_vaisseaux","AFDM",15,"accuracy",0.533333333333333,"ok","",309,279,30,42305726,206634680,"81eb34447442d00b9b8848fc01611646",0.0450000000000728
"nb_vaisseaux","AFDM",15,"RMSE",1.01653004546513,"ok","",309,279,30,42305726,206634680,"81eb34447442d00b9b8848fc01611646",0.0450000000000728
"nb_vaisseaux","AFDM",15,"MAE",0.633333333333333,"ok","",309,279,30,42305726,206634680,"81eb34447442d00b9b8848fc01611646",0.0450000000000728
"nb_vaisseaux","mice",15,"taux_erreur",0.4,"ok","",309,279,30,42305726,263296924,"81eb34447442d00b9b8848fc01611646",0.241999999999962
"nb_vaisseaux","mice",15,"accuracy",0.6,"ok","",309,279,30,42305726,263296924,"81eb34447442d00b9b8848fc01611646",0.241999999999962
"nb_vaisseaux","mice",15,"RMSE",1.11055541659718,"ok","",309,279,30,42305726,263296924,"81eb34447442d00b9b8848fc01611646",0.241999999999962
"nb_vaisseaux","mice",15,"MAE",0.633333333333333,"ok","",309,279,30,42305726,263296924,"81eb34447442d00b9b8848fc01611646",0.241999999999962
"test_thallium","mean",15,"indisponible",NA,"non_applicable","non_applicable : moyenne pour cible quantitative seulement",434,391,43,208370535,102884491,"8d14972d3b681c10cce60e4f3496ee82",0
"test_thallium","median",15,"indisponible",NA,"non_applicable","non_applicable : médiane sans sens pour cible nominale",434,391,43,208370535,4408496,"8d14972d3b681c10cce60e4f3496ee82",0.00100000000020373
"test_thallium","mode",15,"taux_erreur",0.581395348837209,"ok","",434,391,43,208370535,202680368,"8d14972d3b681c10cce60e4f3496ee82",0.000999999999976353
"test_thallium","mode",15,"accuracy",0.418604651162791,"ok","",434,391,43,208370535,202680368,"8d14972d3b681c10cce60e4f3496ee82",0.000999999999976353
"test_thallium","RandomForest",15,"taux_erreur",0.395348837209302,"ok","",434,391,43,208370535,205518179,"8d14972d3b681c10cce60e4f3496ee82",0.0869999999999891
"test_thallium","RandomForest",15,"accuracy",0.604651162790698,"ok","",434,391,43,208370535,205518179,"8d14972d3b681c10cce60e4f3496ee82",0.0869999999999891
"test_thallium","Knn",15,"taux_erreur",0.441860465116279,"ok","",434,391,43,208370535,84040700,"8d14972d3b681c10cce60e4f3496ee82",0.0170000000000528
"test_thallium","Knn",15,"accuracy",0.558139534883721,"ok","",434,391,43,208370535,84040700,"8d14972d3b681c10cce60e4f3496ee82",0.0170000000000528
"test_thallium","ACP",15,"taux_erreur",0.372093023255814,"ok","",434,391,43,208370535,223179534,"8d14972d3b681c10cce60e4f3496ee82",0.0190000000000055
"test_thallium","ACP",15,"accuracy",0.627906976744186,"ok","",434,391,43,208370535,223179534,"8d14972d3b681c10cce60e4f3496ee82",0.0190000000000055
"test_thallium","EM",15,"indisponible",NA,"non_applicable","non_applicable : EM gaussien pour cible quantitative seulement",434,391,43,208370535,227114952,"8d14972d3b681c10cce60e4f3496ee82",0
"test_thallium","AFDM",15,"taux_erreur",0.441860465116279,"ok","",434,391,43,208370535,189673137,"8d14972d3b681c10cce60e4f3496ee82",0.0319999999999254
"test_thallium","AFDM",15,"accuracy",0.558139534883721,"ok","",434,391,43,208370535,189673137,"8d14972d3b681c10cce60e4f3496ee82",0.0319999999999254
"test_thallium","mice",15,"taux_erreur",0.511627906976744,"ok","",434,391,43,208370535,2363176,"8d14972d3b681c10cce60e4f3496ee82",0.240000000000009
"test_thallium","mice",15,"accuracy",0.488372093023256,"ok","",434,391,43,208370535,2363176,"8d14972d3b681c10cce60e4f3496ee82",0.240000000000009
"pa_repos","mean",16,"RMSE",21.418140354393,"ok","",860,774,86,264169832,10209003,"ce68b2948a6e1cfdb301a39b22e4920b",0
"pa_repos","mean",16,"MAE",16.6036295895679,"ok","",860,774,86,264169832,10209003,"ce68b2948a6e1cfdb301a39b22e4920b",0
"pa_repos","median",16,"RMSE",21.6115279315203,"ok","",860,774,86,264169832,255085312,"ce68b2948a6e1cfdb301a39b22e4920b",0
"pa_repos","median",16,"MAE",16.2906976744186,"ok","",860,774,86,264169832,255085312,"ce68b2948a6e1cfdb301a39b22e4920b",0
"pa_repos","mode",16,"RMSE",25.0364850047955,"ok","",860,774,86,264169832,199317939,"ce68b2948a6e1cfdb301a39b22e4920b",0.000999999999976353
"pa_repos","mode",16,"MAE",18.3372093023256,"ok","",860,774,86,264169832,199317939,"ce68b2948a6e1cfdb301a39b22e4920b",0.000999999999976353
"pa_repos","RandomForest",16,"RMSE",20.7995739155635,"ok","",860,774,86,264169832,111430561,"ce68b2948a6e1cfdb301a39b22e4920b",0.139999999999873
"pa_repos","RandomForest",16,"MAE",15.8905752428817,"ok","",860,774,86,264169832,111430561,"ce68b2948a6e1cfdb301a39b22e4920b",0.139999999999873
"pa_repos","Knn",16,"RMSE",20.797517740972,"ok","",860,774,86,264169832,5274180,"ce68b2948a6e1cfdb301a39b22e4920b",0.0260000000000673
"pa_repos","Knn",16,"MAE",15.8790697674419,"ok","",860,774,86,264169832,5274180,"ce68b2948a6e1cfdb301a39b22e4920b",0.0260000000000673
"pa_repos","ACP",16,"RMSE",22.6116714632511,"ok","",860,774,86,264169832,227031079,"ce68b2948a6e1cfdb301a39b22e4920b",0.0199999999999818
"pa_repos","ACP",16,"MAE",16.5863766714066,"ok","",860,774,86,264169832,227031079,"ce68b2948a6e1cfdb301a39b22e4920b",0.0199999999999818
"pa_repos","EM",16,"RMSE",20.5877883066914,"ok","",860,774,86,264169832,202009452,"ce68b2948a6e1cfdb301a39b22e4920b",0.2650000000001
"pa_repos","EM",16,"MAE",15.5168309073887,"ok","",860,774,86,264169832,202009452,"ce68b2948a6e1cfdb301a39b22e4920b",0.2650000000001
"pa_repos","AFDM",16,"RMSE",20.9650617468188,"ok","",860,774,86,264169832,127039056,"ce68b2948a6e1cfdb301a39b22e4920b",0.0480000000000018
"pa_repos","AFDM",16,"MAE",15.9719898088689,"ok","",860,774,86,264169832,127039056,"ce68b2948a6e1cfdb301a39b22e4920b",0.0480000000000018
"pa_repos","mice",16,"RMSE",21.9380947212833,"ok","",860,774,86,264169832,188502519,"ce68b2948a6e1cfdb301a39b22e4920b",0.33400000000006
"pa_repos","mice",16,"MAE",16.9209302325581,"ok","",860,774,86,264169832,188502519,"ce68b2948a6e1cfdb301a39b22e4920b",0.33400000000006
"cholesterol","mean",16,"RMSE",63.7111786890866,"ok","",718,647,71,5802798,29593800,"fa342339a82d4dab908ca8a3a7e07bbc",0
"cholesterol","mean",16,"MAE",47.1323334131528,"ok","",718,647,71,5802798,29593800,"fa342339a82d4dab908ca8a3a7e07bbc",0
"cholesterol","median",16,"RMSE",63.699116671966,"ok","",718,647,71,5802798,18876804,"fa342339a82d4dab908ca8a3a7e07bbc",0.000999999999976353
"cholesterol","median",16,"MAE",46.5915492957746,"ok","",718,647,71,5802798,18876804,"fa342339a82d4dab908ca8a3a7e07bbc",0.000999999999976353
"cholesterol","mode",16,"RMSE",74.8670182559397,"ok","",718,647,71,5802798,241405991,"fa342339a82d4dab908ca8a3a7e07bbc",0.00100000000020373
"cholesterol","mode",16,"MAE",55.2112676056338,"ok","",718,647,71,5802798,241405991,"fa342339a82d4dab908ca8a3a7e07bbc",0.00100000000020373
"cholesterol","RandomForest",16,"RMSE",62.6226478885015,"ok","",718,647,71,5802798,211116665,"fa342339a82d4dab908ca8a3a7e07bbc",0.149999999999864
"cholesterol","RandomForest",16,"MAE",45.6576234535934,"ok","",718,647,71,5802798,211116665,"fa342339a82d4dab908ca8a3a7e07bbc",0.149999999999864
"cholesterol","Knn",16,"RMSE",65.905438019661,"ok","",718,647,71,5802798,20383014,"fa342339a82d4dab908ca8a3a7e07bbc",0.02800000000002
"cholesterol","Knn",16,"MAE",47.0253521126761,"ok","",718,647,71,5802798,20383014,"fa342339a82d4dab908ca8a3a7e07bbc",0.02800000000002
"cholesterol","ACP",16,"RMSE",60.7340262185658,"ok","",718,647,71,5802798,219258899,"fa342339a82d4dab908ca8a3a7e07bbc",0.0260000000000673
"cholesterol","ACP",16,"MAE",43.627676613658,"ok","",718,647,71,5802798,219258899,"fa342339a82d4dab908ca8a3a7e07bbc",0.0260000000000673
"cholesterol","EM",16,"RMSE",63.5483793555371,"ok","",718,647,71,5802798,208007885,"fa342339a82d4dab908ca8a3a7e07bbc",0.0860000000000127
"cholesterol","EM",16,"MAE",46.1549756175904,"ok","",718,647,71,5802798,208007885,"fa342339a82d4dab908ca8a3a7e07bbc",0.0860000000000127
"cholesterol","AFDM",16,"RMSE",63.426942198585,"ok","",718,647,71,5802798,193714241,"fa342339a82d4dab908ca8a3a7e07bbc",0.0450000000000728
"cholesterol","AFDM",16,"MAE",46.8248115737232,"ok","",718,647,71,5802798,193714241,"fa342339a82d4dab908ca8a3a7e07bbc",0.0450000000000728
"cholesterol","mice",16,"RMSE",69.9675296924767,"ok","Number of logged events: 5 | mice : événements d'ajustement, voir contrôle des prédicteurs",718,647,71,5802798,81743578,"fa342339a82d4dab908ca8a3a7e07bbc",0.06899999999996
"cholesterol","mice",16,"MAE",50.9887323943662,"ok","Number of logged events: 5 | mice : événements d'ajustement, voir contrôle des prédicteurs",718,647,71,5802798,81743578,"fa342339a82d4dab908ca8a3a7e07bbc",0.06899999999996
"glyc_jeun_elevee","mean",16,"indisponible",NA,"non_applicable","non_applicable : moyenne pour cible quantitative seulement",830,747,83,116421896,187798813,"428bcf1e7e8c0e04282f1ecaf203aa6c",0
"glyc_jeun_elevee","median",16,"indisponible",NA,"non_applicable","non_applicable : médiane sans sens pour cible nominale",830,747,83,116421896,118382275,"428bcf1e7e8c0e04282f1ecaf203aa6c",0
"glyc_jeun_elevee","mode",16,"taux_erreur",0.168674698795181,"ok","",830,747,83,116421896,204462754,"428bcf1e7e8c0e04282f1ecaf203aa6c",0.000999999999976353
"glyc_jeun_elevee","mode",16,"accuracy",0.831325301204819,"ok","",830,747,83,116421896,204462754,"428bcf1e7e8c0e04282f1ecaf203aa6c",0.000999999999976353
"glyc_jeun_elevee","RandomForest",16,"taux_erreur",0.144578313253012,"ok","",830,747,83,116421896,222883493,"428bcf1e7e8c0e04282f1ecaf203aa6c",0.0989999999999327
"glyc_jeun_elevee","RandomForest",16,"accuracy",0.855421686746988,"ok","",830,747,83,116421896,222883493,"428bcf1e7e8c0e04282f1ecaf203aa6c",0.0989999999999327
"glyc_jeun_elevee","Knn",16,"taux_erreur",0.168674698795181,"ok","",830,747,83,116421896,96665780,"428bcf1e7e8c0e04282f1ecaf203aa6c",0.0340000000001055
"glyc_jeun_elevee","Knn",16,"accuracy",0.831325301204819,"ok","",830,747,83,116421896,96665780,"428bcf1e7e8c0e04282f1ecaf203aa6c",0.0340000000001055
"glyc_jeun_elevee","ACP",16,"taux_erreur",0.168674698795181,"ok","",830,747,83,116421896,72254479,"428bcf1e7e8c0e04282f1ecaf203aa6c",0.0219999999999345
"glyc_jeun_elevee","ACP",16,"accuracy",0.831325301204819,"ok","",830,747,83,116421896,72254479,"428bcf1e7e8c0e04282f1ecaf203aa6c",0.0219999999999345
"glyc_jeun_elevee","EM",16,"indisponible",NA,"non_applicable","non_applicable : EM gaussien pour cible quantitative seulement",830,747,83,116421896,167123262,"428bcf1e7e8c0e04282f1ecaf203aa6c",0.000999999999976353
"glyc_jeun_elevee","AFDM",16,"taux_erreur",0.180722891566265,"ok","",830,747,83,116421896,264181293,"428bcf1e7e8c0e04282f1ecaf203aa6c",0.0480000000000018
"glyc_jeun_elevee","AFDM",16,"accuracy",0.819277108433735,"ok","",830,747,83,116421896,264181293,"428bcf1e7e8c0e04282f1ecaf203aa6c",0.0480000000000018
"glyc_jeun_elevee","mice",16,"taux_erreur",0.156626506024096,"ok","",830,747,83,116421896,263113615,"428bcf1e7e8c0e04282f1ecaf203aa6c",0.159000000000106
"glyc_jeun_elevee","mice",16,"accuracy",0.843373493975904,"ok","",830,747,83,116421896,263113615,"428bcf1e7e8c0e04282f1ecaf203aa6c",0.159000000000106
"ecg_repos","mean",16,"indisponible",NA,"non_applicable","non_applicable : moyenne pour cible quantitative seulement",918,827,91,22326407,117320176,"ca96b45edc53a92f9d8f5777f0d82037",0.000999999999976353
"ecg_repos","median",16,"indisponible",NA,"non_applicable","non_applicable : médiane sans sens pour cible nominale",918,827,91,22326407,47576778,"ca96b45edc53a92f9d8f5777f0d82037",0
"ecg_repos","mode",16,"taux_erreur",0.296703296703297,"ok","",918,827,91,22326407,169473783,"ca96b45edc53a92f9d8f5777f0d82037",0.000999999999976353
"ecg_repos","mode",16,"accuracy",0.703296703296703,"ok","",918,827,91,22326407,169473783,"ca96b45edc53a92f9d8f5777f0d82037",0.000999999999976353
"ecg_repos","RandomForest",16,"taux_erreur",0.307692307692308,"ok","",918,827,91,22326407,182596901,"ca96b45edc53a92f9d8f5777f0d82037",0.149000000000115
"ecg_repos","RandomForest",16,"accuracy",0.692307692307692,"ok","",918,827,91,22326407,182596901,"ca96b45edc53a92f9d8f5777f0d82037",0.149000000000115
"ecg_repos","Knn",16,"taux_erreur",0.318681318681319,"ok","",918,827,91,22326407,81762179,"ca96b45edc53a92f9d8f5777f0d82037",0.0480000000000018
"ecg_repos","Knn",16,"accuracy",0.681318681318681,"ok","",918,827,91,22326407,81762179,"ca96b45edc53a92f9d8f5777f0d82037",0.0480000000000018
"ecg_repos","ACP",16,"taux_erreur",0.340659340659341,"ok","",918,827,91,22326407,203496848,"ca96b45edc53a92f9d8f5777f0d82037",0.0520000000001346
"ecg_repos","ACP",16,"accuracy",0.659340659340659,"ok","",918,827,91,22326407,203496848,"ca96b45edc53a92f9d8f5777f0d82037",0.0520000000001346
"ecg_repos","EM",16,"indisponible",NA,"non_applicable","non_applicable : EM gaussien pour cible quantitative seulement",918,827,91,22326407,202535961,"ca96b45edc53a92f9d8f5777f0d82037",0.000999999999976353
"ecg_repos","AFDM",16,"taux_erreur",0.362637362637363,"ok","",918,827,91,22326407,240392102,"ca96b45edc53a92f9d8f5777f0d82037",0.0660000000000309
"ecg_repos","AFDM",16,"accuracy",0.637362637362637,"ok","",918,827,91,22326407,240392102,"ca96b45edc53a92f9d8f5777f0d82037",0.0660000000000309
"ecg_repos","mice",16,"taux_erreur",0.395604395604396,"ok","",918,827,91,22326407,164105021,"ca96b45edc53a92f9d8f5777f0d82037",0.344000000000051
"ecg_repos","mice",16,"accuracy",0.604395604395604,"ok","",918,827,91,22326407,164105021,"ca96b45edc53a92f9d8f5777f0d82037",0.344000000000051
"fc_max","mean",16,"RMSE",23.5719274285985,"ok","",865,779,86,111861187,181900715,"db1974310b8562f1490fcf93dd6df46a",0
"fc_max","mean",16,"MAE",19.5667223930501,"ok","",865,779,86,111861187,181900715,"db1974310b8562f1490fcf93dd6df46a",0
"fc_max","median",16,"RMSE",23.6871567594939,"ok","",865,779,86,111861187,228900836,"db1974310b8562f1490fcf93dd6df46a",0
"fc_max","median",16,"MAE",19.4302325581395,"ok","",865,779,86,111861187,228900836,"db1974310b8562f1490fcf93dd6df46a",0
"fc_max","mode",16,"RMSE",23.6871567594939,"ok","",865,779,86,111861187,158371825,"db1974310b8562f1490fcf93dd6df46a",0.000999999999976353
"fc_max","mode",16,"MAE",19.4302325581395,"ok","",865,779,86,111861187,158371825,"db1974310b8562f1490fcf93dd6df46a",0.000999999999976353
"fc_max","RandomForest",16,"RMSE",17.1962374986431,"ok","",865,779,86,111861187,10983147,"db1974310b8562f1490fcf93dd6df46a",0.144000000000005
"fc_max","RandomForest",16,"MAE",13.730615708465,"ok","",865,779,86,111861187,10983147,"db1974310b8562f1490fcf93dd6df46a",0.144000000000005
"fc_max","Knn",16,"RMSE",17.9888596016379,"ok","",865,779,86,111861187,203358525,"db1974310b8562f1490fcf93dd6df46a",0.0170000000000528
"fc_max","Knn",16,"MAE",14.3674418604651,"ok","",865,779,86,111861187,203358525,"db1974310b8562f1490fcf93dd6df46a",0.0170000000000528
"fc_max","ACP",16,"RMSE",43.7756418568539,"ok","",865,779,86,111861187,3707423,"db1974310b8562f1490fcf93dd6df46a",0.0139999999998963
"fc_max","ACP",16,"MAE",35.3486226188223,"ok","",865,779,86,111861187,3707423,"db1974310b8562f1490fcf93dd6df46a",0.0139999999998963
"fc_max","EM",16,"RMSE",22.1646865390001,"ok","",865,779,86,111861187,233211036,"db1974310b8562f1490fcf93dd6df46a",0.309999999999945
"fc_max","EM",16,"MAE",18.4755527781443,"ok","",865,779,86,111861187,233211036,"db1974310b8562f1490fcf93dd6df46a",0.309999999999945
"fc_max","AFDM",16,"RMSE",18.6767180741132,"ok","",865,779,86,111861187,157596738,"db1974310b8562f1490fcf93dd6df46a",0.0429999999998927
"fc_max","AFDM",16,"MAE",14.8977864454623,"ok","",865,779,86,111861187,157596738,"db1974310b8562f1490fcf93dd6df46a",0.0429999999998927
"fc_max","mice",16,"RMSE",19.6712043116269,"ok","",865,779,86,111861187,259967317,"db1974310b8562f1490fcf93dd6df46a",0.081000000000131
"fc_max","mice",16,"MAE",15.2697674418605,"ok","",865,779,86,111861187,259967317,"db1974310b8562f1490fcf93dd6df46a",0.081000000000131
"angine_effort","mean",16,"indisponible",NA,"non_applicable","non_applicable : moyenne pour cible quantitative seulement",865,779,86,128425772,257085600,"efb03edfa85788c1f5037ffe32ae6069",0
"angine_effort","median",16,"indisponible",NA,"non_applicable","non_applicable : médiane sans sens pour cible nominale",865,779,86,128425772,52354949,"efb03edfa85788c1f5037ffe32ae6069",0
"angine_effort","mode",16,"taux_erreur",0.372093023255814,"ok","",865,779,86,128425772,59750778,"efb03edfa85788c1f5037ffe32ae6069",0.000999999999976353
"angine_effort","mode",16,"accuracy",0.627906976744186,"ok","",865,779,86,128425772,59750778,"efb03edfa85788c1f5037ffe32ae6069",0.000999999999976353
"angine_effort","RandomForest",16,"taux_erreur",0.209302325581395,"ok","",865,779,86,128425772,159037056,"efb03edfa85788c1f5037ffe32ae6069",0.11200000000008
"angine_effort","RandomForest",16,"accuracy",0.790697674418605,"ok","",865,779,86,128425772,159037056,"efb03edfa85788c1f5037ffe32ae6069",0.11200000000008
"angine_effort","Knn",16,"taux_erreur",0.290697674418605,"ok","",865,779,86,128425772,210202579,"efb03edfa85788c1f5037ffe32ae6069",0.0350000000000819
"angine_effort","Knn",16,"accuracy",0.709302325581395,"ok","",865,779,86,128425772,210202579,"efb03edfa85788c1f5037ffe32ae6069",0.0350000000000819
"angine_effort","ACP",16,"taux_erreur",0.325581395348837,"ok","",865,779,86,128425772,132824931,"efb03edfa85788c1f5037ffe32ae6069",0.02800000000002
"angine_effort","ACP",16,"accuracy",0.674418604651163,"ok","",865,779,86,128425772,132824931,"efb03edfa85788c1f5037ffe32ae6069",0.02800000000002
"angine_effort","EM",16,"indisponible",NA,"non_applicable","non_applicable : EM gaussien pour cible quantitative seulement",865,779,86,128425772,185019213,"efb03edfa85788c1f5037ffe32ae6069",0.000999999999976353
"angine_effort","AFDM",16,"taux_erreur",0.337209302325581,"ok","",865,779,86,128425772,207107951,"efb03edfa85788c1f5037ffe32ae6069",0.0399999999999636
"angine_effort","AFDM",16,"accuracy",0.662790697674419,"ok","",865,779,86,128425772,207107951,"efb03edfa85788c1f5037ffe32ae6069",0.0399999999999636
"angine_effort","mice",16,"taux_erreur",0.197674418604651,"ok","",865,779,86,128425772,237664674,"efb03edfa85788c1f5037ffe32ae6069",0.176999999999907
"angine_effort","mice",16,"accuracy",0.802325581395349,"ok","",865,779,86,128425772,237664674,"efb03edfa85788c1f5037ffe32ae6069",0.176999999999907
"depress_st","mean",16,"RMSE",1.00975943271697,"ok","",858,773,85,247762409,160579793,"11855ef0de6af7ad0c39fc8811fe23f9",0
"depress_st","mean",16,"MAE",0.873817822083555,"ok","",858,773,85,247762409,160579793,"11855ef0de6af7ad0c39fc8811fe23f9",0
"depress_st","median",16,"RMSE",1.04346707155126,"ok","",858,773,85,247762409,123880783,"11855ef0de6af7ad0c39fc8811fe23f9",0
"depress_st","median",16,"MAE",0.796470588235294,"ok","",858,773,85,247762409,123880783,"11855ef0de6af7ad0c39fc8811fe23f9",0
"depress_st","mode",16,"RMSE",1.27371619333997,"ok","",858,773,85,247762409,128999557,"11855ef0de6af7ad0c39fc8811fe23f9",0.000999999999976353
"depress_st","mode",16,"MAE",0.807058823529412,"ok","",858,773,85,247762409,128999557,"11855ef0de6af7ad0c39fc8811fe23f9",0.000999999999976353
"depress_st","RandomForest",16,"RMSE",0.784267478168015,"ok","",858,773,85,247762409,137077741,"11855ef0de6af7ad0c39fc8811fe23f9",0.123000000000047
"depress_st","RandomForest",16,"MAE",0.619759418335136,"ok","",858,773,85,247762409,137077741,"11855ef0de6af7ad0c39fc8811fe23f9",0.123000000000047
"depress_st","Knn",16,"RMSE",0.852608454374333,"ok","",858,773,85,247762409,134356513,"11855ef0de6af7ad0c39fc8811fe23f9",0.0360000000000582
"depress_st","Knn",16,"MAE",0.679294117647059,"ok","",858,773,85,247762409,134356513,"11855ef0de6af7ad0c39fc8811fe23f9",0.0360000000000582
"depress_st","ACP",16,"RMSE",1.49422635887114,"ok","",858,773,85,247762409,130563309,"11855ef0de6af7ad0c39fc8811fe23f9",0.0319999999999254
"depress_st","ACP",16,"MAE",1.25329937718529,"ok","",858,773,85,247762409,130563309,"11855ef0de6af7ad0c39fc8811fe23f9",0.0319999999999254
"depress_st","EM",16,"RMSE",0.941955725615742,"ok","",858,773,85,247762409,16108683,"11855ef0de6af7ad0c39fc8811fe23f9",0.294000000000096
"depress_st","EM",16,"MAE",0.790625458768548,"ok","",858,773,85,247762409,16108683,"11855ef0de6af7ad0c39fc8811fe23f9",0.294000000000096
"depress_st","AFDM",16,"RMSE",0.872090329219082,"ok","",858,773,85,247762409,171220028,"11855ef0de6af7ad0c39fc8811fe23f9",0.0389999999999873
"depress_st","AFDM",16,"MAE",0.713214091700722,"ok","",858,773,85,247762409,171220028,"11855ef0de6af7ad0c39fc8811fe23f9",0.0389999999999873
"depress_st","mice",16,"RMSE",1.04751582888504,"ok","",858,773,85,247762409,202106829,"11855ef0de6af7ad0c39fc8811fe23f9",0.0750000000000455
"depress_st","mice",16,"MAE",0.784470588235294,"ok","",858,773,85,247762409,202106829,"11855ef0de6af7ad0c39fc8811fe23f9",0.0750000000000455
"pente_st","mean",16,"indisponible",NA,"non_applicable","non_applicable : moyenne pour cible quantitative seulement",611,550,61,94789886,166781685,"7e2fa83f693808f4941b24167ef1483b",0
"pente_st","median",16,"taux_erreur",0.475409836065574,"ok","",611,550,61,94789886,178282041,"7e2fa83f693808f4941b24167ef1483b",0.00100000000020373
"pente_st","median",16,"accuracy",0.524590163934426,"ok","",611,550,61,94789886,178282041,"7e2fa83f693808f4941b24167ef1483b",0.00100000000020373
"pente_st","median",16,"RMSE",0.689499699829937,"ok","",611,550,61,94789886,178282041,"7e2fa83f693808f4941b24167ef1483b",0.00100000000020373
"pente_st","median",16,"MAE",0.475409836065574,"ok","",611,550,61,94789886,178282041,"7e2fa83f693808f4941b24167ef1483b",0.00100000000020373
"pente_st","mode",16,"taux_erreur",0.475409836065574,"ok","",611,550,61,94789886,74195910,"7e2fa83f693808f4941b24167ef1483b",0.00199999999995271
"pente_st","mode",16,"accuracy",0.524590163934426,"ok","",611,550,61,94789886,74195910,"7e2fa83f693808f4941b24167ef1483b",0.00199999999995271
"pente_st","mode",16,"RMSE",0.689499699829937,"ok","",611,550,61,94789886,74195910,"7e2fa83f693808f4941b24167ef1483b",0.00199999999995271
"pente_st","mode",16,"MAE",0.475409836065574,"ok","",611,550,61,94789886,74195910,"7e2fa83f693808f4941b24167ef1483b",0.00199999999995271
"pente_st","RandomForest",16,"taux_erreur",0.278688524590164,"ok","",611,550,61,94789886,70072751,"7e2fa83f693808f4941b24167ef1483b",0.113000000000056
"pente_st","RandomForest",16,"accuracy",0.721311475409836,"ok","",611,550,61,94789886,70072751,"7e2fa83f693808f4941b24167ef1483b",0.113000000000056
"pente_st","RandomForest",16,"RMSE",0.527909579937856,"ok","",611,550,61,94789886,70072751,"7e2fa83f693808f4941b24167ef1483b",0.113000000000056
"pente_st","RandomForest",16,"MAE",0.278688524590164,"ok","",611,550,61,94789886,70072751,"7e2fa83f693808f4941b24167ef1483b",0.113000000000056
"pente_st","Knn",16,"taux_erreur",0.39344262295082,"ok","",611,550,61,94789886,107005353,"7e2fa83f693808f4941b24167ef1483b",0.0199999999999818
"pente_st","Knn",16,"accuracy",0.60655737704918,"ok","",611,550,61,94789886,107005353,"7e2fa83f693808f4941b24167ef1483b",0.0199999999999818
"pente_st","Knn",16,"RMSE",0.799590058902111,"ok","",611,550,61,94789886,107005353,"7e2fa83f693808f4941b24167ef1483b",0.0199999999999818
"pente_st","Knn",16,"MAE",0.475409836065574,"ok","",611,550,61,94789886,107005353,"7e2fa83f693808f4941b24167ef1483b",0.0199999999999818
"pente_st","ACP",16,"taux_erreur",0.475409836065574,"ok","",611,550,61,94789886,23123037,"7e2fa83f693808f4941b24167ef1483b",0.0180000000000291
"pente_st","ACP",16,"accuracy",0.524590163934426,"ok","",611,550,61,94789886,23123037,"7e2fa83f693808f4941b24167ef1483b",0.0180000000000291
"pente_st","ACP",16,"RMSE",0.819836049183606,"ok","",611,550,61,94789886,23123037,"7e2fa83f693808f4941b24167ef1483b",0.0180000000000291
"pente_st","ACP",16,"MAE",0.540983606557377,"ok","",611,550,61,94789886,23123037,"7e2fa83f693808f4941b24167ef1483b",0.0180000000000291
"pente_st","EM",16,"indisponible",NA,"non_applicable","non_applicable : EM gaussien pour cible quantitative seulement",611,550,61,94789886,78982109,"7e2fa83f693808f4941b24167ef1483b",0
"pente_st","AFDM",16,"taux_erreur",0.409836065573771,"ok","",611,550,61,94789886,215794809,"7e2fa83f693808f4941b24167ef1483b",0.0360000000000582
"pente_st","AFDM",16,"accuracy",0.590163934426229,"ok","",611,550,61,94789886,215794809,"7e2fa83f693808f4941b24167ef1483b",0.0360000000000582
"pente_st","AFDM",16,"RMSE",0.7465768876548,"ok","",611,550,61,94789886,215794809,"7e2fa83f693808f4941b24167ef1483b",0.0360000000000582
"pente_st","AFDM",16,"MAE",0.459016393442623,"ok","",611,550,61,94789886,215794809,"7e2fa83f693808f4941b24167ef1483b",0.0360000000000582
"pente_st","mice",16,"taux_erreur",0.459016393442623,"ok","",611,550,61,94789886,162650404,"7e2fa83f693808f4941b24167ef1483b",0.320999999999913
"pente_st","mice",16,"accuracy",0.540983606557377,"ok","",611,550,61,94789886,162650404,"7e2fa83f693808f4941b24167ef1483b",0.320999999999913
"pente_st","mice",16,"RMSE",0.7465768876548,"ok","",611,550,61,94789886,162650404,"7e2fa83f693808f4941b24167ef1483b",0.320999999999913
"pente_st","mice",16,"MAE",0.491803278688525,"ok","",611,550,61,94789886,162650404,"7e2fa83f693808f4941b24167ef1483b",0.320999999999913
"nb_vaisseaux","mean",16,"indisponible",NA,"non_applicable","non_applicable : moyenne pour cible quantitative seulement",309,279,30,143408813,132288712,"2af625d0a2e5d0d2efb23b27bf76b5b4",0
"nb_vaisseaux","median",16,"taux_erreur",0.433333333333333,"ok","",309,279,30,143408813,71389290,"2af625d0a2e5d0d2efb23b27bf76b5b4",0
"nb_vaisseaux","median",16,"accuracy",0.566666666666667,"ok","",309,279,30,143408813,71389290,"2af625d0a2e5d0d2efb23b27bf76b5b4",0
"nb_vaisseaux","median",16,"RMSE",1.211060141639,"ok","",309,279,30,143408813,71389290,"2af625d0a2e5d0d2efb23b27bf76b5b4",0
"nb_vaisseaux","median",16,"MAE",0.733333333333333,"ok","",309,279,30,143408813,71389290,"2af625d0a2e5d0d2efb23b27bf76b5b4",0
"nb_vaisseaux","mode",16,"taux_erreur",0.433333333333333,"ok","",309,279,30,143408813,100926169,"2af625d0a2e5d0d2efb23b27bf76b5b4",0.00100000000020373
"nb_vaisseaux","mode",16,"accuracy",0.566666666666667,"ok","",309,279,30,143408813,100926169,"2af625d0a2e5d0d2efb23b27bf76b5b4",0.00100000000020373
"nb_vaisseaux","mode",16,"RMSE",1.211060141639,"ok","",309,279,30,143408813,100926169,"2af625d0a2e5d0d2efb23b27bf76b5b4",0.00100000000020373
"nb_vaisseaux","mode",16,"MAE",0.733333333333333,"ok","",309,279,30,143408813,100926169,"2af625d0a2e5d0d2efb23b27bf76b5b4",0.00100000000020373
"nb_vaisseaux","RandomForest",16,"taux_erreur",0.366666666666667,"ok","",309,279,30,143408813,196686949,"2af625d0a2e5d0d2efb23b27bf76b5b4",0.0559999999998126
"nb_vaisseaux","RandomForest",16,"accuracy",0.633333333333333,"ok","",309,279,30,143408813,196686949,"2af625d0a2e5d0d2efb23b27bf76b5b4",0.0559999999998126
"nb_vaisseaux","RandomForest",16,"RMSE",1.01653004546513,"ok","",309,279,30,143408813,196686949,"2af625d0a2e5d0d2efb23b27bf76b5b4",0.0559999999998126
"nb_vaisseaux","RandomForest",16,"MAE",0.566666666666667,"ok","",309,279,30,143408813,196686949,"2af625d0a2e5d0d2efb23b27bf76b5b4",0.0559999999998126
"nb_vaisseaux","Knn",16,"taux_erreur",0.466666666666667,"ok","",309,279,30,143408813,260152544,"2af625d0a2e5d0d2efb23b27bf76b5b4",0.0160000000000764
"nb_vaisseaux","Knn",16,"accuracy",0.533333333333333,"ok","",309,279,30,143408813,260152544,"2af625d0a2e5d0d2efb23b27bf76b5b4",0.0160000000000764
"nb_vaisseaux","Knn",16,"RMSE",1.18321595661992,"ok","",309,279,30,143408813,260152544,"2af625d0a2e5d0d2efb23b27bf76b5b4",0.0160000000000764
"nb_vaisseaux","Knn",16,"MAE",0.733333333333333,"ok","",309,279,30,143408813,260152544,"2af625d0a2e5d0d2efb23b27bf76b5b4",0.0160000000000764
"nb_vaisseaux","ACP",16,"taux_erreur",0.433333333333333,"ok","",309,279,30,143408813,57256062,"2af625d0a2e5d0d2efb23b27bf76b5b4",0.0190000000000055
"nb_vaisseaux","ACP",16,"accuracy",0.566666666666667,"ok","",309,279,30,143408813,57256062,"2af625d0a2e5d0d2efb23b27bf76b5b4",0.0190000000000055
"nb_vaisseaux","ACP",16,"RMSE",1.211060141639,"ok","",309,279,30,143408813,57256062,"2af625d0a2e5d0d2efb23b27bf76b5b4",0.0190000000000055
"nb_vaisseaux","ACP",16,"MAE",0.733333333333333,"ok","",309,279,30,143408813,57256062,"2af625d0a2e5d0d2efb23b27bf76b5b4",0.0190000000000055
"nb_vaisseaux","EM",16,"indisponible",NA,"non_applicable","non_applicable : EM gaussien pour cible quantitative seulement",309,279,30,143408813,218341766,"2af625d0a2e5d0d2efb23b27bf76b5b4",0.000999999999976353
"nb_vaisseaux","AFDM",16,"taux_erreur",0.433333333333333,"ok","",309,279,30,143408813,2022363,"2af625d0a2e5d0d2efb23b27bf76b5b4",0.02800000000002
"nb_vaisseaux","AFDM",16,"accuracy",0.566666666666667,"ok","",309,279,30,143408813,2022363,"2af625d0a2e5d0d2efb23b27bf76b5b4",0.02800000000002
"nb_vaisseaux","AFDM",16,"RMSE",1.16904519445001,"ok","",309,279,30,143408813,2022363,"2af625d0a2e5d0d2efb23b27bf76b5b4",0.02800000000002
"nb_vaisseaux","AFDM",16,"MAE",0.7,"ok","",309,279,30,143408813,2022363,"2af625d0a2e5d0d2efb23b27bf76b5b4",0.02800000000002
"nb_vaisseaux","mice",16,"taux_erreur",0.366666666666667,"ok","",309,279,30,143408813,81078306,"2af625d0a2e5d0d2efb23b27bf76b5b4",0.247000000000071
"nb_vaisseaux","mice",16,"accuracy",0.633333333333333,"ok","",309,279,30,143408813,81078306,"2af625d0a2e5d0d2efb23b27bf76b5b4",0.247000000000071
"nb_vaisseaux","mice",16,"RMSE",0.875595035770913,"ok","",309,279,30,143408813,81078306,"2af625d0a2e5d0d2efb23b27bf76b5b4",0.247000000000071
"nb_vaisseaux","mice",16,"MAE",0.5,"ok","",309,279,30,143408813,81078306,"2af625d0a2e5d0d2efb23b27bf76b5b4",0.247000000000071
"test_thallium","mean",16,"indisponible",NA,"non_applicable","non_applicable : moyenne pour cible quantitative seulement",434,391,43,268404231,206354629,"2456717b155753eed81bebea14025850",0
"test_thallium","median",16,"indisponible",NA,"non_applicable","non_applicable : médiane sans sens pour cible nominale",434,391,43,268404231,18717544,"2456717b155753eed81bebea14025850",0
"test_thallium","mode",16,"taux_erreur",0.651162790697674,"ok","",434,391,43,268404231,264631597,"2456717b155753eed81bebea14025850",0.000999999999976353
"test_thallium","mode",16,"accuracy",0.348837209302326,"ok","",434,391,43,268404231,264631597,"2456717b155753eed81bebea14025850",0.000999999999976353
"test_thallium","RandomForest",16,"taux_erreur",0.395348837209302,"ok","",434,391,43,268404231,20382464,"2456717b155753eed81bebea14025850",0.0850000000000364
"test_thallium","RandomForest",16,"accuracy",0.604651162790698,"ok","",434,391,43,268404231,20382464,"2456717b155753eed81bebea14025850",0.0850000000000364
"test_thallium","Knn",16,"taux_erreur",0.441860465116279,"ok","",434,391,43,268404231,81810495,"2456717b155753eed81bebea14025850",0.0199999999999818
"test_thallium","Knn",16,"accuracy",0.558139534883721,"ok","",434,391,43,268404231,81810495,"2456717b155753eed81bebea14025850",0.0199999999999818
"test_thallium","ACP",16,"taux_erreur",0.488372093023256,"ok","",434,391,43,268404231,171673746,"2456717b155753eed81bebea14025850",0.0219999999999345
"test_thallium","ACP",16,"accuracy",0.511627906976744,"ok","",434,391,43,268404231,171673746,"2456717b155753eed81bebea14025850",0.0219999999999345
"test_thallium","EM",16,"indisponible",NA,"non_applicable","non_applicable : EM gaussien pour cible quantitative seulement",434,391,43,268404231,143219545,"2456717b155753eed81bebea14025850",0
"test_thallium","AFDM",16,"taux_erreur",0.488372093023256,"ok","",434,391,43,268404231,181287353,"2456717b155753eed81bebea14025850",0.0350000000000819
"test_thallium","AFDM",16,"accuracy",0.511627906976744,"ok","",434,391,43,268404231,181287353,"2456717b155753eed81bebea14025850",0.0350000000000819
"test_thallium","mice",16,"taux_erreur",0.627906976744186,"ok","",434,391,43,268404231,28137041,"2456717b155753eed81bebea14025850",0.231999999999971
"test_thallium","mice",16,"accuracy",0.372093023255814,"ok","",434,391,43,268404231,28137041,"2456717b155753eed81bebea14025850",0.231999999999971
"pa_repos","mean",17,"RMSE",17.672297319322,"ok","",860,774,86,129034036,101195443,"5e2e2d64a7a084aa11dac3a43be1a867",0.000999999999976353
"pa_repos","mean",17,"MAE",13.7925905895078,"ok","",860,774,86,129034036,101195443,"5e2e2d64a7a084aa11dac3a43be1a867",0.000999999999976353
"pa_repos","median",17,"RMSE",18.0177561001286,"ok","",860,774,86,129034036,264635239,"5e2e2d64a7a084aa11dac3a43be1a867",0.000999999999976353
"pa_repos","median",17,"MAE",13.5,"ok","",860,774,86,129034036,264635239,"5e2e2d64a7a084aa11dac3a43be1a867",0.000999999999976353
"pa_repos","mode",17,"RMSE",22.4590065840897,"ok","",860,774,86,129034036,64954893,"5e2e2d64a7a084aa11dac3a43be1a867",0.000999999999976353
"pa_repos","mode",17,"MAE",16.7558139534884,"ok","",860,774,86,129034036,64954893,"5e2e2d64a7a084aa11dac3a43be1a867",0.000999999999976353
"pa_repos","RandomForest",17,"RMSE",18.0998020753206,"ok","",860,774,86,129034036,26996741,"5e2e2d64a7a084aa11dac3a43be1a867",0.12700000000018
"pa_repos","RandomForest",17,"MAE",13.6391007403946,"ok","",860,774,86,129034036,26996741,"5e2e2d64a7a084aa11dac3a43be1a867",0.12700000000018
"pa_repos","Knn",17,"RMSE",20.0165629091928,"ok","",860,774,86,129034036,66417406,"5e2e2d64a7a084aa11dac3a43be1a867",0.0169999999998254
"pa_repos","Knn",17,"MAE",15.3790697674419,"ok","",860,774,86,129034036,66417406,"5e2e2d64a7a084aa11dac3a43be1a867",0.0169999999998254
"pa_repos","ACP",17,"RMSE",23.9535068279027,"ok","",860,774,86,129034036,24268476,"5e2e2d64a7a084aa11dac3a43be1a867",0.0219999999999345
"pa_repos","ACP",17,"MAE",18.3445860617194,"ok","",860,774,86,129034036,24268476,"5e2e2d64a7a084aa11dac3a43be1a867",0.0219999999999345
"pa_repos","EM",17,"RMSE",17.5057215638542,"ok","",860,774,86,129034036,32428576,"5e2e2d64a7a084aa11dac3a43be1a867",0.260999999999967
"pa_repos","EM",17,"MAE",13.1335739313549,"ok","",860,774,86,129034036,32428576,"5e2e2d64a7a084aa11dac3a43be1a867",0.260999999999967
"pa_repos","AFDM",17,"RMSE",18.4218364913225,"ok","",860,774,86,129034036,90314737,"5e2e2d64a7a084aa11dac3a43be1a867",0.0370000000000346
"pa_repos","AFDM",17,"MAE",13.8675550328349,"ok","",860,774,86,129034036,90314737,"5e2e2d64a7a084aa11dac3a43be1a867",0.0370000000000346
"pa_repos","mice",17,"RMSE",18.4363896985359,"ok","",860,774,86,129034036,12051840,"5e2e2d64a7a084aa11dac3a43be1a867",0.0750000000000455
"pa_repos","mice",17,"MAE",13.7023255813953,"ok","",860,774,86,129034036,12051840,"5e2e2d64a7a084aa11dac3a43be1a867",0.0750000000000455
"cholesterol","mean",17,"RMSE",50.6972156286693,"ok","",718,647,71,102223974,201922167,"e2e8b6b13d8f9ee87faadb8dd62e0e0b",0.000999999999976353
"cholesterol","mean",17,"MAE",39.6844809195202,"ok","",718,647,71,102223974,201922167,"e2e8b6b13d8f9ee87faadb8dd62e0e0b",0.000999999999976353
"cholesterol","median",17,"RMSE",49.616274022616,"ok","",718,647,71,102223974,263459276,"e2e8b6b13d8f9ee87faadb8dd62e0e0b",0.000999999999976353
"cholesterol","median",17,"MAE",37.3521126760563,"ok","",718,647,71,102223974,263459276,"e2e8b6b13d8f9ee87faadb8dd62e0e0b",0.000999999999976353
"cholesterol","mode",17,"RMSE",52.5240387621451,"ok","",718,647,71,102223974,43675474,"e2e8b6b13d8f9ee87faadb8dd62e0e0b",0.000999999999976353
"cholesterol","mode",17,"MAE",42.5774647887324,"ok","",718,647,71,102223974,43675474,"e2e8b6b13d8f9ee87faadb8dd62e0e0b",0.000999999999976353
"cholesterol","RandomForest",17,"RMSE",47.144051928292,"ok","",718,647,71,102223974,143119200,"e2e8b6b13d8f9ee87faadb8dd62e0e0b",0.130000000000109
"cholesterol","RandomForest",17,"MAE",36.4562862586602,"ok","",718,647,71,102223974,143119200,"e2e8b6b13d8f9ee87faadb8dd62e0e0b",0.130000000000109
"cholesterol","Knn",17,"RMSE",51.0265768918098,"ok","",718,647,71,102223974,157754958,"e2e8b6b13d8f9ee87faadb8dd62e0e0b",0.0149999999998727
"cholesterol","Knn",17,"MAE",39.5718309859155,"ok","",718,647,71,102223974,157754958,"e2e8b6b13d8f9ee87faadb8dd62e0e0b",0.0149999999998727
"cholesterol","ACP",17,"RMSE",48.3724756746831,"ok","",718,647,71,102223974,261821675,"e2e8b6b13d8f9ee87faadb8dd62e0e0b",0.0199999999999818
"cholesterol","ACP",17,"MAE",38.3586836119091,"ok","",718,647,71,102223974,261821675,"e2e8b6b13d8f9ee87faadb8dd62e0e0b",0.0199999999999818
"cholesterol","EM",17,"RMSE",50.3001424604374,"ok","",718,647,71,102223974,55910595,"e2e8b6b13d8f9ee87faadb8dd62e0e0b",0.0809999999999036
"cholesterol","EM",17,"MAE",38.6280565688154,"ok","",718,647,71,102223974,55910595,"e2e8b6b13d8f9ee87faadb8dd62e0e0b",0.0809999999999036
"cholesterol","AFDM",17,"RMSE",49.4909813556015,"ok","",718,647,71,102223974,240145777,"e2e8b6b13d8f9ee87faadb8dd62e0e0b",0.0350000000000819
"cholesterol","AFDM",17,"MAE",38.6922418296327,"ok","",718,647,71,102223974,240145777,"e2e8b6b13d8f9ee87faadb8dd62e0e0b",0.0350000000000819
"cholesterol","mice",17,"RMSE",55.1780523830692,"ok","",718,647,71,102223974,142438049,"e2e8b6b13d8f9ee87faadb8dd62e0e0b",0.0709999999999127
"cholesterol","mice",17,"MAE",44.9070422535211,"ok","",718,647,71,102223974,142438049,"e2e8b6b13d8f9ee87faadb8dd62e0e0b",0.0709999999999127
"glyc_jeun_elevee","mean",17,"indisponible",NA,"non_applicable","non_applicable : moyenne pour cible quantitative seulement",830,747,83,114311339,251752376,"0ab2376da0c7563d7c3485565eed27f9",0
"glyc_jeun_elevee","median",17,"indisponible",NA,"non_applicable","non_applicable : médiane sans sens pour cible nominale",830,747,83,114311339,87760226,"0ab2376da0c7563d7c3485565eed27f9",0
"glyc_jeun_elevee","mode",17,"taux_erreur",0.204819277108434,"ok","",830,747,83,114311339,12139423,"0ab2376da0c7563d7c3485565eed27f9",0
"glyc_jeun_elevee","mode",17,"accuracy",0.795180722891566,"ok","",830,747,83,114311339,12139423,"0ab2376da0c7563d7c3485565eed27f9",0
"glyc_jeun_elevee","RandomForest",17,"taux_erreur",0.192771084337349,"ok","",830,747,83,114311339,264630291,"0ab2376da0c7563d7c3485565eed27f9",0.104000000000042
"glyc_jeun_elevee","RandomForest",17,"accuracy",0.807228915662651,"ok","",830,747,83,114311339,264630291,"0ab2376da0c7563d7c3485565eed27f9",0.104000000000042
"glyc_jeun_elevee","Knn",17,"taux_erreur",0.240963855421687,"ok","",830,747,83,114311339,185731177,"0ab2376da0c7563d7c3485565eed27f9",0.0319999999999254
"glyc_jeun_elevee","Knn",17,"accuracy",0.759036144578313,"ok","",830,747,83,114311339,185731177,"0ab2376da0c7563d7c3485565eed27f9",0.0319999999999254
"glyc_jeun_elevee","ACP",17,"taux_erreur",0.228915662650602,"ok","",830,747,83,114311339,798123,"0ab2376da0c7563d7c3485565eed27f9",0.0199999999999818
"glyc_jeun_elevee","ACP",17,"accuracy",0.771084337349398,"ok","",830,747,83,114311339,798123,"0ab2376da0c7563d7c3485565eed27f9",0.0199999999999818
"glyc_jeun_elevee","EM",17,"indisponible",NA,"non_applicable","non_applicable : EM gaussien pour cible quantitative seulement",830,747,83,114311339,109981543,"0ab2376da0c7563d7c3485565eed27f9",0.000999999999976353
"glyc_jeun_elevee","AFDM",17,"taux_erreur",0.204819277108434,"ok","",830,747,83,114311339,95880866,"0ab2376da0c7563d7c3485565eed27f9",0.0510000000001583
"glyc_jeun_elevee","AFDM",17,"accuracy",0.795180722891566,"ok","",830,747,83,114311339,95880866,"0ab2376da0c7563d7c3485565eed27f9",0.0510000000001583
"glyc_jeun_elevee","mice",17,"taux_erreur",0.204819277108434,"ok","",830,747,83,114311339,246956477,"0ab2376da0c7563d7c3485565eed27f9",0.296000000000049
"glyc_jeun_elevee","mice",17,"accuracy",0.795180722891566,"ok","",830,747,83,114311339,246956477,"0ab2376da0c7563d7c3485565eed27f9",0.296000000000049
"ecg_repos","mean",17,"indisponible",NA,"non_applicable","non_applicable : moyenne pour cible quantitative seulement",918,827,91,236678070,240861474,"1a63ed0eafd6575d0173818e0595a804",0
"ecg_repos","median",17,"indisponible",NA,"non_applicable","non_applicable : médiane sans sens pour cible nominale",918,827,91,236678070,188639722,"1a63ed0eafd6575d0173818e0595a804",0.00199999999995271
"ecg_repos","mode",17,"taux_erreur",0.384615384615385,"ok","",918,827,91,236678070,160237618,"1a63ed0eafd6575d0173818e0595a804",0.000999999999976353
"ecg_repos","mode",17,"accuracy",0.615384615384615,"ok","",918,827,91,236678070,160237618,"1a63ed0eafd6575d0173818e0595a804",0.000999999999976353
"ecg_repos","RandomForest",17,"taux_erreur",0.340659340659341,"ok","",918,827,91,236678070,35355871,"1a63ed0eafd6575d0173818e0595a804",0.126999999999953
"ecg_repos","RandomForest",17,"accuracy",0.659340659340659,"ok","",918,827,91,236678070,35355871,"1a63ed0eafd6575d0173818e0595a804",0.126999999999953
"ecg_repos","Knn",17,"taux_erreur",0.428571428571429,"ok","",918,827,91,236678070,134050210,"1a63ed0eafd6575d0173818e0595a804",0.0239999999998872
"ecg_repos","Knn",17,"accuracy",0.571428571428571,"ok","",918,827,91,236678070,134050210,"1a63ed0eafd6575d0173818e0595a804",0.0239999999998872
"ecg_repos","ACP",17,"taux_erreur",0.384615384615385,"ok","",918,827,91,236678070,38430669,"1a63ed0eafd6575d0173818e0595a804",0.0240000000001146
"ecg_repos","ACP",17,"accuracy",0.615384615384615,"ok","",918,827,91,236678070,38430669,"1a63ed0eafd6575d0173818e0595a804",0.0240000000001146
"ecg_repos","EM",17,"indisponible",NA,"non_applicable","non_applicable : EM gaussien pour cible quantitative seulement",918,827,91,236678070,218674473,"1a63ed0eafd6575d0173818e0595a804",0
"ecg_repos","AFDM",17,"taux_erreur",0.362637362637363,"ok","",918,827,91,236678070,101808716,"1a63ed0eafd6575d0173818e0595a804",0.0570000000000164
"ecg_repos","AFDM",17,"accuracy",0.637362637362637,"ok","",918,827,91,236678070,101808716,"1a63ed0eafd6575d0173818e0595a804",0.0570000000000164
"ecg_repos","mice",17,"taux_erreur",0.373626373626374,"ok","",918,827,91,236678070,31964112,"1a63ed0eafd6575d0173818e0595a804",0.363000000000056
"ecg_repos","mice",17,"accuracy",0.626373626373626,"ok","",918,827,91,236678070,31964112,"1a63ed0eafd6575d0173818e0595a804",0.363000000000056
"fc_max","mean",17,"RMSE",27.1529151120352,"ok","",865,779,86,183489553,57278895,"cd05107daa2ee93b37a3b0089a059829",0.000999999999976353
"fc_max","mean",17,"MAE",22.9795802609189,"ok","",865,779,86,183489553,57278895,"cd05107daa2ee93b37a3b0089a059829",0.000999999999976353
"fc_max","median",17,"RMSE",27.5718933395148,"ok","",865,779,86,183489553,18824228,"cd05107daa2ee93b37a3b0089a059829",0
"fc_max","median",17,"MAE",23.2093023255814,"ok","",865,779,86,183489553,18824228,"cd05107daa2ee93b37a3b0089a059829",0
"fc_max","mode",17,"RMSE",27.5718933395148,"ok","",865,779,86,183489553,11084825,"cd05107daa2ee93b37a3b0089a059829",0.000999999999976353
"fc_max","mode",17,"MAE",23.2093023255814,"ok","",865,779,86,183489553,11084825,"cd05107daa2ee93b37a3b0089a059829",0.000999999999976353
"fc_max","RandomForest",17,"RMSE",20.6409133465841,"ok","",865,779,86,183489553,47054629,"cd05107daa2ee93b37a3b0089a059829",0.136000000000195
"fc_max","RandomForest",17,"MAE",16.5266240063421,"ok","",865,779,86,183489553,47054629,"cd05107daa2ee93b37a3b0089a059829",0.136000000000195
"fc_max","Knn",17,"RMSE",24.2853578242356,"ok","",865,779,86,183489553,88847776,"cd05107daa2ee93b37a3b0089a059829",0.0249999999998636
"fc_max","Knn",17,"MAE",19.506976744186,"ok","",865,779,86,183489553,88847776,"cd05107daa2ee93b37a3b0089a059829",0.0249999999998636
"fc_max","ACP",17,"RMSE",37.3619161072973,"ok","",865,779,86,183489553,122811652,"cd05107daa2ee93b37a3b0089a059829",0.0240000000001146
"fc_max","ACP",17,"MAE",31.0907518335028,"ok","",865,779,86,183489553,122811652,"cd05107daa2ee93b37a3b0089a059829",0.0240000000001146
"fc_max","EM",17,"RMSE",25.9646551019789,"ok","",865,779,86,183489553,22113586,"cd05107daa2ee93b37a3b0089a059829",0.300999999999931
"fc_max","EM",17,"MAE",21.5704044828856,"ok","",865,779,86,183489553,22113586,"cd05107daa2ee93b37a3b0089a059829",0.300999999999931
"fc_max","AFDM",17,"RMSE",21.3972424432928,"ok","",865,779,86,183489553,220584211,"cd05107daa2ee93b37a3b0089a059829",0.0370000000000346
"fc_max","AFDM",17,"MAE",16.8189856756192,"ok","",865,779,86,183489553,220584211,"cd05107daa2ee93b37a3b0089a059829",0.0370000000000346
"fc_max","mice",17,"RMSE",21.3671231916787,"ok","",865,779,86,183489553,36820952,"cd05107daa2ee93b37a3b0089a059829",0.0920000000000982
"fc_max","mice",17,"MAE",16.2348837209302,"ok","",865,779,86,183489553,36820952,"cd05107daa2ee93b37a3b0089a059829",0.0920000000000982
"angine_effort","mean",17,"indisponible",NA,"non_applicable","non_applicable : moyenne pour cible quantitative seulement",865,779,86,173997526,139291472,"8a11a74bdfac853a394e21bc612c03e7",0.000999999999976353
"angine_effort","median",17,"indisponible",NA,"non_applicable","non_applicable : médiane sans sens pour cible nominale",865,779,86,173997526,141710036,"8a11a74bdfac853a394e21bc612c03e7",0.000999999999976353
"angine_effort","mode",17,"taux_erreur",0.302325581395349,"ok","",865,779,86,173997526,17608346,"8a11a74bdfac853a394e21bc612c03e7",0.000999999999976353
"angine_effort","mode",17,"accuracy",0.697674418604651,"ok","",865,779,86,173997526,17608346,"8a11a74bdfac853a394e21bc612c03e7",0.000999999999976353
"angine_effort","RandomForest",17,"taux_erreur",0.197674418604651,"ok","",865,779,86,173997526,104547401,"8a11a74bdfac853a394e21bc612c03e7",0.109000000000151
"angine_effort","RandomForest",17,"accuracy",0.802325581395349,"ok","",865,779,86,173997526,104547401,"8a11a74bdfac853a394e21bc612c03e7",0.109000000000151
"angine_effort","Knn",17,"taux_erreur",0.27906976744186,"ok","",865,779,86,173997526,254467527,"8a11a74bdfac853a394e21bc612c03e7",0.0370000000000346
"angine_effort","Knn",17,"accuracy",0.720930232558139,"ok","",865,779,86,173997526,254467527,"8a11a74bdfac853a394e21bc612c03e7",0.0370000000000346
"angine_effort","ACP",17,"taux_erreur",0.325581395348837,"ok","",865,779,86,173997526,61892790,"8a11a74bdfac853a394e21bc612c03e7",0.0229999999999109
"angine_effort","ACP",17,"accuracy",0.674418604651163,"ok","",865,779,86,173997526,61892790,"8a11a74bdfac853a394e21bc612c03e7",0.0229999999999109
"angine_effort","EM",17,"indisponible",NA,"non_applicable","non_applicable : EM gaussien pour cible quantitative seulement",865,779,86,173997526,18103612,"8a11a74bdfac853a394e21bc612c03e7",0
"angine_effort","AFDM",17,"taux_erreur",0.22093023255814,"ok","",865,779,86,173997526,131905258,"8a11a74bdfac853a394e21bc612c03e7",0.0430000000001201
"angine_effort","AFDM",17,"accuracy",0.779069767441861,"ok","",865,779,86,173997526,131905258,"8a11a74bdfac853a394e21bc612c03e7",0.0430000000001201
"angine_effort","mice",17,"taux_erreur",0.197674418604651,"ok","",865,779,86,173997526,226578167,"8a11a74bdfac853a394e21bc612c03e7",0.173999999999978
"angine_effort","mice",17,"accuracy",0.802325581395349,"ok","",865,779,86,173997526,226578167,"8a11a74bdfac853a394e21bc612c03e7",0.173999999999978
"depress_st","mean",17,"RMSE",1.04822818769516,"ok","",858,773,85,151853892,89329166,"4da419b4777228a3ff44a1937ba04a6a",0
"depress_st","mean",17,"MAE",0.857602922152043,"ok","",858,773,85,151853892,89329166,"4da419b4777228a3ff44a1937ba04a6a",0
"depress_st","median",17,"RMSE",1.09022393814029,"ok","",858,773,85,151853892,260061045,"4da419b4777228a3ff44a1937ba04a6a",0.000999999999976353
"depress_st","median",17,"MAE",0.817647058823529,"ok","",858,773,85,151853892,260061045,"4da419b4777228a3ff44a1937ba04a6a",0.000999999999976353
"depress_st","mode",17,"RMSE",1.32211951048307,"ok","",858,773,85,151853892,147760823,"4da419b4777228a3ff44a1937ba04a6a",0.000999999999976353
"depress_st","mode",17,"MAE",0.835294117647059,"ok","",858,773,85,151853892,147760823,"4da419b4777228a3ff44a1937ba04a6a",0.000999999999976353
"depress_st","RandomForest",17,"RMSE",0.885772038299268,"ok","",858,773,85,151853892,243533189,"4da419b4777228a3ff44a1937ba04a6a",0.135999999999967
"depress_st","RandomForest",17,"MAE",0.666251057489068,"ok","",858,773,85,151853892,243533189,"4da419b4777228a3ff44a1937ba04a6a",0.135999999999967
"depress_st","Knn",17,"RMSE",0.940733130876877,"ok","",858,773,85,151853892,21183654,"4da419b4777228a3ff44a1937ba04a6a",0.0330000000001291
"depress_st","Knn",17,"MAE",0.692235294117647,"ok","",858,773,85,151853892,21183654,"4da419b4777228a3ff44a1937ba04a6a",0.0330000000001291
"depress_st","ACP",17,"RMSE",1.75840940740005,"ok","",858,773,85,151853892,78719217,"4da419b4777228a3ff44a1937ba04a6a",0.0339999999998781
"depress_st","ACP",17,"MAE",1.47488755685938,"ok","",858,773,85,151853892,78719217,"4da419b4777228a3ff44a1937ba04a6a",0.0339999999998781
"depress_st","EM",17,"RMSE",0.983026951401778,"ok","",858,773,85,151853892,247773444,"4da419b4777228a3ff44a1937ba04a6a",0.31899999999996
"depress_st","EM",17,"MAE",0.767673629266642,"ok","",858,773,85,151853892,247773444,"4da419b4777228a3ff44a1937ba04a6a",0.31899999999996
"depress_st","AFDM",17,"RMSE",0.945061462741379,"ok","",858,773,85,151853892,166055740,"4da419b4777228a3ff44a1937ba04a6a",0.0440000000000964
"depress_st","AFDM",17,"MAE",0.715644536979427,"ok","",858,773,85,151853892,166055740,"4da419b4777228a3ff44a1937ba04a6a",0.0440000000000964
"depress_st","mice",17,"RMSE",1.014782503501,"ok","",858,773,85,151853892,265531234,"4da419b4777228a3ff44a1937ba04a6a",0.0919999999998709
"depress_st","mice",17,"MAE",0.778588235294118,"ok","",858,773,85,151853892,265531234,"4da419b4777228a3ff44a1937ba04a6a",0.0919999999998709
"pente_st","mean",17,"indisponible",NA,"non_applicable","non_applicable : moyenne pour cible quantitative seulement",611,550,61,78490464,212391368,"54479bed04e8803350854b1e7f46b54c",0
"pente_st","median",17,"taux_erreur",0.459016393442623,"ok","",611,550,61,78490464,178793315,"54479bed04e8803350854b1e7f46b54c",0
"pente_st","median",17,"accuracy",0.540983606557377,"ok","",611,550,61,78490464,178793315,"54479bed04e8803350854b1e7f46b54c",0
"pente_st","median",17,"RMSE",0.677507485894158,"ok","",611,550,61,78490464,178793315,"54479bed04e8803350854b1e7f46b54c",0
"pente_st","median",17,"MAE",0.459016393442623,"ok","",611,550,61,78490464,178793315,"54479bed04e8803350854b1e7f46b54c",0
"pente_st","mode",17,"taux_erreur",0.459016393442623,"ok","",611,550,61,78490464,165149353,"54479bed04e8803350854b1e7f46b54c",0.000999999999976353
"pente_st","mode",17,"accuracy",0.540983606557377,"ok","",611,550,61,78490464,165149353,"54479bed04e8803350854b1e7f46b54c",0.000999999999976353
"pente_st","mode",17,"RMSE",0.677507485894158,"ok","",611,550,61,78490464,165149353,"54479bed04e8803350854b1e7f46b54c",0.000999999999976353
"pente_st","mode",17,"MAE",0.459016393442623,"ok","",611,550,61,78490464,165149353,"54479bed04e8803350854b1e7f46b54c",0.000999999999976353
"pente_st","RandomForest",17,"taux_erreur",0.327868852459016,"ok","",611,550,61,78490464,138653740,"54479bed04e8803350854b1e7f46b54c",0.104000000000042
"pente_st","RandomForest",17,"accuracy",0.672131147540984,"ok","",611,550,61,78490464,138653740,"54479bed04e8803350854b1e7f46b54c",0.104000000000042
"pente_st","RandomForest",17,"RMSE",0.652862549237373,"ok","",611,550,61,78490464,138653740,"54479bed04e8803350854b1e7f46b54c",0.104000000000042
"pente_st","RandomForest",17,"MAE",0.360655737704918,"ok","",611,550,61,78490464,138653740,"54479bed04e8803350854b1e7f46b54c",0.104000000000042
"pente_st","Knn",17,"taux_erreur",0.377049180327869,"ok","",611,550,61,78490464,157015524,"54479bed04e8803350854b1e7f46b54c",0.0310000000001764
"pente_st","Knn",17,"accuracy",0.622950819672131,"ok","",611,550,61,78490464,157015524,"54479bed04e8803350854b1e7f46b54c",0.0310000000001764
"pente_st","Knn",17,"RMSE",0.724285968340148,"ok","",611,550,61,78490464,157015524,"54479bed04e8803350854b1e7f46b54c",0.0310000000001764
"pente_st","Knn",17,"MAE",0.426229508196721,"ok","",611,550,61,78490464,157015524,"54479bed04e8803350854b1e7f46b54c",0.0310000000001764
"pente_st","ACP",17,"taux_erreur",0.39344262295082,"ok","",611,550,61,78490464,171765696,"54479bed04e8803350854b1e7f46b54c",0.0199999999999818
"pente_st","ACP",17,"accuracy",0.60655737704918,"ok","",611,550,61,78490464,171765696,"54479bed04e8803350854b1e7f46b54c",0.0199999999999818
"pente_st","ACP",17,"RMSE",0.768221279597376,"ok","",611,550,61,78490464,171765696,"54479bed04e8803350854b1e7f46b54c",0.0199999999999818
"pente_st","ACP",17,"MAE",0.459016393442623,"ok","",611,550,61,78490464,171765696,"54479bed04e8803350854b1e7f46b54c",0.0199999999999818
"pente_st","EM",17,"indisponible",NA,"non_applicable","non_applicable : EM gaussien pour cible quantitative seulement",611,550,61,78490464,33957214,"54479bed04e8803350854b1e7f46b54c",0
"pente_st","AFDM",17,"taux_erreur",0.426229508196721,"ok","",611,550,61,78490464,44257837,"54479bed04e8803350854b1e7f46b54c",0.0499999999999545
"pente_st","AFDM",17,"accuracy",0.573770491803279,"ok","",611,550,61,78490464,44257837,"54479bed04e8803350854b1e7f46b54c",0.0499999999999545
"pente_st","AFDM",17,"RMSE",0.724285968340148,"ok","",611,550,61,78490464,44257837,"54479bed04e8803350854b1e7f46b54c",0.0499999999999545
"pente_st","AFDM",17,"MAE",0.459016393442623,"ok","",611,550,61,78490464,44257837,"54479bed04e8803350854b1e7f46b54c",0.0499999999999545
"pente_st","mice",17,"taux_erreur",0.39344262295082,"ok","",611,550,61,78490464,62201265,"54479bed04e8803350854b1e7f46b54c",0.320000000000164
"pente_st","mice",17,"accuracy",0.60655737704918,"ok","",611,550,61,78490464,62201265,"54479bed04e8803350854b1e7f46b54c",0.320000000000164
"pente_st","mice",17,"RMSE",0.665299143859116,"ok","",611,550,61,78490464,62201265,"54479bed04e8803350854b1e7f46b54c",0.320000000000164
"pente_st","mice",17,"MAE",0.409836065573771,"ok","",611,550,61,78490464,62201265,"54479bed04e8803350854b1e7f46b54c",0.320000000000164
"nb_vaisseaux","mean",17,"indisponible",NA,"non_applicable","non_applicable : moyenne pour cible quantitative seulement",309,279,30,252087852,217395761,"03770000c03008a047c5362ed6fbc31a",0
"nb_vaisseaux","median",17,"taux_erreur",0.5,"ok","",309,279,30,252087852,186125858,"03770000c03008a047c5362ed6fbc31a",0
"nb_vaisseaux","median",17,"accuracy",0.5,"ok","",309,279,30,252087852,186125858,"03770000c03008a047c5362ed6fbc31a",0
"nb_vaisseaux","median",17,"RMSE",1.15470053837925,"ok","",309,279,30,252087852,186125858,"03770000c03008a047c5362ed6fbc31a",0
"nb_vaisseaux","median",17,"MAE",0.733333333333333,"ok","",309,279,30,252087852,186125858,"03770000c03008a047c5362ed6fbc31a",0
"nb_vaisseaux","mode",17,"taux_erreur",0.5,"ok","",309,279,30,252087852,151180487,"03770000c03008a047c5362ed6fbc31a",0.000999999999976353
"nb_vaisseaux","mode",17,"accuracy",0.5,"ok","",309,279,30,252087852,151180487,"03770000c03008a047c5362ed6fbc31a",0.000999999999976353
"nb_vaisseaux","mode",17,"RMSE",1.15470053837925,"ok","",309,279,30,252087852,151180487,"03770000c03008a047c5362ed6fbc31a",0.000999999999976353
"nb_vaisseaux","mode",17,"MAE",0.733333333333333,"ok","",309,279,30,252087852,151180487,"03770000c03008a047c5362ed6fbc31a",0.000999999999976353
"nb_vaisseaux","RandomForest",17,"taux_erreur",0.5,"ok","",309,279,30,252087852,201671401,"03770000c03008a047c5362ed6fbc31a",0.0720000000001164
"nb_vaisseaux","RandomForest",17,"accuracy",0.5,"ok","",309,279,30,252087852,201671401,"03770000c03008a047c5362ed6fbc31a",0.0720000000001164
"nb_vaisseaux","RandomForest",17,"RMSE",1.19721899973786,"ok","",309,279,30,252087852,201671401,"03770000c03008a047c5362ed6fbc31a",0.0720000000001164
"nb_vaisseaux","RandomForest",17,"MAE",0.766666666666667,"ok","",309,279,30,252087852,201671401,"03770000c03008a047c5362ed6fbc31a",0.0720000000001164
"nb_vaisseaux","Knn",17,"taux_erreur",0.533333333333333,"ok","",309,279,30,252087852,258988559,"03770000c03008a047c5362ed6fbc31a",0.0170000000000528
"nb_vaisseaux","Knn",17,"accuracy",0.466666666666667,"ok","",309,279,30,252087852,258988559,"03770000c03008a047c5362ed6fbc31a",0.0170000000000528
"nb_vaisseaux","Knn",17,"RMSE",1.14017542509914,"ok","",309,279,30,252087852,258988559,"03770000c03008a047c5362ed6fbc31a",0.0170000000000528
"nb_vaisseaux","Knn",17,"MAE",0.766666666666667,"ok","",309,279,30,252087852,258988559,"03770000c03008a047c5362ed6fbc31a",0.0170000000000528
"nb_vaisseaux","ACP",17,"taux_erreur",0.5,"ok","",309,279,30,252087852,109355612,"03770000c03008a047c5362ed6fbc31a",0.0169999999998254
"nb_vaisseaux","ACP",17,"accuracy",0.5,"ok","",309,279,30,252087852,109355612,"03770000c03008a047c5362ed6fbc31a",0.0169999999998254
"nb_vaisseaux","ACP",17,"RMSE",1.15470053837925,"ok","",309,279,30,252087852,109355612,"03770000c03008a047c5362ed6fbc31a",0.0169999999998254
"nb_vaisseaux","ACP",17,"MAE",0.733333333333333,"ok","",309,279,30,252087852,109355612,"03770000c03008a047c5362ed6fbc31a",0.0169999999998254
"nb_vaisseaux","EM",17,"indisponible",NA,"non_applicable","non_applicable : EM gaussien pour cible quantitative seulement",309,279,30,252087852,184828441,"03770000c03008a047c5362ed6fbc31a",0
"nb_vaisseaux","AFDM",17,"taux_erreur",0.5,"ok","",309,279,30,252087852,240534913,"03770000c03008a047c5362ed6fbc31a",0.0289999999999964
"nb_vaisseaux","AFDM",17,"accuracy",0.5,"ok","",309,279,30,252087852,240534913,"03770000c03008a047c5362ed6fbc31a",0.0289999999999964
"nb_vaisseaux","AFDM",17,"RMSE",1.15470053837925,"ok","",309,279,30,252087852,240534913,"03770000c03008a047c5362ed6fbc31a",0.0289999999999964
"nb_vaisseaux","AFDM",17,"MAE",0.733333333333333,"ok","",309,279,30,252087852,240534913,"03770000c03008a047c5362ed6fbc31a",0.0289999999999964
"nb_vaisseaux","mice",17,"taux_erreur",0.533333333333333,"ok","",309,279,30,252087852,133674651,"03770000c03008a047c5362ed6fbc31a",0.25
"nb_vaisseaux","mice",17,"accuracy",0.466666666666667,"ok","",309,279,30,252087852,133674651,"03770000c03008a047c5362ed6fbc31a",0.25
"nb_vaisseaux","mice",17,"RMSE",1.44913767461894,"ok","",309,279,30,252087852,133674651,"03770000c03008a047c5362ed6fbc31a",0.25
"nb_vaisseaux","mice",17,"MAE",0.966666666666667,"ok","",309,279,30,252087852,133674651,"03770000c03008a047c5362ed6fbc31a",0.25
"test_thallium","mean",17,"indisponible",NA,"non_applicable","non_applicable : moyenne pour cible quantitative seulement",434,391,43,216934209,212419320,"13ea7d837ee7845f566eeb52fdd9d8a8",0
"test_thallium","median",17,"indisponible",NA,"non_applicable","non_applicable : médiane sans sens pour cible nominale",434,391,43,216934209,141584583,"13ea7d837ee7845f566eeb52fdd9d8a8",0.000999999999976353
"test_thallium","mode",17,"taux_erreur",0.604651162790698,"ok","",434,391,43,216934209,76426668,"13ea7d837ee7845f566eeb52fdd9d8a8",0.000999999999976353
"test_thallium","mode",17,"accuracy",0.395348837209302,"ok","",434,391,43,216934209,76426668,"13ea7d837ee7845f566eeb52fdd9d8a8",0.000999999999976353
"test_thallium","RandomForest",17,"taux_erreur",0.441860465116279,"ok","",434,391,43,216934209,130128737,"13ea7d837ee7845f566eeb52fdd9d8a8",0.081000000000131
"test_thallium","RandomForest",17,"accuracy",0.558139534883721,"ok","",434,391,43,216934209,130128737,"13ea7d837ee7845f566eeb52fdd9d8a8",0.081000000000131
"test_thallium","Knn",17,"taux_erreur",0.488372093023256,"ok","",434,391,43,216934209,95589821,"13ea7d837ee7845f566eeb52fdd9d8a8",0.0169999999998254
"test_thallium","Knn",17,"accuracy",0.511627906976744,"ok","",434,391,43,216934209,95589821,"13ea7d837ee7845f566eeb52fdd9d8a8",0.0169999999998254
"test_thallium","ACP",17,"taux_erreur",0.488372093023256,"ok","",434,391,43,216934209,76159736,"13ea7d837ee7845f566eeb52fdd9d8a8",0.0179999999998017
"test_thallium","ACP",17,"accuracy",0.511627906976744,"ok","",434,391,43,216934209,76159736,"13ea7d837ee7845f566eeb52fdd9d8a8",0.0179999999998017
"test_thallium","EM",17,"indisponible",NA,"non_applicable","non_applicable : EM gaussien pour cible quantitative seulement",434,391,43,216934209,178379257,"13ea7d837ee7845f566eeb52fdd9d8a8",0
"test_thallium","AFDM",17,"taux_erreur",0.465116279069767,"ok","",434,391,43,216934209,250140238,"13ea7d837ee7845f566eeb52fdd9d8a8",0.0380000000000109
"test_thallium","AFDM",17,"accuracy",0.534883720930233,"ok","",434,391,43,216934209,250140238,"13ea7d837ee7845f566eeb52fdd9d8a8",0.0380000000000109
"test_thallium","mice",17,"taux_erreur",0.441860465116279,"ok","",434,391,43,216934209,103373464,"13ea7d837ee7845f566eeb52fdd9d8a8",0.252999999999929
"test_thallium","mice",17,"accuracy",0.558139534883721,"ok","",434,391,43,216934209,103373464,"13ea7d837ee7845f566eeb52fdd9d8a8",0.252999999999929
"pa_repos","mean",18,"RMSE",16.4150200763872,"ok","",860,774,86,216952500,78235672,"d377a919d78a460cd0bd85c9dd50f355",0.000999999999976353
"pa_repos","mean",18,"MAE",13.2299140676642,"ok","",860,774,86,216952500,78235672,"d377a919d78a460cd0bd85c9dd50f355",0.000999999999976353
"pa_repos","median",18,"RMSE",16.4550126666759,"ok","",860,774,86,216952500,165127817,"d377a919d78a460cd0bd85c9dd50f355",0
"pa_repos","median",18,"MAE",13,"ok","",860,774,86,216952500,165127817,"d377a919d78a460cd0bd85c9dd50f355",0
"pa_repos","mode",18,"RMSE",20.0017441099985,"ok","",860,774,86,216952500,156790350,"d377a919d78a460cd0bd85c9dd50f355",0.000999999999976353
"pa_repos","mode",18,"MAE",15,"ok","",860,774,86,216952500,156790350,"d377a919d78a460cd0bd85c9dd50f355",0.000999999999976353
"pa_repos","RandomForest",18,"RMSE",15.6526756515109,"ok","",860,774,86,216952500,263625047,"d377a919d78a460cd0bd85c9dd50f355",0.142000000000053
"pa_repos","RandomForest",18,"MAE",12.738012417057,"ok","",860,774,86,216952500,263625047,"d377a919d78a460cd0bd85c9dd50f355",0.142000000000053
"pa_repos","Knn",18,"RMSE",17.6201391119815,"ok","",860,774,86,216952500,107674698,"d377a919d78a460cd0bd85c9dd50f355",0.0250000000000909
"pa_repos","Knn",18,"MAE",14.0023255813953,"ok","",860,774,86,216952500,107674698,"d377a919d78a460cd0bd85c9dd50f355",0.0250000000000909
"pa_repos","ACP",18,"RMSE",16.7093823167513,"ok","",860,774,86,216952500,243452875,"d377a919d78a460cd0bd85c9dd50f355",0.0180000000000291
"pa_repos","ACP",18,"MAE",12.9202754495655,"ok","",860,774,86,216952500,243452875,"d377a919d78a460cd0bd85c9dd50f355",0.0180000000000291
"pa_repos","EM",18,"RMSE",15.4180590394228,"ok","",860,774,86,216952500,204762838,"d377a919d78a460cd0bd85c9dd50f355",0.277000000000044
"pa_repos","EM",18,"MAE",11.9512565773426,"ok","",860,774,86,216952500,204762838,"d377a919d78a460cd0bd85c9dd50f355",0.277000000000044
"pa_repos","AFDM",18,"RMSE",16.0905349089058,"ok","",860,774,86,216952500,13365504,"d377a919d78a460cd0bd85c9dd50f355",0.0480000000000018
"pa_repos","AFDM",18,"MAE",12.7494467048731,"ok","",860,774,86,216952500,13365504,"d377a919d78a460cd0bd85c9dd50f355",0.0480000000000018
"pa_repos","mice",18,"RMSE",18.8027088597658,"ok","",860,774,86,216952500,176093061,"d377a919d78a460cd0bd85c9dd50f355",0.0760000000000218
"pa_repos","mice",18,"MAE",15.3093023255814,"ok","",860,774,86,216952500,176093061,"d377a919d78a460cd0bd85c9dd50f355",0.0760000000000218
"cholesterol","mean",18,"RMSE",64.8692214396432,"ok","",718,647,71,171175670,222045924,"824d63aad4316e42828b55a814be4810",0
"cholesterol","mean",18,"MAE",50.4399068289179,"ok","",718,647,71,171175670,222045924,"824d63aad4316e42828b55a814be4810",0
"cholesterol","median",18,"RMSE",65.4802410795118,"ok","",718,647,71,171175670,226063521,"824d63aad4316e42828b55a814be4810",0
"cholesterol","median",18,"MAE",49.4366197183099,"ok","",718,647,71,171175670,226063521,"824d63aad4316e42828b55a814be4810",0
"cholesterol","mode",18,"RMSE",79.1012900306123,"ok","",718,647,71,171175670,89163583,"824d63aad4316e42828b55a814be4810",0.000999999999976353
"cholesterol","mode",18,"MAE",58.7323943661972,"ok","",718,647,71,171175670,89163583,"824d63aad4316e42828b55a814be4810",0.000999999999976353
"cholesterol","RandomForest",18,"RMSE",60.9962478671872,"ok","",718,647,71,171175670,267568054,"824d63aad4316e42828b55a814be4810",0.129000000000133
"cholesterol","RandomForest",18,"MAE",46.7391782263641,"ok","",718,647,71,171175670,267568054,"824d63aad4316e42828b55a814be4810",0.129000000000133
"cholesterol","Knn",18,"RMSE",64.4132783091748,"ok","",718,647,71,171175670,264696993,"824d63aad4316e42828b55a814be4810",0.0219999999999345
"cholesterol","Knn",18,"MAE",47.6169014084507,"ok","",718,647,71,171175670,264696993,"824d63aad4316e42828b55a814be4810",0.0219999999999345
"cholesterol","ACP",18,"RMSE",65.6084227068077,"ok","",718,647,71,171175670,42112143,"824d63aad4316e42828b55a814be4810",0.0340000000001055
"cholesterol","ACP",18,"MAE",48.7506057754943,"ok","",718,647,71,171175670,42112143,"824d63aad4316e42828b55a814be4810",0.0340000000001055
"cholesterol","EM",18,"RMSE",63.835876188763,"ok","",718,647,71,171175670,233675680,"824d63aad4316e42828b55a814be4810",0.11200000000008
"cholesterol","EM",18,"MAE",49.3005902882415,"ok","",718,647,71,171175670,233675680,"824d63aad4316e42828b55a814be4810",0.11200000000008
"cholesterol","AFDM",18,"RMSE",63.9134582751538,"ok","",718,647,71,171175670,171550676,"824d63aad4316e42828b55a814be4810",0.0449999999998454
"cholesterol","AFDM",18,"MAE",49.644778399821,"ok","",718,647,71,171175670,171550676,"824d63aad4316e42828b55a814be4810",0.0449999999998454
"cholesterol","mice",18,"RMSE",63.4849743784384,"ok","",718,647,71,171175670,87399571,"824d63aad4316e42828b55a814be4810",0.0720000000001164
"cholesterol","mice",18,"MAE",47.5859154929577,"ok","",718,647,71,171175670,87399571,"824d63aad4316e42828b55a814be4810",0.0720000000001164
"glyc_jeun_elevee","mean",18,"indisponible",NA,"non_applicable","non_applicable : moyenne pour cible quantitative seulement",830,747,83,38503183,240443590,"9f1eac1f72212c8d677fcb657b84e633",0.000999999999976353
"glyc_jeun_elevee","median",18,"indisponible",NA,"non_applicable","non_applicable : médiane sans sens pour cible nominale",830,747,83,38503183,110796753,"9f1eac1f72212c8d677fcb657b84e633",0
"glyc_jeun_elevee","mode",18,"taux_erreur",0.132530120481928,"ok","",830,747,83,38503183,114844066,"9f1eac1f72212c8d677fcb657b84e633",0.000999999999976353
"glyc_jeun_elevee","mode",18,"accuracy",0.867469879518072,"ok","",830,747,83,38503183,114844066,"9f1eac1f72212c8d677fcb657b84e633",0.000999999999976353
"glyc_jeun_elevee","RandomForest",18,"taux_erreur",0.144578313253012,"ok","",830,747,83,38503183,166104749,"9f1eac1f72212c8d677fcb657b84e633",0.0999999999999091
"glyc_jeun_elevee","RandomForest",18,"accuracy",0.855421686746988,"ok","",830,747,83,38503183,166104749,"9f1eac1f72212c8d677fcb657b84e633",0.0999999999999091
"glyc_jeun_elevee","Knn",18,"taux_erreur",0.120481927710843,"ok","",830,747,83,38503183,174621281,"9f1eac1f72212c8d677fcb657b84e633",0.0540000000000873
"glyc_jeun_elevee","Knn",18,"accuracy",0.879518072289157,"ok","",830,747,83,38503183,174621281,"9f1eac1f72212c8d677fcb657b84e633",0.0540000000000873
"glyc_jeun_elevee","ACP",18,"taux_erreur",0.144578313253012,"ok","",830,747,83,38503183,104425576,"9f1eac1f72212c8d677fcb657b84e633",0.0199999999999818
"glyc_jeun_elevee","ACP",18,"accuracy",0.855421686746988,"ok","",830,747,83,38503183,104425576,"9f1eac1f72212c8d677fcb657b84e633",0.0199999999999818
"glyc_jeun_elevee","EM",18,"indisponible",NA,"non_applicable","non_applicable : EM gaussien pour cible quantitative seulement",830,747,83,38503183,178456029,"9f1eac1f72212c8d677fcb657b84e633",0.000999999999976353
"glyc_jeun_elevee","AFDM",18,"taux_erreur",0.132530120481928,"ok","",830,747,83,38503183,172440593,"9f1eac1f72212c8d677fcb657b84e633",0.0599999999999454
"glyc_jeun_elevee","AFDM",18,"accuracy",0.867469879518072,"ok","",830,747,83,38503183,172440593,"9f1eac1f72212c8d677fcb657b84e633",0.0599999999999454
"glyc_jeun_elevee","mice",18,"taux_erreur",0.192771084337349,"ok","",830,747,83,38503183,190245295,"9f1eac1f72212c8d677fcb657b84e633",0.170000000000073
"glyc_jeun_elevee","mice",18,"accuracy",0.807228915662651,"ok","",830,747,83,38503183,190245295,"9f1eac1f72212c8d677fcb657b84e633",0.170000000000073
"ecg_repos","mean",18,"indisponible",NA,"non_applicable","non_applicable : moyenne pour cible quantitative seulement",918,827,91,183781542,97821509,"380f63886c59ab9c59a626af97852a37",0.000999999999976353
"ecg_repos","median",18,"indisponible",NA,"non_applicable","non_applicable : médiane sans sens pour cible nominale",918,827,91,183781542,201709732,"380f63886c59ab9c59a626af97852a37",0.000999999999976353
"ecg_repos","mode",18,"taux_erreur",0.428571428571429,"ok","",918,827,91,183781542,127384321,"380f63886c59ab9c59a626af97852a37",0.000999999999976353
"ecg_repos","mode",18,"accuracy",0.571428571428571,"ok","",918,827,91,183781542,127384321,"380f63886c59ab9c59a626af97852a37",0.000999999999976353
"ecg_repos","RandomForest",18,"taux_erreur",0.395604395604396,"ok","",918,827,91,183781542,1768413,"380f63886c59ab9c59a626af97852a37",0.155999999999949
"ecg_repos","RandomForest",18,"accuracy",0.604395604395604,"ok","",918,827,91,183781542,1768413,"380f63886c59ab9c59a626af97852a37",0.155999999999949
"ecg_repos","Knn",18,"taux_erreur",0.43956043956044,"ok","",918,827,91,183781542,199514307,"380f63886c59ab9c59a626af97852a37",0.0489999999999782
"ecg_repos","Knn",18,"accuracy",0.56043956043956,"ok","",918,827,91,183781542,199514307,"380f63886c59ab9c59a626af97852a37",0.0489999999999782
"ecg_repos","ACP",18,"taux_erreur",0.406593406593407,"ok","",918,827,91,183781542,111976383,"380f63886c59ab9c59a626af97852a37",0.0299999999999727
"ecg_repos","ACP",18,"accuracy",0.593406593406593,"ok","",918,827,91,183781542,111976383,"380f63886c59ab9c59a626af97852a37",0.0299999999999727
"ecg_repos","EM",18,"indisponible",NA,"non_applicable","non_applicable : EM gaussien pour cible quantitative seulement",918,827,91,183781542,160521450,"380f63886c59ab9c59a626af97852a37",0
"ecg_repos","AFDM",18,"taux_erreur",0.428571428571429,"ok","",918,827,91,183781542,88997520,"380f63886c59ab9c59a626af97852a37",0.0550000000000637
"ecg_repos","AFDM",18,"accuracy",0.571428571428571,"ok","",918,827,91,183781542,88997520,"380f63886c59ab9c59a626af97852a37",0.0550000000000637
"ecg_repos","mice",18,"taux_erreur",0.428571428571429,"ok","",918,827,91,183781542,234827092,"380f63886c59ab9c59a626af97852a37",0.354000000000042
"ecg_repos","mice",18,"accuracy",0.571428571428571,"ok","",918,827,91,183781542,234827092,"380f63886c59ab9c59a626af97852a37",0.354000000000042
"fc_max","mean",18,"RMSE",26.5227222989604,"ok","",865,779,86,76492411,229704553,"feed777c8d689dbbebb0f18f7d488f42",0.000999999999976353
"fc_max","mean",18,"MAE",22.2115413320596,"ok","",865,779,86,76492411,229704553,"feed777c8d689dbbebb0f18f7d488f42",0.000999999999976353
"fc_max","median",18,"RMSE",26.5544635585756,"ok","",865,779,86,76492411,114205744,"feed777c8d689dbbebb0f18f7d488f42",0.000999999999976353
"fc_max","median",18,"MAE",22.1860465116279,"ok","",865,779,86,76492411,114205744,"feed777c8d689dbbebb0f18f7d488f42",0.000999999999976353
"fc_max","mode",18,"RMSE",28.9349711964525,"ok","",865,779,86,76492411,18795753,"feed777c8d689dbbebb0f18f7d488f42",0.000999999999976353
"fc_max","mode",18,"MAE",23.6511627906977,"ok","",865,779,86,76492411,18795753,"feed777c8d689dbbebb0f18f7d488f42",0.000999999999976353
"fc_max","RandomForest",18,"RMSE",20.3440378057193,"ok","",865,779,86,76492411,3570646,"feed777c8d689dbbebb0f18f7d488f42",0.144999999999982
"fc_max","RandomForest",18,"MAE",16.3490243801383,"ok","",865,779,86,76492411,3570646,"feed777c8d689dbbebb0f18f7d488f42",0.144999999999982
"fc_max","Knn",18,"RMSE",23.1388629094903,"ok","",865,779,86,76492411,179647061,"feed777c8d689dbbebb0f18f7d488f42",0.0190000000000055
"fc_max","Knn",18,"MAE",18.4395348837209,"ok","",865,779,86,76492411,179647061,"feed777c8d689dbbebb0f18f7d488f42",0.0190000000000055
"fc_max","ACP",18,"RMSE",44.6392416582935,"ok","",865,779,86,76492411,174940474,"feed777c8d689dbbebb0f18f7d488f42",0.0160000000000764
"fc_max","ACP",18,"MAE",36.1654978981901,"ok","",865,779,86,76492411,174940474,"feed777c8d689dbbebb0f18f7d488f42",0.0160000000000764
"fc_max","EM",18,"RMSE",24.6166715158378,"ok","",865,779,86,76492411,114951045,"feed777c8d689dbbebb0f18f7d488f42",0.273000000000138
"fc_max","EM",18,"MAE",20.3980157598064,"ok","",865,779,86,76492411,114951045,"feed777c8d689dbbebb0f18f7d488f42",0.273000000000138
"fc_max","AFDM",18,"RMSE",21.805274811101,"ok","",865,779,86,76492411,240725094,"feed777c8d689dbbebb0f18f7d488f42",0.0570000000000164
"fc_max","AFDM",18,"MAE",17.7675574086327,"ok","",865,779,86,76492411,240725094,"feed777c8d689dbbebb0f18f7d488f42",0.0570000000000164
"fc_max","mice",18,"RMSE",21.9510448975219,"ok","",865,779,86,76492411,71020953,"feed777c8d689dbbebb0f18f7d488f42",0.0799999999999272
"fc_max","mice",18,"MAE",17.1720930232558,"ok","",865,779,86,76492411,71020953,"feed777c8d689dbbebb0f18f7d488f42",0.0799999999999272
"angine_effort","mean",18,"indisponible",NA,"non_applicable","non_applicable : moyenne pour cible quantitative seulement",865,779,86,140128607,236479042,"d2efe61a8957e6a10cd8b67abd342b01",0
"angine_effort","median",18,"indisponible",NA,"non_applicable","non_applicable : médiane sans sens pour cible nominale",865,779,86,140128607,201893809,"d2efe61a8957e6a10cd8b67abd342b01",0.000999999999976353
"angine_effort","mode",18,"taux_erreur",0.302325581395349,"ok","",865,779,86,140128607,28492656,"d2efe61a8957e6a10cd8b67abd342b01",0.000999999999976353
"angine_effort","mode",18,"accuracy",0.697674418604651,"ok","",865,779,86,140128607,28492656,"d2efe61a8957e6a10cd8b67abd342b01",0.000999999999976353
"angine_effort","RandomForest",18,"taux_erreur",0.22093023255814,"ok","",865,779,86,140128607,64155879,"d2efe61a8957e6a10cd8b67abd342b01",0.118999999999915
"angine_effort","RandomForest",18,"accuracy",0.779069767441861,"ok","",865,779,86,140128607,64155879,"d2efe61a8957e6a10cd8b67abd342b01",0.118999999999915
"angine_effort","Knn",18,"taux_erreur",0.302325581395349,"ok","",865,779,86,140128607,87266378,"d2efe61a8957e6a10cd8b67abd342b01",0.0340000000001055
"angine_effort","Knn",18,"accuracy",0.697674418604651,"ok","",865,779,86,140128607,87266378,"d2efe61a8957e6a10cd8b67abd342b01",0.0340000000001055
"angine_effort","ACP",18,"taux_erreur",0.290697674418605,"ok","",865,779,86,140128607,185433792,"d2efe61a8957e6a10cd8b67abd342b01",0.0209999999999582
"angine_effort","ACP",18,"accuracy",0.709302325581395,"ok","",865,779,86,140128607,185433792,"d2efe61a8957e6a10cd8b67abd342b01",0.0209999999999582
"angine_effort","EM",18,"indisponible",NA,"non_applicable","non_applicable : EM gaussien pour cible quantitative seulement",865,779,86,140128607,87529597,"d2efe61a8957e6a10cd8b67abd342b01",0
"angine_effort","AFDM",18,"taux_erreur",0.244186046511628,"ok","",865,779,86,140128607,212592744,"d2efe61a8957e6a10cd8b67abd342b01",0.0489999999999782
"angine_effort","AFDM",18,"accuracy",0.755813953488372,"ok","",865,779,86,140128607,212592744,"d2efe61a8957e6a10cd8b67abd342b01",0.0489999999999782
"angine_effort","mice",18,"taux_erreur",0.255813953488372,"ok","",865,779,86,140128607,263578655,"d2efe61a8957e6a10cd8b67abd342b01",0.174999999999955
"angine_effort","mice",18,"accuracy",0.744186046511628,"ok","",865,779,86,140128607,263578655,"d2efe61a8957e6a10cd8b67abd342b01",0.174999999999955
"depress_st","mean",18,"RMSE",1.21193985299753,"ok","",858,773,85,266366147,122564353,"459403bdb09a94d72c9d05b3d97afa02",0
"depress_st","mean",18,"MAE",0.992502853664105,"ok","",858,773,85,266366147,122564353,"459403bdb09a94d72c9d05b3d97afa02",0
"depress_st","median",18,"RMSE",1.31068011083604,"ok","",858,773,85,266366147,181366586,"459403bdb09a94d72c9d05b3d97afa02",0
"depress_st","median",18,"MAE",0.992941176470588,"ok","",858,773,85,266366147,181366586,"459403bdb09a94d72c9d05b3d97afa02",0
"depress_st","mode",18,"RMSE",1.57879328453541,"ok","",858,773,85,266366147,240240859,"459403bdb09a94d72c9d05b3d97afa02",0.00500000000010914
"depress_st","mode",18,"MAE",1.04588235294118,"ok","",858,773,85,266366147,240240859,"459403bdb09a94d72c9d05b3d97afa02",0.00500000000010914
"depress_st","RandomForest",18,"RMSE",0.92894809535785,"ok","",858,773,85,266366147,32237730,"459403bdb09a94d72c9d05b3d97afa02",0.126999999999953
"depress_st","RandomForest",18,"MAE",0.707985977037319,"ok","",858,773,85,266366147,32237730,"459403bdb09a94d72c9d05b3d97afa02",0.126999999999953
"depress_st","Knn",18,"RMSE",0.952633501528943,"ok","",858,773,85,266366147,181474483,"459403bdb09a94d72c9d05b3d97afa02",0.0309999999999491
"depress_st","Knn",18,"MAE",0.723294117647059,"ok","",858,773,85,266366147,181474483,"459403bdb09a94d72c9d05b3d97afa02",0.0309999999999491
"depress_st","ACP",18,"RMSE",1.6488385771371,"ok","",858,773,85,266366147,21634285,"459403bdb09a94d72c9d05b3d97afa02",0.0340000000001055
"depress_st","ACP",18,"MAE",1.41661512335456,"ok","",858,773,85,266366147,21634285,"459403bdb09a94d72c9d05b3d97afa02",0.0340000000001055
"depress_st","EM",18,"RMSE",1.18791204836955,"ok","",858,773,85,266366147,120169926,"459403bdb09a94d72c9d05b3d97afa02",0.272999999999911
"depress_st","EM",18,"MAE",0.935181904508846,"ok","",858,773,85,266366147,120169926,"459403bdb09a94d72c9d05b3d97afa02",0.272999999999911
"depress_st","AFDM",18,"RMSE",1.02357192355511,"ok","",858,773,85,266366147,150970477,"459403bdb09a94d72c9d05b3d97afa02",0.0359999999998308
"depress_st","AFDM",18,"MAE",0.799185971228367,"ok","",858,773,85,266366147,150970477,"459403bdb09a94d72c9d05b3d97afa02",0.0359999999998308
"depress_st","mice",18,"RMSE",0.883772661744557,"ok","",858,773,85,266366147,59490638,"459403bdb09a94d72c9d05b3d97afa02",0.0850000000000364
"depress_st","mice",18,"MAE",0.672,"ok","",858,773,85,266366147,59490638,"459403bdb09a94d72c9d05b3d97afa02",0.0850000000000364
"pente_st","mean",18,"indisponible",NA,"non_applicable","non_applicable : moyenne pour cible quantitative seulement",611,550,61,211110088,94676917,"e97e8c568e007f62a2826ad3821b3e0c",0
"pente_st","median",18,"taux_erreur",0.459016393442623,"ok","",611,550,61,211110088,115088630,"e97e8c568e007f62a2826ad3821b3e0c",0.000999999999976353
"pente_st","median",18,"accuracy",0.540983606557377,"ok","",611,550,61,211110088,115088630,"e97e8c568e007f62a2826ad3821b3e0c",0.000999999999976353
"pente_st","median",18,"RMSE",0.677507485894158,"ok","",611,550,61,211110088,115088630,"e97e8c568e007f62a2826ad3821b3e0c",0.000999999999976353
"pente_st","median",18,"MAE",0.459016393442623,"ok","",611,550,61,211110088,115088630,"e97e8c568e007f62a2826ad3821b3e0c",0.000999999999976353
"pente_st","mode",18,"taux_erreur",0.459016393442623,"ok","",611,550,61,211110088,262856125,"e97e8c568e007f62a2826ad3821b3e0c",0.00100000000020373
"pente_st","mode",18,"accuracy",0.540983606557377,"ok","",611,550,61,211110088,262856125,"e97e8c568e007f62a2826ad3821b3e0c",0.00100000000020373
"pente_st","mode",18,"RMSE",0.677507485894158,"ok","",611,550,61,211110088,262856125,"e97e8c568e007f62a2826ad3821b3e0c",0.00100000000020373
"pente_st","mode",18,"MAE",0.459016393442623,"ok","",611,550,61,211110088,262856125,"e97e8c568e007f62a2826ad3821b3e0c",0.00100000000020373
"pente_st","RandomForest",18,"taux_erreur",0.344262295081967,"ok","",611,550,61,211110088,33516523,"e97e8c568e007f62a2826ad3821b3e0c",0.09699999999998
"pente_st","RandomForest",18,"accuracy",0.655737704918033,"ok","",611,550,61,211110088,33516523,"e97e8c568e007f62a2826ad3821b3e0c",0.09699999999998
"pente_st","RandomForest",18,"RMSE",0.62725004818718,"ok","",611,550,61,211110088,33516523,"e97e8c568e007f62a2826ad3821b3e0c",0.09699999999998
"pente_st","RandomForest",18,"MAE",0.360655737704918,"ok","",611,550,61,211110088,33516523,"e97e8c568e007f62a2826ad3821b3e0c",0.09699999999998
"pente_st","Knn",18,"taux_erreur",0.327868852459016,"ok","",611,550,61,211110088,59983490,"e97e8c568e007f62a2826ad3821b3e0c",0.0170000000000528
"pente_st","Knn",18,"accuracy",0.672131147540984,"ok","",611,550,61,211110088,59983490,"e97e8c568e007f62a2826ad3821b3e0c",0.0170000000000528
"pente_st","Knn",18,"RMSE",0.724285968340148,"ok","",611,550,61,211110088,59983490,"e97e8c568e007f62a2826ad3821b3e0c",0.0170000000000528
"pente_st","Knn",18,"MAE",0.39344262295082,"ok","",611,550,61,211110088,59983490,"e97e8c568e007f62a2826ad3821b3e0c",0.0170000000000528
"pente_st","ACP",18,"taux_erreur",0.426229508196721,"ok","",611,550,61,211110088,75693677,"e97e8c568e007f62a2826ad3821b3e0c",0.0209999999999582
"pente_st","ACP",18,"accuracy",0.573770491803279,"ok","",611,550,61,211110088,75693677,"e97e8c568e007f62a2826ad3821b3e0c",0.0209999999999582
"pente_st","ACP",18,"RMSE",0.789272335554801,"ok","",611,550,61,211110088,75693677,"e97e8c568e007f62a2826ad3821b3e0c",0.0209999999999582
"pente_st","ACP",18,"MAE",0.491803278688525,"ok","",611,550,61,211110088,75693677,"e97e8c568e007f62a2826ad3821b3e0c",0.0209999999999582
"pente_st","EM",18,"indisponible",NA,"non_applicable","non_applicable : EM gaussien pour cible quantitative seulement",611,550,61,211110088,61354336,"e97e8c568e007f62a2826ad3821b3e0c",0
"pente_st","AFDM",18,"taux_erreur",0.278688524590164,"ok","",611,550,61,211110088,113320530,"e97e8c568e007f62a2826ad3821b3e0c",0.0579999999999927
"pente_st","AFDM",18,"accuracy",0.721311475409836,"ok","",611,550,61,211110088,113320530,"e97e8c568e007f62a2826ad3821b3e0c",0.0579999999999927
"pente_st","AFDM",18,"RMSE",0.614043304928788,"ok","",611,550,61,211110088,113320530,"e97e8c568e007f62a2826ad3821b3e0c",0.0579999999999927
"pente_st","AFDM",18,"MAE",0.311475409836066,"ok","",611,550,61,211110088,113320530,"e97e8c568e007f62a2826ad3821b3e0c",0.0579999999999927
"pente_st","mice",18,"taux_erreur",0.377049180327869,"ok","",611,550,61,211110088,178187613,"e97e8c568e007f62a2826ad3821b3e0c",0.322000000000116
"pente_st","mice",18,"accuracy",0.622950819672131,"ok","",611,550,61,211110088,178187613,"e97e8c568e007f62a2826ad3821b3e0c",0.322000000000116
"pente_st","mice",18,"RMSE",0.689499699829937,"ok","",611,550,61,211110088,178187613,"e97e8c568e007f62a2826ad3821b3e0c",0.322000000000116
"pente_st","mice",18,"MAE",0.409836065573771,"ok","",611,550,61,211110088,178187613,"e97e8c568e007f62a2826ad3821b3e0c",0.322000000000116
"nb_vaisseaux","mean",18,"indisponible",NA,"non_applicable","non_applicable : moyenne pour cible quantitative seulement",309,279,30,209165009,171480335,"cb07b30f73b3b30a0a983622b2d5564c",0.000999999999976353
"nb_vaisseaux","median",18,"taux_erreur",0.7,"ok","",309,279,30,209165009,264248341,"cb07b30f73b3b30a0a983622b2d5564c",0.000999999999976353
"nb_vaisseaux","median",18,"accuracy",0.3,"ok","",309,279,30,209165009,264248341,"cb07b30f73b3b30a0a983622b2d5564c",0.000999999999976353
"nb_vaisseaux","median",18,"RMSE",1.60208197875972,"ok","",309,279,30,209165009,264248341,"cb07b30f73b3b30a0a983622b2d5564c",0.000999999999976353
"nb_vaisseaux","median",18,"MAE",1.23333333333333,"ok","",309,279,30,209165009,264248341,"cb07b30f73b3b30a0a983622b2d5564c",0.000999999999976353
"nb_vaisseaux","mode",18,"taux_erreur",0.7,"ok","",309,279,30,209165009,16970258,"cb07b30f73b3b30a0a983622b2d5564c",0.000999999999976353
"nb_vaisseaux","mode",18,"accuracy",0.3,"ok","",309,279,30,209165009,16970258,"cb07b30f73b3b30a0a983622b2d5564c",0.000999999999976353
"nb_vaisseaux","mode",18,"RMSE",1.60208197875972,"ok","",309,279,30,209165009,16970258,"cb07b30f73b3b30a0a983622b2d5564c",0.000999999999976353
"nb_vaisseaux","mode",18,"MAE",1.23333333333333,"ok","",309,279,30,209165009,16970258,"cb07b30f73b3b30a0a983622b2d5564c",0.000999999999976353
"nb_vaisseaux","RandomForest",18,"taux_erreur",0.633333333333333,"ok","",309,279,30,209165009,198306741,"cb07b30f73b3b30a0a983622b2d5564c",0.0579999999999927
"nb_vaisseaux","RandomForest",18,"accuracy",0.366666666666667,"ok","",309,279,30,209165009,198306741,"cb07b30f73b3b30a0a983622b2d5564c",0.0579999999999927
"nb_vaisseaux","RandomForest",18,"RMSE",1.54919333848297,"ok","",309,279,30,209165009,198306741,"cb07b30f73b3b30a0a983622b2d5564c",0.0579999999999927
"nb_vaisseaux","RandomForest",18,"MAE",1.13333333333333,"ok","",309,279,30,209165009,198306741,"cb07b30f73b3b30a0a983622b2d5564c",0.0579999999999927
"nb_vaisseaux","Knn",18,"taux_erreur",0.566666666666667,"ok","",309,279,30,209165009,151909349,"cb07b30f73b3b30a0a983622b2d5564c",0.012000000000171
"nb_vaisseaux","Knn",18,"accuracy",0.433333333333333,"ok","",309,279,30,209165009,151909349,"cb07b30f73b3b30a0a983622b2d5564c",0.012000000000171
"nb_vaisseaux","Knn",18,"RMSE",1.31656117720877,"ok","",309,279,30,209165009,151909349,"cb07b30f73b3b30a0a983622b2d5564c",0.012000000000171
"nb_vaisseaux","Knn",18,"MAE",0.933333333333333,"ok","",309,279,30,209165009,151909349,"cb07b30f73b3b30a0a983622b2d5564c",0.012000000000171
"nb_vaisseaux","ACP",18,"taux_erreur",0.7,"ok","",309,279,30,209165009,241398977,"cb07b30f73b3b30a0a983622b2d5564c",0.0149999999998727
"nb_vaisseaux","ACP",18,"accuracy",0.3,"ok","",309,279,30,209165009,241398977,"cb07b30f73b3b30a0a983622b2d5564c",0.0149999999998727
"nb_vaisseaux","ACP",18,"RMSE",1.60208197875972,"ok","",309,279,30,209165009,241398977,"cb07b30f73b3b30a0a983622b2d5564c",0.0149999999998727
"nb_vaisseaux","ACP",18,"MAE",1.23333333333333,"ok","",309,279,30,209165009,241398977,"cb07b30f73b3b30a0a983622b2d5564c",0.0149999999998727
"nb_vaisseaux","EM",18,"indisponible",NA,"non_applicable","non_applicable : EM gaussien pour cible quantitative seulement",309,279,30,209165009,234241133,"cb07b30f73b3b30a0a983622b2d5564c",0.000999999999976353
"nb_vaisseaux","AFDM",18,"taux_erreur",0.666666666666667,"ok","",309,279,30,209165009,222002492,"cb07b30f73b3b30a0a983622b2d5564c",0.0309999999999491
"nb_vaisseaux","AFDM",18,"accuracy",0.333333333333333,"ok","",309,279,30,209165009,222002492,"cb07b30f73b3b30a0a983622b2d5564c",0.0309999999999491
"nb_vaisseaux","AFDM",18,"RMSE",1.37840487520902,"ok","",309,279,30,209165009,222002492,"cb07b30f73b3b30a0a983622b2d5564c",0.0309999999999491
"nb_vaisseaux","AFDM",18,"MAE",1.03333333333333,"ok","",309,279,30,209165009,222002492,"cb07b30f73b3b30a0a983622b2d5564c",0.0309999999999491
"nb_vaisseaux","mice",18,"taux_erreur",0.533333333333333,"ok","",309,279,30,209165009,77217070,"cb07b30f73b3b30a0a983622b2d5564c",0.256000000000085
"nb_vaisseaux","mice",18,"accuracy",0.466666666666667,"ok","",309,279,30,209165009,77217070,"cb07b30f73b3b30a0a983622b2d5564c",0.256000000000085
"nb_vaisseaux","mice",18,"RMSE",1.58113883008419,"ok","",309,279,30,209165009,77217070,"cb07b30f73b3b30a0a983622b2d5564c",0.256000000000085
"nb_vaisseaux","mice",18,"MAE",1.1,"ok","",309,279,30,209165009,77217070,"cb07b30f73b3b30a0a983622b2d5564c",0.256000000000085
"test_thallium","mean",18,"indisponible",NA,"non_applicable","non_applicable : moyenne pour cible quantitative seulement",434,391,43,108469964,182786172,"d91b9b6246359b0a85f414c7c91cd1f0",0
"test_thallium","median",18,"indisponible",NA,"non_applicable","non_applicable : médiane sans sens pour cible nominale",434,391,43,108469964,122475899,"d91b9b6246359b0a85f414c7c91cd1f0",0
"test_thallium","mode",18,"taux_erreur",0.511627906976744,"ok","",434,391,43,108469964,9895704,"d91b9b6246359b0a85f414c7c91cd1f0",0.000999999999976353
"test_thallium","mode",18,"accuracy",0.488372093023256,"ok","",434,391,43,108469964,9895704,"d91b9b6246359b0a85f414c7c91cd1f0",0.000999999999976353
"test_thallium","RandomForest",18,"taux_erreur",0.372093023255814,"ok","",434,391,43,108469964,239407954,"d91b9b6246359b0a85f414c7c91cd1f0",0.0789999999999509
"test_thallium","RandomForest",18,"accuracy",0.627906976744186,"ok","",434,391,43,108469964,239407954,"d91b9b6246359b0a85f414c7c91cd1f0",0.0789999999999509
"test_thallium","Knn",18,"taux_erreur",0.441860465116279,"ok","",434,391,43,108469964,20552621,"d91b9b6246359b0a85f414c7c91cd1f0",0.0219999999999345
"test_thallium","Knn",18,"accuracy",0.558139534883721,"ok","",434,391,43,108469964,20552621,"d91b9b6246359b0a85f414c7c91cd1f0",0.0219999999999345
"test_thallium","ACP",18,"taux_erreur",0.348837209302326,"ok","",434,391,43,108469964,122662109,"d91b9b6246359b0a85f414c7c91cd1f0",0.0170000000000528
"test_thallium","ACP",18,"accuracy",0.651162790697674,"ok","",434,391,43,108469964,122662109,"d91b9b6246359b0a85f414c7c91cd1f0",0.0170000000000528
"test_thallium","EM",18,"indisponible",NA,"non_applicable","non_applicable : EM gaussien pour cible quantitative seulement",434,391,43,108469964,341609,"d91b9b6246359b0a85f414c7c91cd1f0",0
"test_thallium","AFDM",18,"taux_erreur",0.255813953488372,"ok","",434,391,43,108469964,210591589,"d91b9b6246359b0a85f414c7c91cd1f0",0.0329999999999018
"test_thallium","AFDM",18,"accuracy",0.744186046511628,"ok","",434,391,43,108469964,210591589,"d91b9b6246359b0a85f414c7c91cd1f0",0.0329999999999018
"test_thallium","mice",18,"taux_erreur",0.441860465116279,"ok","",434,391,43,108469964,178277257,"d91b9b6246359b0a85f414c7c91cd1f0",0.258999999999787
"test_thallium","mice",18,"accuracy",0.558139534883721,"ok","",434,391,43,108469964,178277257,"d91b9b6246359b0a85f414c7c91cd1f0",0.258999999999787
"pa_repos","mean",19,"RMSE",17.7605108611469,"ok","",860,774,86,14836389,60023998,"1e0407f7eedb4127a64565d6a2e705a6",0.000999999999976353
"pa_repos","mean",19,"MAE",13.2553632594195,"ok","",860,774,86,14836389,60023998,"1e0407f7eedb4127a64565d6a2e705a6",0.000999999999976353
"pa_repos","median",19,"RMSE",18.0821767572123,"ok","",860,774,86,14836389,912699,"1e0407f7eedb4127a64565d6a2e705a6",0
"pa_repos","median",19,"MAE",13.1976744186047,"ok","",860,774,86,14836389,912699,"1e0407f7eedb4127a64565d6a2e705a6",0
"pa_repos","mode",19,"RMSE",22.4175491887027,"ok","",860,774,86,14836389,127232320,"1e0407f7eedb4127a64565d6a2e705a6",0.000999999999976353
"pa_repos","mode",19,"MAE",16.8023255813953,"ok","",860,774,86,14836389,127232320,"1e0407f7eedb4127a64565d6a2e705a6",0.000999999999976353
"pa_repos","RandomForest",19,"RMSE",17.1924506343987,"ok","",860,774,86,14836389,112618105,"1e0407f7eedb4127a64565d6a2e705a6",0.141000000000076
"pa_repos","RandomForest",19,"MAE",13.1879233800858,"ok","",860,774,86,14836389,112618105,"1e0407f7eedb4127a64565d6a2e705a6",0.141000000000076
"pa_repos","Knn",19,"RMSE",18.6597190836055,"ok","",860,774,86,14836389,224563472,"1e0407f7eedb4127a64565d6a2e705a6",0.0289999999999964
"pa_repos","Knn",19,"MAE",15.2186046511628,"ok","",860,774,86,14836389,224563472,"1e0407f7eedb4127a64565d6a2e705a6",0.0289999999999964
"pa_repos","ACP",19,"RMSE",18.3711257248508,"ok","",860,774,86,14836389,22113844,"1e0407f7eedb4127a64565d6a2e705a6",0.0170000000000528
"pa_repos","ACP",19,"MAE",14.2292389770359,"ok","",860,774,86,14836389,22113844,"1e0407f7eedb4127a64565d6a2e705a6",0.0170000000000528
"pa_repos","EM",19,"RMSE",17.1225340736906,"ok","",860,774,86,14836389,185905652,"1e0407f7eedb4127a64565d6a2e705a6",0.288000000000011
"pa_repos","EM",19,"MAE",12.8422103774276,"ok","",860,774,86,14836389,185905652,"1e0407f7eedb4127a64565d6a2e705a6",0.288000000000011
"pa_repos","AFDM",19,"RMSE",16.9630428616462,"ok","",860,774,86,14836389,92902802,"1e0407f7eedb4127a64565d6a2e705a6",0.0380000000000109
"pa_repos","AFDM",19,"MAE",12.7138044402228,"ok","",860,774,86,14836389,92902802,"1e0407f7eedb4127a64565d6a2e705a6",0.0380000000000109
"pa_repos","mice",19,"RMSE",19.4169908812803,"ok","",860,774,86,14836389,111409601,"1e0407f7eedb4127a64565d6a2e705a6",0.0760000000000218
"pa_repos","mice",19,"MAE",15.1813953488372,"ok","",860,774,86,14836389,111409601,"1e0407f7eedb4127a64565d6a2e705a6",0.0760000000000218
"cholesterol","mean",19,"RMSE",53.4836550285161,"ok","",718,647,71,165789012,58567854,"2a8596d7d19d35e1f4c2eca60b297b4b",0.000999999999976353
"cholesterol","mean",19,"MAE",38.8395846485404,"ok","",718,647,71,165789012,58567854,"2a8596d7d19d35e1f4c2eca60b297b4b",0.000999999999976353
"cholesterol","median",19,"RMSE",54.3382727672121,"ok","",718,647,71,165789012,261021590,"2a8596d7d19d35e1f4c2eca60b297b4b",0
"cholesterol","median",19,"MAE",38.9014084507042,"ok","",718,647,71,165789012,261021590,"2a8596d7d19d35e1f4c2eca60b297b4b",0
"cholesterol","mode",19,"RMSE",69.7695401475054,"ok","",718,647,71,165789012,217841909,"2a8596d7d19d35e1f4c2eca60b297b4b",0.000999999999976353
"cholesterol","mode",19,"MAE",52.3239436619718,"ok","",718,647,71,165789012,217841909,"2a8596d7d19d35e1f4c2eca60b297b4b",0.000999999999976353
"cholesterol","RandomForest",19,"RMSE",54.1744259987601,"ok","",718,647,71,165789012,20978377,"2a8596d7d19d35e1f4c2eca60b297b4b",0.117999999999938
"cholesterol","RandomForest",19,"MAE",37.5588382107237,"ok","",718,647,71,165789012,20978377,"2a8596d7d19d35e1f4c2eca60b297b4b",0.117999999999938
"cholesterol","Knn",19,"RMSE",59.3433883973512,"ok","",718,647,71,165789012,142844022,"2a8596d7d19d35e1f4c2eca60b297b4b",0.0239999999998872
"cholesterol","Knn",19,"MAE",41.512676056338,"ok","",718,647,71,165789012,142844022,"2a8596d7d19d35e1f4c2eca60b297b4b",0.0239999999998872
"cholesterol","ACP",19,"RMSE",55.8592444788966,"ok","",718,647,71,165789012,260319042,"2a8596d7d19d35e1f4c2eca60b297b4b",0.0170000000000528
"cholesterol","ACP",19,"MAE",38.3907704819832,"ok","",718,647,71,165789012,260319042,"2a8596d7d19d35e1f4c2eca60b297b4b",0.0170000000000528
"cholesterol","EM",19,"RMSE",53.7274901519364,"ok","",718,647,71,165789012,265330530,"2a8596d7d19d35e1f4c2eca60b297b4b",0.0730000000000928
"cholesterol","EM",19,"MAE",39.2028880069471,"ok","",718,647,71,165789012,265330530,"2a8596d7d19d35e1f4c2eca60b297b4b",0.0730000000000928
"cholesterol","AFDM",19,"RMSE",53.1330662893756,"ok","",718,647,71,165789012,43314826,"2a8596d7d19d35e1f4c2eca60b297b4b",0.0480000000000018
"cholesterol","AFDM",19,"MAE",38.1115727515096,"ok","",718,647,71,165789012,43314826,"2a8596d7d19d35e1f4c2eca60b297b4b",0.0480000000000018
"cholesterol","mice",19,"RMSE",59.4123238507981,"ok","",718,647,71,165789012,168238979,"2a8596d7d19d35e1f4c2eca60b297b4b",0.0660000000000309
"cholesterol","mice",19,"MAE",43.3014084507042,"ok","",718,647,71,165789012,168238979,"2a8596d7d19d35e1f4c2eca60b297b4b",0.0660000000000309
"glyc_jeun_elevee","mean",19,"indisponible",NA,"non_applicable","non_applicable : moyenne pour cible quantitative seulement",830,747,83,246496922,161980847,"71c39a9ffba5caeb4fa95e714d98601f",0
"glyc_jeun_elevee","median",19,"indisponible",NA,"non_applicable","non_applicable : médiane sans sens pour cible nominale",830,747,83,246496922,92088927,"71c39a9ffba5caeb4fa95e714d98601f",0
"glyc_jeun_elevee","mode",19,"taux_erreur",0.168674698795181,"ok","",830,747,83,246496922,243759526,"71c39a9ffba5caeb4fa95e714d98601f",0.000999999999976353
"glyc_jeun_elevee","mode",19,"accuracy",0.831325301204819,"ok","",830,747,83,246496922,243759526,"71c39a9ffba5caeb4fa95e714d98601f",0.000999999999976353
"glyc_jeun_elevee","RandomForest",19,"taux_erreur",0.156626506024096,"ok","",830,747,83,246496922,33327242,"71c39a9ffba5caeb4fa95e714d98601f",0.113000000000056
"glyc_jeun_elevee","RandomForest",19,"accuracy",0.843373493975904,"ok","",830,747,83,246496922,33327242,"71c39a9ffba5caeb4fa95e714d98601f",0.113000000000056
"glyc_jeun_elevee","Knn",19,"taux_erreur",0.180722891566265,"ok","",830,747,83,246496922,178263784,"71c39a9ffba5caeb4fa95e714d98601f",0.0229999999999109
"glyc_jeun_elevee","Knn",19,"accuracy",0.819277108433735,"ok","",830,747,83,246496922,178263784,"71c39a9ffba5caeb4fa95e714d98601f",0.0229999999999109
"glyc_jeun_elevee","ACP",19,"taux_erreur",0.204819277108434,"ok","",830,747,83,246496922,174268419,"71c39a9ffba5caeb4fa95e714d98601f",0.0240000000001146
"glyc_jeun_elevee","ACP",19,"accuracy",0.795180722891566,"ok","",830,747,83,246496922,174268419,"71c39a9ffba5caeb4fa95e714d98601f",0.0240000000001146
"glyc_jeun_elevee","EM",19,"indisponible",NA,"non_applicable","non_applicable : EM gaussien pour cible quantitative seulement",830,747,83,246496922,19014681,"71c39a9ffba5caeb4fa95e714d98601f",0
"glyc_jeun_elevee","AFDM",19,"taux_erreur",0.168674698795181,"ok","",830,747,83,246496922,249301794,"71c39a9ffba5caeb4fa95e714d98601f",0.0440000000000964
"glyc_jeun_elevee","AFDM",19,"accuracy",0.831325301204819,"ok","",830,747,83,246496922,249301794,"71c39a9ffba5caeb4fa95e714d98601f",0.0440000000000964
"glyc_jeun_elevee","mice",19,"taux_erreur",0.156626506024096,"ok","",830,747,83,246496922,5729376,"71c39a9ffba5caeb4fa95e714d98601f",0.238000000000056
"glyc_jeun_elevee","mice",19,"accuracy",0.843373493975904,"ok","",830,747,83,246496922,5729376,"71c39a9ffba5caeb4fa95e714d98601f",0.238000000000056
"ecg_repos","mean",19,"indisponible",NA,"non_applicable","non_applicable : moyenne pour cible quantitative seulement",918,827,91,85829611,183128207,"c3550412e7cb06b5e46b3ff4b735dd43",0
"ecg_repos","median",19,"indisponible",NA,"non_applicable","non_applicable : médiane sans sens pour cible nominale",918,827,91,85829611,84985903,"c3550412e7cb06b5e46b3ff4b735dd43",0
"ecg_repos","mode",19,"taux_erreur",0.263736263736264,"ok","",918,827,91,85829611,188560263,"c3550412e7cb06b5e46b3ff4b735dd43",0.000999999999976353
"ecg_repos","mode",19,"accuracy",0.736263736263736,"ok","",918,827,91,85829611,188560263,"c3550412e7cb06b5e46b3ff4b735dd43",0.000999999999976353
"ecg_repos","RandomForest",19,"taux_erreur",0.32967032967033,"ok","",918,827,91,85829611,102922369,"c3550412e7cb06b5e46b3ff4b735dd43",0.164999999999964
"ecg_repos","RandomForest",19,"accuracy",0.67032967032967,"ok","",918,827,91,85829611,102922369,"c3550412e7cb06b5e46b3ff4b735dd43",0.164999999999964
"ecg_repos","Knn",19,"taux_erreur",0.32967032967033,"ok","",918,827,91,85829611,237847466,"c3550412e7cb06b5e46b3ff4b735dd43",0.0499999999999545
"ecg_repos","Knn",19,"accuracy",0.67032967032967,"ok","",918,827,91,85829611,237847466,"c3550412e7cb06b5e46b3ff4b735dd43",0.0499999999999545
"ecg_repos","ACP",19,"taux_erreur",0.340659340659341,"ok","",918,827,91,85829611,45997473,"c3550412e7cb06b5e46b3ff4b735dd43",0.0250000000000909
"ecg_repos","ACP",19,"accuracy",0.659340659340659,"ok","",918,827,91,85829611,45997473,"c3550412e7cb06b5e46b3ff4b735dd43",0.0250000000000909
"ecg_repos","EM",19,"indisponible",NA,"non_applicable","non_applicable : EM gaussien pour cible quantitative seulement",918,827,91,85829611,165661249,"c3550412e7cb06b5e46b3ff4b735dd43",0
"ecg_repos","AFDM",19,"taux_erreur",0.32967032967033,"ok","",918,827,91,85829611,231264148,"c3550412e7cb06b5e46b3ff4b735dd43",0.0660000000000309
"ecg_repos","AFDM",19,"accuracy",0.67032967032967,"ok","",918,827,91,85829611,231264148,"c3550412e7cb06b5e46b3ff4b735dd43",0.0660000000000309
"ecg_repos","mice",19,"taux_erreur",0.373626373626374,"ok","",918,827,91,85829611,94683900,"c3550412e7cb06b5e46b3ff4b735dd43",0.357999999999947
"ecg_repos","mice",19,"accuracy",0.626373626373626,"ok","",918,827,91,85829611,94683900,"c3550412e7cb06b5e46b3ff4b735dd43",0.357999999999947
"fc_max","mean",19,"RMSE",23.1256827823241,"ok","",865,779,86,205660210,237782376,"3e5785a3347f6d1162bba72b5cdb394a",0
"fc_max","mean",19,"MAE",18.953488372093,"ok","",865,779,86,205660210,237782376,"3e5785a3347f6d1162bba72b5cdb394a",0
"fc_max","median",19,"RMSE",23.2368992848033,"ok","",865,779,86,205660210,84643636,"3e5785a3347f6d1162bba72b5cdb394a",0
"fc_max","median",19,"MAE",18.953488372093,"ok","",865,779,86,205660210,84643636,"3e5785a3347f6d1162bba72b5cdb394a",0
"fc_max","mode",19,"RMSE",23.2368992848033,"ok","",865,779,86,205660210,49352605,"3e5785a3347f6d1162bba72b5cdb394a",0.000999999999976353
"fc_max","mode",19,"MAE",18.953488372093,"ok","",865,779,86,205660210,49352605,"3e5785a3347f6d1162bba72b5cdb394a",0.000999999999976353
"fc_max","RandomForest",19,"RMSE",18.8465831024858,"ok","",865,779,86,205660210,33448010,"3e5785a3347f6d1162bba72b5cdb394a",0.145999999999958
"fc_max","RandomForest",19,"MAE",15.1928807708848,"ok","",865,779,86,205660210,33448010,"3e5785a3347f6d1162bba72b5cdb394a",0.145999999999958
"fc_max","Knn",19,"RMSE",20.2790876360066,"ok","",865,779,86,205660210,97822886,"3e5785a3347f6d1162bba72b5cdb394a",0.0229999999999109
"fc_max","Knn",19,"MAE",16.0116279069767,"ok","",865,779,86,205660210,97822886,"3e5785a3347f6d1162bba72b5cdb394a",0.0229999999999109
"fc_max","ACP",19,"RMSE",36.9697778617856,"ok","",865,779,86,205660210,134160172,"3e5785a3347f6d1162bba72b5cdb394a",0.0190000000000055
"fc_max","ACP",19,"MAE",31.0413383239498,"ok","",865,779,86,205660210,134160172,"3e5785a3347f6d1162bba72b5cdb394a",0.0190000000000055
"fc_max","EM",19,"RMSE",23.3197832352957,"ok","",865,779,86,205660210,62017191,"3e5785a3347f6d1162bba72b5cdb394a",0.310999999999922
"fc_max","EM",19,"MAE",19.4616582035858,"ok","",865,779,86,205660210,62017191,"3e5785a3347f6d1162bba72b5cdb394a",0.310999999999922
"fc_max","AFDM",19,"RMSE",19.3041599468281,"ok","",865,779,86,205660210,236467679,"3e5785a3347f6d1162bba72b5cdb394a",0.0419999999999163
"fc_max","AFDM",19,"MAE",15.7572211599827,"ok","",865,779,86,205660210,236467679,"3e5785a3347f6d1162bba72b5cdb394a",0.0419999999999163
"fc_max","mice",19,"RMSE",21.0246256499594,"ok","",865,779,86,205660210,169852230,"3e5785a3347f6d1162bba72b5cdb394a",0.0869999999999891
"fc_max","mice",19,"MAE",17.3279069767442,"ok","",865,779,86,205660210,169852230,"3e5785a3347f6d1162bba72b5cdb394a",0.0869999999999891
"angine_effort","mean",19,"indisponible",NA,"non_applicable","non_applicable : moyenne pour cible quantitative seulement",865,779,86,119227859,158512582,"6b4b1e24082a150d13de14da6a05a902",0.000999999999976353
"angine_effort","median",19,"indisponible",NA,"non_applicable","non_applicable : médiane sans sens pour cible nominale",865,779,86,119227859,217958065,"6b4b1e24082a150d13de14da6a05a902",0
"angine_effort","mode",19,"taux_erreur",0.348837209302326,"ok","",865,779,86,119227859,141625910,"6b4b1e24082a150d13de14da6a05a902",0.000999999999976353
"angine_effort","mode",19,"accuracy",0.651162790697674,"ok","",865,779,86,119227859,141625910,"6b4b1e24082a150d13de14da6a05a902",0.000999999999976353
"angine_effort","RandomForest",19,"taux_erreur",0.186046511627907,"ok","",865,779,86,119227859,233083215,"6b4b1e24082a150d13de14da6a05a902",0.116999999999962
"angine_effort","RandomForest",19,"accuracy",0.813953488372093,"ok","",865,779,86,119227859,233083215,"6b4b1e24082a150d13de14da6a05a902",0.116999999999962
"angine_effort","Knn",19,"taux_erreur",0.302325581395349,"ok","",865,779,86,119227859,198171278,"6b4b1e24082a150d13de14da6a05a902",0.0380000000000109
"angine_effort","Knn",19,"accuracy",0.697674418604651,"ok","",865,779,86,119227859,198171278,"6b4b1e24082a150d13de14da6a05a902",0.0380000000000109
"angine_effort","ACP",19,"taux_erreur",0.395348837209302,"ok","",865,779,86,119227859,5770766,"6b4b1e24082a150d13de14da6a05a902",0.0249999999998636
"angine_effort","ACP",19,"accuracy",0.604651162790698,"ok","",865,779,86,119227859,5770766,"6b4b1e24082a150d13de14da6a05a902",0.0249999999998636
"angine_effort","EM",19,"indisponible",NA,"non_applicable","non_applicable : EM gaussien pour cible quantitative seulement",865,779,86,119227859,76075915,"6b4b1e24082a150d13de14da6a05a902",0
"angine_effort","AFDM",19,"taux_erreur",0.290697674418605,"ok","",865,779,86,119227859,61592848,"6b4b1e24082a150d13de14da6a05a902",0.0670000000000073
"angine_effort","AFDM",19,"accuracy",0.709302325581395,"ok","",865,779,86,119227859,61592848,"6b4b1e24082a150d13de14da6a05a902",0.0670000000000073
"angine_effort","mice",19,"taux_erreur",0.27906976744186,"ok","",865,779,86,119227859,80835311,"6b4b1e24082a150d13de14da6a05a902",0.482999999999947
"angine_effort","mice",19,"accuracy",0.720930232558139,"ok","",865,779,86,119227859,80835311,"6b4b1e24082a150d13de14da6a05a902",0.482999999999947
"depress_st","mean",19,"RMSE",1.13527115387551,"ok","",858,773,85,202864880,98264419,"ab61964d03a121d62f8a684b7dc24d1c",0
"depress_st","mean",19,"MAE",0.90939806711818,"ok","",858,773,85,202864880,98264419,"ab61964d03a121d62f8a684b7dc24d1c",0
"depress_st","median",19,"RMSE",1.14501477000492,"ok","",858,773,85,202864880,87242636,"ab61964d03a121d62f8a684b7dc24d1c",0.000999999999976353
"depress_st","median",19,"MAE",0.830588235294118,"ok","",858,773,85,202864880,87242636,"ab61964d03a121d62f8a684b7dc24d1c",0.000999999999976353
"depress_st","mode",19,"RMSE",1.33676519122492,"ok","",858,773,85,202864880,170688036,"ab61964d03a121d62f8a684b7dc24d1c",0.00100000000020373
"depress_st","mode",19,"MAE",0.787058823529412,"ok","",858,773,85,202864880,170688036,"ab61964d03a121d62f8a684b7dc24d1c",0.00100000000020373
"depress_st","RandomForest",19,"RMSE",0.909250414852644,"ok","",858,773,85,202864880,209584435,"ab61964d03a121d62f8a684b7dc24d1c",0.134000000000015
"depress_st","RandomForest",19,"MAE",0.663784840172073,"ok","",858,773,85,202864880,209584435,"ab61964d03a121d62f8a684b7dc24d1c",0.134000000000015
"depress_st","Knn",19,"RMSE",0.99812294421314,"ok","",858,773,85,202864880,28272886,"ab61964d03a121d62f8a684b7dc24d1c",0.0319999999999254
"depress_st","Knn",19,"MAE",0.717411764705882,"ok","",858,773,85,202864880,28272886,"ab61964d03a121d62f8a684b7dc24d1c",0.0319999999999254
"depress_st","ACP",19,"RMSE",1.46192265332289,"ok","",858,773,85,202864880,6128891,"ab61964d03a121d62f8a684b7dc24d1c",0.0289999999999964
"depress_st","ACP",19,"MAE",1.23046455225136,"ok","",858,773,85,202864880,6128891,"ab61964d03a121d62f8a684b7dc24d1c",0.0289999999999964
"depress_st","EM",19,"RMSE",1.07679148588539,"ok","",858,773,85,202864880,30493963,"ab61964d03a121d62f8a684b7dc24d1c",0.25
"depress_st","EM",19,"MAE",0.856202744462608,"ok","",858,773,85,202864880,30493963,"ab61964d03a121d62f8a684b7dc24d1c",0.25
"depress_st","AFDM",19,"RMSE",0.966563708457633,"ok","",858,773,85,202864880,247869443,"ab61964d03a121d62f8a684b7dc24d1c",0.0380000000000109
"depress_st","AFDM",19,"MAE",0.761908763961142,"ok","",858,773,85,202864880,247869443,"ab61964d03a121d62f8a684b7dc24d1c",0.0380000000000109
"depress_st","mice",19,"RMSE",1.04949735868289,"ok","",858,773,85,202864880,106726301,"ab61964d03a121d62f8a684b7dc24d1c",0.0769999999999982
"depress_st","mice",19,"MAE",0.756941176470588,"ok","",858,773,85,202864880,106726301,"ab61964d03a121d62f8a684b7dc24d1c",0.0769999999999982
"pente_st","mean",19,"indisponible",NA,"non_applicable","non_applicable : moyenne pour cible quantitative seulement",611,550,61,180112900,208402519,"d8baa8dfbac94e22d0cf37d7e945d6e7",0.000999999999976353
"pente_st","median",19,"taux_erreur",0.442622950819672,"ok","",611,550,61,180112900,3345122,"d8baa8dfbac94e22d0cf37d7e945d6e7",0
"pente_st","median",19,"accuracy",0.557377049180328,"ok","",611,550,61,180112900,3345122,"d8baa8dfbac94e22d0cf37d7e945d6e7",0
"pente_st","median",19,"RMSE",0.665299143859116,"ok","",611,550,61,180112900,3345122,"d8baa8dfbac94e22d0cf37d7e945d6e7",0
"pente_st","median",19,"MAE",0.442622950819672,"ok","",611,550,61,180112900,3345122,"d8baa8dfbac94e22d0cf37d7e945d6e7",0
"pente_st","mode",19,"taux_erreur",0.442622950819672,"ok","",611,550,61,180112900,162573751,"d8baa8dfbac94e22d0cf37d7e945d6e7",0.00999999999999091
"pente_st","mode",19,"accuracy",0.557377049180328,"ok","",611,550,61,180112900,162573751,"d8baa8dfbac94e22d0cf37d7e945d6e7",0.00999999999999091
"pente_st","mode",19,"RMSE",0.665299143859116,"ok","",611,550,61,180112900,162573751,"d8baa8dfbac94e22d0cf37d7e945d6e7",0.00999999999999091
"pente_st","mode",19,"MAE",0.442622950819672,"ok","",611,550,61,180112900,162573751,"d8baa8dfbac94e22d0cf37d7e945d6e7",0.00999999999999091
"pente_st","RandomForest",19,"taux_erreur",0.377049180327869,"ok","",611,550,61,180112900,9007825,"d8baa8dfbac94e22d0cf37d7e945d6e7",0.100000000000136
"pente_st","RandomForest",19,"accuracy",0.622950819672131,"ok","",611,550,61,180112900,9007825,"d8baa8dfbac94e22d0cf37d7e945d6e7",0.100000000000136
"pente_st","RandomForest",19,"RMSE",0.652862549237373,"ok","",611,550,61,180112900,9007825,"d8baa8dfbac94e22d0cf37d7e945d6e7",0.100000000000136
"pente_st","RandomForest",19,"MAE",0.39344262295082,"ok","",611,550,61,180112900,9007825,"d8baa8dfbac94e22d0cf37d7e945d6e7",0.100000000000136
"pente_st","Knn",19,"taux_erreur",0.409836065573771,"ok","",611,550,61,180112900,40210694,"d8baa8dfbac94e22d0cf37d7e945d6e7",0.0249999999998636
"pente_st","Knn",19,"accuracy",0.590163934426229,"ok","",611,550,61,180112900,40210694,"d8baa8dfbac94e22d0cf37d7e945d6e7",0.0249999999998636
"pente_st","Knn",19,"RMSE",0.7465768876548,"ok","",611,550,61,180112900,40210694,"d8baa8dfbac94e22d0cf37d7e945d6e7",0.0249999999998636
"pente_st","Knn",19,"MAE",0.459016393442623,"ok","",611,550,61,180112900,40210694,"d8baa8dfbac94e22d0cf37d7e945d6e7",0.0249999999998636
"pente_st","ACP",19,"taux_erreur",0.540983606557377,"ok","",611,550,61,180112900,232743444,"d8baa8dfbac94e22d0cf37d7e945d6e7",0.0190000000000055
"pente_st","ACP",19,"accuracy",0.459016393442623,"ok","",611,550,61,180112900,232743444,"d8baa8dfbac94e22d0cf37d7e945d6e7",0.0190000000000055
"pente_st","ACP",19,"RMSE",0.858897501470802,"ok","",611,550,61,180112900,232743444,"d8baa8dfbac94e22d0cf37d7e945d6e7",0.0190000000000055
"pente_st","ACP",19,"MAE",0.60655737704918,"ok","",611,550,61,180112900,232743444,"d8baa8dfbac94e22d0cf37d7e945d6e7",0.0190000000000055
"pente_st","EM",19,"indisponible",NA,"non_applicable","non_applicable : EM gaussien pour cible quantitative seulement",611,550,61,180112900,22414549,"d8baa8dfbac94e22d0cf37d7e945d6e7",0
"pente_st","AFDM",19,"taux_erreur",0.426229508196721,"ok","",611,550,61,180112900,250321499,"d8baa8dfbac94e22d0cf37d7e945d6e7",0.0419999999999163
"pente_st","AFDM",19,"accuracy",0.573770491803279,"ok","",611,550,61,180112900,250321499,"d8baa8dfbac94e22d0cf37d7e945d6e7",0.0419999999999163
"pente_st","AFDM",19,"RMSE",0.689499699829937,"ok","",611,550,61,180112900,250321499,"d8baa8dfbac94e22d0cf37d7e945d6e7",0.0419999999999163
"pente_st","AFDM",19,"MAE",0.442622950819672,"ok","",611,550,61,180112900,250321499,"d8baa8dfbac94e22d0cf37d7e945d6e7",0.0419999999999163
"pente_st","mice",19,"taux_erreur",0.409836065573771,"ok","",611,550,61,180112900,85774609,"d8baa8dfbac94e22d0cf37d7e945d6e7",0.323000000000093
"pente_st","mice",19,"accuracy",0.590163934426229,"ok","",611,550,61,180112900,85774609,"d8baa8dfbac94e22d0cf37d7e945d6e7",0.323000000000093
"pente_st","mice",19,"RMSE",0.7465768876548,"ok","",611,550,61,180112900,85774609,"d8baa8dfbac94e22d0cf37d7e945d6e7",0.323000000000093
"pente_st","mice",19,"MAE",0.459016393442623,"ok","",611,550,61,180112900,85774609,"d8baa8dfbac94e22d0cf37d7e945d6e7",0.323000000000093
"nb_vaisseaux","mean",19,"indisponible",NA,"non_applicable","non_applicable : moyenne pour cible quantitative seulement",309,279,30,232811773,160601399,"2dbaebfe10b027acffb3a17e7d7a92ea",0
"nb_vaisseaux","median",19,"taux_erreur",0.566666666666667,"ok","",309,279,30,232811773,74614957,"2dbaebfe10b027acffb3a17e7d7a92ea",0.000999999999976353
"nb_vaisseaux","median",19,"accuracy",0.433333333333333,"ok","",309,279,30,232811773,74614957,"2dbaebfe10b027acffb3a17e7d7a92ea",0.000999999999976353
"nb_vaisseaux","median",19,"RMSE",1.36626010212795,"ok","",309,279,30,232811773,74614957,"2dbaebfe10b027acffb3a17e7d7a92ea",0.000999999999976353
"nb_vaisseaux","median",19,"MAE",0.933333333333333,"ok","",309,279,30,232811773,74614957,"2dbaebfe10b027acffb3a17e7d7a92ea",0.000999999999976353
"nb_vaisseaux","mode",19,"taux_erreur",0.566666666666667,"ok","",309,279,30,232811773,248759083,"2dbaebfe10b027acffb3a17e7d7a92ea",0
"nb_vaisseaux","mode",19,"accuracy",0.433333333333333,"ok","",309,279,30,232811773,248759083,"2dbaebfe10b027acffb3a17e7d7a92ea",0
"nb_vaisseaux","mode",19,"RMSE",1.36626010212795,"ok","",309,279,30,232811773,248759083,"2dbaebfe10b027acffb3a17e7d7a92ea",0
"nb_vaisseaux","mode",19,"MAE",0.933333333333333,"ok","",309,279,30,232811773,248759083,"2dbaebfe10b027acffb3a17e7d7a92ea",0
"nb_vaisseaux","RandomForest",19,"taux_erreur",0.533333333333333,"ok","",309,279,30,232811773,118952020,"2dbaebfe10b027acffb3a17e7d7a92ea",0.0659999999998035
"nb_vaisseaux","RandomForest",19,"accuracy",0.466666666666667,"ok","",309,279,30,232811773,118952020,"2dbaebfe10b027acffb3a17e7d7a92ea",0.0659999999998035
"nb_vaisseaux","RandomForest",19,"RMSE",1.211060141639,"ok","",309,279,30,232811773,118952020,"2dbaebfe10b027acffb3a17e7d7a92ea",0.0659999999998035
"nb_vaisseaux","RandomForest",19,"MAE",0.8,"ok","",309,279,30,232811773,118952020,"2dbaebfe10b027acffb3a17e7d7a92ea",0.0659999999998035
"nb_vaisseaux","Knn",19,"taux_erreur",0.5,"ok","",309,279,30,232811773,240861012,"2dbaebfe10b027acffb3a17e7d7a92ea",0.0119999999999436
"nb_vaisseaux","Knn",19,"accuracy",0.5,"ok","",309,279,30,232811773,240861012,"2dbaebfe10b027acffb3a17e7d7a92ea",0.0119999999999436
"nb_vaisseaux","Knn",19,"RMSE",1.15470053837925,"ok","",309,279,30,232811773,240861012,"2dbaebfe10b027acffb3a17e7d7a92ea",0.0119999999999436
"nb_vaisseaux","Knn",19,"MAE",0.733333333333333,"ok","",309,279,30,232811773,240861012,"2dbaebfe10b027acffb3a17e7d7a92ea",0.0119999999999436
"nb_vaisseaux","ACP",19,"taux_erreur",0.566666666666667,"ok","",309,279,30,232811773,221041217,"2dbaebfe10b027acffb3a17e7d7a92ea",0.0149999999998727
"nb_vaisseaux","ACP",19,"accuracy",0.433333333333333,"ok","",309,279,30,232811773,221041217,"2dbaebfe10b027acffb3a17e7d7a92ea",0.0149999999998727
"nb_vaisseaux","ACP",19,"RMSE",1.36626010212795,"ok","",309,279,30,232811773,221041217,"2dbaebfe10b027acffb3a17e7d7a92ea",0.0149999999998727
"nb_vaisseaux","ACP",19,"MAE",0.933333333333333,"ok","",309,279,30,232811773,221041217,"2dbaebfe10b027acffb3a17e7d7a92ea",0.0149999999998727
"nb_vaisseaux","EM",19,"indisponible",NA,"non_applicable","non_applicable : EM gaussien pour cible quantitative seulement",309,279,30,232811773,77572091,"2dbaebfe10b027acffb3a17e7d7a92ea",0.00100000000020373
"nb_vaisseaux","AFDM",19,"taux_erreur",0.533333333333333,"ok","",309,279,30,232811773,163438200,"2dbaebfe10b027acffb3a17e7d7a92ea",0.0299999999999727
"nb_vaisseaux","AFDM",19,"accuracy",0.466666666666667,"ok","",309,279,30,232811773,163438200,"2dbaebfe10b027acffb3a17e7d7a92ea",0.0299999999999727
"nb_vaisseaux","AFDM",19,"RMSE",1.27801930084539,"ok","",309,279,30,232811773,163438200,"2dbaebfe10b027acffb3a17e7d7a92ea",0.0299999999999727
"nb_vaisseaux","AFDM",19,"MAE",0.833333333333333,"ok","",309,279,30,232811773,163438200,"2dbaebfe10b027acffb3a17e7d7a92ea",0.0299999999999727
"nb_vaisseaux","mice",19,"taux_erreur",0.4,"ok","",309,279,30,232811773,169089137,"2dbaebfe10b027acffb3a17e7d7a92ea",0.231999999999971
"nb_vaisseaux","mice",19,"accuracy",0.6,"ok","",309,279,30,232811773,169089137,"2dbaebfe10b027acffb3a17e7d7a92ea",0.231999999999971
"nb_vaisseaux","mice",19,"RMSE",1.14017542509914,"ok","",309,279,30,232811773,169089137,"2dbaebfe10b027acffb3a17e7d7a92ea",0.231999999999971
"nb_vaisseaux","mice",19,"MAE",0.633333333333333,"ok","",309,279,30,232811773,169089137,"2dbaebfe10b027acffb3a17e7d7a92ea",0.231999999999971
"test_thallium","mean",19,"indisponible",NA,"non_applicable","non_applicable : moyenne pour cible quantitative seulement",434,391,43,226713243,249281414,"b0f50df5f52e5d7f13050f392366591b",0.000999999999976353
"test_thallium","median",19,"indisponible",NA,"non_applicable","non_applicable : médiane sans sens pour cible nominale",434,391,43,226713243,130593698,"b0f50df5f52e5d7f13050f392366591b",0
"test_thallium","mode",19,"taux_erreur",0.674418604651163,"ok","",434,391,43,226713243,44552637,"b0f50df5f52e5d7f13050f392366591b",0
"test_thallium","mode",19,"accuracy",0.325581395348837,"ok","",434,391,43,226713243,44552637,"b0f50df5f52e5d7f13050f392366591b",0
"test_thallium","RandomForest",19,"taux_erreur",0.348837209302326,"ok","",434,391,43,226713243,222083684,"b0f50df5f52e5d7f13050f392366591b",0.0930000000000746
"test_thallium","RandomForest",19,"accuracy",0.651162790697674,"ok","",434,391,43,226713243,222083684,"b0f50df5f52e5d7f13050f392366591b",0.0930000000000746
"test_thallium","Knn",19,"taux_erreur",0.27906976744186,"ok","",434,391,43,226713243,88544399,"b0f50df5f52e5d7f13050f392366591b",0.0199999999999818
"test_thallium","Knn",19,"accuracy",0.720930232558139,"ok","",434,391,43,226713243,88544399,"b0f50df5f52e5d7f13050f392366591b",0.0199999999999818
"test_thallium","ACP",19,"taux_erreur",0.325581395348837,"ok","",434,391,43,226713243,143381213,"b0f50df5f52e5d7f13050f392366591b",0.0180000000000291
"test_thallium","ACP",19,"accuracy",0.674418604651163,"ok","",434,391,43,226713243,143381213,"b0f50df5f52e5d7f13050f392366591b",0.0180000000000291
"test_thallium","EM",19,"indisponible",NA,"non_applicable","non_applicable : EM gaussien pour cible quantitative seulement",434,391,43,226713243,12841065,"b0f50df5f52e5d7f13050f392366591b",0
"test_thallium","AFDM",19,"taux_erreur",0.348837209302326,"ok","",434,391,43,226713243,78877184,"b0f50df5f52e5d7f13050f392366591b",0.0330000000001291
"test_thallium","AFDM",19,"accuracy",0.651162790697674,"ok","",434,391,43,226713243,78877184,"b0f50df5f52e5d7f13050f392366591b",0.0330000000001291
"test_thallium","mice",19,"taux_erreur",0.325581395348837,"ok","",434,391,43,226713243,218900706,"b0f50df5f52e5d7f13050f392366591b",0.243999999999915
"test_thallium","mice",19,"accuracy",0.674418604651163,"ok","",434,391,43,226713243,218900706,"b0f50df5f52e5d7f13050f392366591b",0.243999999999915
"pa_repos","mean",20,"RMSE",17.5897970182645,"ok","",860,774,86,39073131,216172895,"e92ea524039a22fb5cc75d65e1ba0d8f",0
"pa_repos","mean",20,"MAE",14.1683192115858,"ok","",860,774,86,39073131,216172895,"e92ea524039a22fb5cc75d65e1ba0d8f",0
"pa_repos","median",20,"RMSE",17.6737224465102,"ok","",860,774,86,39073131,164941520,"e92ea524039a22fb5cc75d65e1ba0d8f",0
"pa_repos","median",20,"MAE",13.5697674418605,"ok","",860,774,86,39073131,164941520,"e92ea524039a22fb5cc75d65e1ba0d8f",0
"pa_repos","mode",20,"RMSE",21.1756222280288,"ok","",860,774,86,39073131,55312441,"e92ea524039a22fb5cc75d65e1ba0d8f",0.000999999999976353
"pa_repos","mode",20,"MAE",14.5,"ok","",860,774,86,39073131,55312441,"e92ea524039a22fb5cc75d65e1ba0d8f",0.000999999999976353
"pa_repos","RandomForest",20,"RMSE",16.6712434029862,"ok","",860,774,86,39073131,178796568,"e92ea524039a22fb5cc75d65e1ba0d8f",0.138999999999896
"pa_repos","RandomForest",20,"MAE",13.7110684731614,"ok","",860,774,86,39073131,178796568,"e92ea524039a22fb5cc75d65e1ba0d8f",0.138999999999896
"pa_repos","Knn",20,"RMSE",18.3771091180001,"ok","",860,774,86,39073131,211254242,"e92ea524039a22fb5cc75d65e1ba0d8f",0.0160000000000764
"pa_repos","Knn",20,"MAE",14.553488372093,"ok","",860,774,86,39073131,211254242,"e92ea524039a22fb5cc75d65e1ba0d8f",0.0160000000000764
"pa_repos","ACP",20,"RMSE",20.1203715001457,"ok","",860,774,86,39073131,262162370,"e92ea524039a22fb5cc75d65e1ba0d8f",0.0170000000000528
"pa_repos","ACP",20,"MAE",15.0962791795562,"ok","",860,774,86,39073131,262162370,"e92ea524039a22fb5cc75d65e1ba0d8f",0.0170000000000528
"pa_repos","EM",20,"RMSE",16.8436134323783,"ok","",860,774,86,39073131,99580257,"e92ea524039a22fb5cc75d65e1ba0d8f",0.282999999999902
"pa_repos","EM",20,"MAE",13.5219218766419,"ok","",860,774,86,39073131,99580257,"e92ea524039a22fb5cc75d65e1ba0d8f",0.282999999999902
"pa_repos","AFDM",20,"RMSE",17.0097588619506,"ok","",860,774,86,39073131,108243917,"e92ea524039a22fb5cc75d65e1ba0d8f",0.0570000000000164
"pa_repos","AFDM",20,"MAE",13.4427919905076,"ok","",860,774,86,39073131,108243917,"e92ea524039a22fb5cc75d65e1ba0d8f",0.0570000000000164
"pa_repos","mice",20,"RMSE",19.0388953167909,"ok","",860,774,86,39073131,155496711,"e92ea524039a22fb5cc75d65e1ba0d8f",0.0660000000000309
"pa_repos","mice",20,"MAE",15.4627906976744,"ok","",860,774,86,39073131,155496711,"e92ea524039a22fb5cc75d65e1ba0d8f",0.0660000000000309
"cholesterol","mean",20,"RMSE",51.4605782448837,"ok","",718,647,71,100488567,175953719,"75f1235ca0a2a02034166ad4679f921b",0
"cholesterol","mean",20,"MAE",43.3998737401223,"ok","",718,647,71,100488567,175953719,"75f1235ca0a2a02034166ad4679f921b",0
"cholesterol","median",20,"RMSE",51.223756592392,"ok","",718,647,71,100488567,228417809,"75f1235ca0a2a02034166ad4679f921b",0
"cholesterol","median",20,"MAE",43.3943661971831,"ok","",718,647,71,100488567,228417809,"75f1235ca0a2a02034166ad4679f921b",0
"cholesterol","mode",20,"RMSE",63.5698573269075,"ok","",718,647,71,100488567,81685715,"75f1235ca0a2a02034166ad4679f921b",0.000999999999976353
"cholesterol","mode",20,"MAE",51.3521126760563,"ok","",718,647,71,100488567,81685715,"75f1235ca0a2a02034166ad4679f921b",0.000999999999976353
"cholesterol","RandomForest",20,"RMSE",54.3032184133183,"ok","",718,647,71,100488567,168640123,"75f1235ca0a2a02034166ad4679f921b",0.125999999999976
"cholesterol","RandomForest",20,"MAE",44.5967591471988,"ok","",718,647,71,100488567,168640123,"75f1235ca0a2a02034166ad4679f921b",0.125999999999976
"cholesterol","Knn",20,"RMSE",54.0973197117935,"ok","",718,647,71,100488567,66796308,"75f1235ca0a2a02034166ad4679f921b",0.0209999999999582
"cholesterol","Knn",20,"MAE",44.6450704225352,"ok","",718,647,71,100488567,66796308,"75f1235ca0a2a02034166ad4679f921b",0.0209999999999582
"cholesterol","ACP",20,"RMSE",51.3325400682477,"ok","",718,647,71,100488567,212754401,"75f1235ca0a2a02034166ad4679f921b",0.0209999999999582
"cholesterol","ACP",20,"MAE",41.1483362435939,"ok","",718,647,71,100488567,212754401,"75f1235ca0a2a02034166ad4679f921b",0.0209999999999582
"cholesterol","EM",20,"RMSE",51.530844457212,"ok","",718,647,71,100488567,171505284,"75f1235ca0a2a02034166ad4679f921b",0.0910000000001219
"cholesterol","EM",20,"MAE",42.8393453264808,"ok","",718,647,71,100488567,171505284,"75f1235ca0a2a02034166ad4679f921b",0.0910000000001219
"cholesterol","AFDM",20,"RMSE",51.9686913569313,"ok","",718,647,71,100488567,109968240,"75f1235ca0a2a02034166ad4679f921b",0.0380000000000109
"cholesterol","AFDM",20,"MAE",43.5709073089279,"ok","",718,647,71,100488567,109968240,"75f1235ca0a2a02034166ad4679f921b",0.0380000000000109
"cholesterol","mice",20,"RMSE",60.5099037406624,"ok","Number of logged events: 5 | mice : événements d'ajustement, voir contrôle des prédicteurs",718,647,71,100488567,182090955,"75f1235ca0a2a02034166ad4679f921b",0.0760000000000218
"cholesterol","mice",20,"MAE",47.6591549295775,"ok","Number of logged events: 5 | mice : événements d'ajustement, voir contrôle des prédicteurs",718,647,71,100488567,182090955,"75f1235ca0a2a02034166ad4679f921b",0.0760000000000218
"glyc_jeun_elevee","mean",20,"indisponible",NA,"non_applicable","non_applicable : moyenne pour cible quantitative seulement",830,747,83,219224384,163834643,"1328863cfeb0a9e1c55983cf13c7ab20",0
"glyc_jeun_elevee","median",20,"indisponible",NA,"non_applicable","non_applicable : médiane sans sens pour cible nominale",830,747,83,219224384,86132652,"1328863cfeb0a9e1c55983cf13c7ab20",0
"glyc_jeun_elevee","mode",20,"taux_erreur",0.156626506024096,"ok","",830,747,83,219224384,101382389,"1328863cfeb0a9e1c55983cf13c7ab20",0
"glyc_jeun_elevee","mode",20,"accuracy",0.843373493975904,"ok","",830,747,83,219224384,101382389,"1328863cfeb0a9e1c55983cf13c7ab20",0
"glyc_jeun_elevee","RandomForest",20,"taux_erreur",0.192771084337349,"ok","",830,747,83,219224384,18307719,"1328863cfeb0a9e1c55983cf13c7ab20",0.111000000000104
"glyc_jeun_elevee","RandomForest",20,"accuracy",0.807228915662651,"ok","",830,747,83,219224384,18307719,"1328863cfeb0a9e1c55983cf13c7ab20",0.111000000000104
"glyc_jeun_elevee","Knn",20,"taux_erreur",0.192771084337349,"ok","",830,747,83,219224384,12593504,"1328863cfeb0a9e1c55983cf13c7ab20",0.0380000000000109
"glyc_jeun_elevee","Knn",20,"accuracy",0.807228915662651,"ok","",830,747,83,219224384,12593504,"1328863cfeb0a9e1c55983cf13c7ab20",0.0380000000000109
"glyc_jeun_elevee","ACP",20,"taux_erreur",0.228915662650602,"ok","",830,747,83,219224384,48202642,"1328863cfeb0a9e1c55983cf13c7ab20",0.0219999999999345
"glyc_jeun_elevee","ACP",20,"accuracy",0.771084337349398,"ok","",830,747,83,219224384,48202642,"1328863cfeb0a9e1c55983cf13c7ab20",0.0219999999999345
"glyc_jeun_elevee","EM",20,"indisponible",NA,"non_applicable","non_applicable : EM gaussien pour cible quantitative seulement",830,747,83,219224384,113090344,"1328863cfeb0a9e1c55983cf13c7ab20",0
"glyc_jeun_elevee","AFDM",20,"taux_erreur",0.192771084337349,"ok","",830,747,83,219224384,143529580,"1328863cfeb0a9e1c55983cf13c7ab20",0.04099999999994
"glyc_jeun_elevee","AFDM",20,"accuracy",0.807228915662651,"ok","",830,747,83,219224384,143529580,"1328863cfeb0a9e1c55983cf13c7ab20",0.04099999999994
"glyc_jeun_elevee","mice",20,"taux_erreur",0.216867469879518,"ok","",830,747,83,219224384,155391108,"1328863cfeb0a9e1c55983cf13c7ab20",0.232999999999947
"glyc_jeun_elevee","mice",20,"accuracy",0.783132530120482,"ok","",830,747,83,219224384,155391108,"1328863cfeb0a9e1c55983cf13c7ab20",0.232999999999947
"ecg_repos","mean",20,"indisponible",NA,"non_applicable","non_applicable : moyenne pour cible quantitative seulement",918,827,91,32001614,131022434,"d799900173b49bdffb0dea7e13d6bc90",0
"ecg_repos","median",20,"indisponible",NA,"non_applicable","non_applicable : médiane sans sens pour cible nominale",918,827,91,32001614,140251354,"d799900173b49bdffb0dea7e13d6bc90",0
"ecg_repos","mode",20,"taux_erreur",0.43956043956044,"ok","",918,827,91,32001614,113046054,"d799900173b49bdffb0dea7e13d6bc90",0.000999999999976353
"ecg_repos","mode",20,"accuracy",0.56043956043956,"ok","",918,827,91,32001614,113046054,"d799900173b49bdffb0dea7e13d6bc90",0.000999999999976353
"ecg_repos","RandomForest",20,"taux_erreur",0.340659340659341,"ok","",918,827,91,32001614,264012114,"d799900173b49bdffb0dea7e13d6bc90",0.145999999999958
"ecg_repos","RandomForest",20,"accuracy",0.659340659340659,"ok","",918,827,91,32001614,264012114,"d799900173b49bdffb0dea7e13d6bc90",0.145999999999958
"ecg_repos","Knn",20,"taux_erreur",0.505494505494505,"ok","",918,827,91,32001614,56267322,"d799900173b49bdffb0dea7e13d6bc90",0.0509999999999309
"ecg_repos","Knn",20,"accuracy",0.494505494505495,"ok","",918,827,91,32001614,56267322,"d799900173b49bdffb0dea7e13d6bc90",0.0509999999999309
"ecg_repos","ACP",20,"taux_erreur",0.428571428571429,"ok","",918,827,91,32001614,183219930,"d799900173b49bdffb0dea7e13d6bc90",0.0350000000000819
"ecg_repos","ACP",20,"accuracy",0.571428571428571,"ok","",918,827,91,32001614,183219930,"d799900173b49bdffb0dea7e13d6bc90",0.0350000000000819
"ecg_repos","EM",20,"indisponible",NA,"non_applicable","non_applicable : EM gaussien pour cible quantitative seulement",918,827,91,32001614,217119482,"d799900173b49bdffb0dea7e13d6bc90",0
"ecg_repos","AFDM",20,"taux_erreur",0.395604395604396,"ok","",918,827,91,32001614,114398629,"d799900173b49bdffb0dea7e13d6bc90",0.0579999999999927
"ecg_repos","AFDM",20,"accuracy",0.604395604395604,"ok","",918,827,91,32001614,114398629,"d799900173b49bdffb0dea7e13d6bc90",0.0579999999999927
"ecg_repos","mice",20,"taux_erreur",0.417582417582418,"ok","",918,827,91,32001614,265415412,"d799900173b49bdffb0dea7e13d6bc90",0.367999999999938
"ecg_repos","mice",20,"accuracy",0.582417582417582,"ok","",918,827,91,32001614,265415412,"d799900173b49bdffb0dea7e13d6bc90",0.367999999999938
"fc_max","mean",20,"RMSE",26.4971074066089,"ok","",865,779,86,42227143,94161035,"06da53e1c77bbab3e0471a098990300f",0
"fc_max","mean",20,"MAE",21.9722213929606,"ok","",865,779,86,42227143,94161035,"06da53e1c77bbab3e0471a098990300f",0
"fc_max","median",20,"RMSE",26.726652493127,"ok","",865,779,86,42227143,257579038,"06da53e1c77bbab3e0471a098990300f",0
"fc_max","median",20,"MAE",22.1279069767442,"ok","",865,779,86,42227143,257579038,"06da53e1c77bbab3e0471a098990300f",0
"fc_max","mode",20,"RMSE",26.726652493127,"ok","",865,779,86,42227143,119469708,"06da53e1c77bbab3e0471a098990300f",0.000999999999976353
"fc_max","mode",20,"MAE",22.1279069767442,"ok","",865,779,86,42227143,119469708,"06da53e1c77bbab3e0471a098990300f",0.000999999999976353
"fc_max","RandomForest",20,"RMSE",22.0356756401943,"ok","",865,779,86,42227143,250325066,"06da53e1c77bbab3e0471a098990300f",0.13799999999992
"fc_max","RandomForest",20,"MAE",17.9505140593478,"ok","",865,779,86,42227143,250325066,"06da53e1c77bbab3e0471a098990300f",0.13799999999992
"fc_max","Knn",20,"RMSE",24.2596420533803,"ok","",865,779,86,42227143,35144823,"06da53e1c77bbab3e0471a098990300f",0.0289999999999964
"fc_max","Knn",20,"MAE",19.8372093023256,"ok","",865,779,86,42227143,35144823,"06da53e1c77bbab3e0471a098990300f",0.0289999999999964
"fc_max","ACP",20,"RMSE",42.7858759742114,"ok","",865,779,86,42227143,233317727,"06da53e1c77bbab3e0471a098990300f",0.0169999999998254
"fc_max","ACP",20,"MAE",36.3837885670503,"ok","",865,779,86,42227143,233317727,"06da53e1c77bbab3e0471a098990300f",0.0169999999998254
"fc_max","EM",20,"RMSE",23.512511294962,"ok","",865,779,86,42227143,200721551,"06da53e1c77bbab3e0471a098990300f",0.269999999999982
"fc_max","EM",20,"MAE",19.6378041330319,"ok","",865,779,86,42227143,200721551,"06da53e1c77bbab3e0471a098990300f",0.269999999999982
"fc_max","AFDM",20,"RMSE",22.6595894610393,"ok","",865,779,86,42227143,52090491,"06da53e1c77bbab3e0471a098990300f",0.0359999999998308
"fc_max","AFDM",20,"MAE",18.4350553498589,"ok","",865,779,86,42227143,52090491,"06da53e1c77bbab3e0471a098990300f",0.0359999999998308
"fc_max","mice",20,"RMSE",23.9160352940458,"ok","",865,779,86,42227143,169701535,"06da53e1c77bbab3e0471a098990300f",0.0750000000000455
"fc_max","mice",20,"MAE",19.3162790697674,"ok","",865,779,86,42227143,169701535,"06da53e1c77bbab3e0471a098990300f",0.0750000000000455
"angine_effort","mean",20,"indisponible",NA,"non_applicable","non_applicable : moyenne pour cible quantitative seulement",865,779,86,59305443,86949505,"1551ead985a5db4272fc914b77f6d42f",0.000999999999976353
"angine_effort","median",20,"indisponible",NA,"non_applicable","non_applicable : médiane sans sens pour cible nominale",865,779,86,59305443,47549827,"1551ead985a5db4272fc914b77f6d42f",0.000999999999976353
"angine_effort","mode",20,"taux_erreur",0.406976744186047,"ok","",865,779,86,59305443,122108064,"1551ead985a5db4272fc914b77f6d42f",0.000999999999976353
"angine_effort","mode",20,"accuracy",0.593023255813953,"ok","",865,779,86,59305443,122108064,"1551ead985a5db4272fc914b77f6d42f",0.000999999999976353
"angine_effort","RandomForest",20,"taux_erreur",0.197674418604651,"ok","",865,779,86,59305443,46098355,"1551ead985a5db4272fc914b77f6d42f",0.0999999999999091
"angine_effort","RandomForest",20,"accuracy",0.802325581395349,"ok","",865,779,86,59305443,46098355,"1551ead985a5db4272fc914b77f6d42f",0.0999999999999091
"angine_effort","Knn",20,"taux_erreur",0.22093023255814,"ok","",865,779,86,59305443,38349369,"1551ead985a5db4272fc914b77f6d42f",0.0229999999999109
"angine_effort","Knn",20,"accuracy",0.779069767441861,"ok","",865,779,86,59305443,38349369,"1551ead985a5db4272fc914b77f6d42f",0.0229999999999109
"angine_effort","ACP",20,"taux_erreur",0.36046511627907,"ok","",865,779,86,59305443,10318347,"1551ead985a5db4272fc914b77f6d42f",0.0199999999999818
"angine_effort","ACP",20,"accuracy",0.63953488372093,"ok","",865,779,86,59305443,10318347,"1551ead985a5db4272fc914b77f6d42f",0.0199999999999818
"angine_effort","EM",20,"indisponible",NA,"non_applicable","non_applicable : EM gaussien pour cible quantitative seulement",865,779,86,59305443,210616173,"1551ead985a5db4272fc914b77f6d42f",0.000999999999976353
"angine_effort","AFDM",20,"taux_erreur",0.255813953488372,"ok","",865,779,86,59305443,164195097,"1551ead985a5db4272fc914b77f6d42f",0.0640000000000782
"angine_effort","AFDM",20,"accuracy",0.744186046511628,"ok","",865,779,86,59305443,164195097,"1551ead985a5db4272fc914b77f6d42f",0.0640000000000782
"angine_effort","mice",20,"taux_erreur",0.22093023255814,"ok","",865,779,86,59305443,117474870,"1551ead985a5db4272fc914b77f6d42f",0.220000000000027
"angine_effort","mice",20,"accuracy",0.779069767441861,"ok","",865,779,86,59305443,117474870,"1551ead985a5db4272fc914b77f6d42f",0.220000000000027
"depress_st","mean",20,"RMSE",1.23756848552016,"ok","",858,773,85,208346160,32523304,"601c8dfaea055dcca49de020bb729548",0
"depress_st","mean",20,"MAE",1.01980671181797,"ok","",858,773,85,208346160,32523304,"601c8dfaea055dcca49de020bb729548",0
"depress_st","median",20,"RMSE",1.33804070983527,"ok","",858,773,85,208346160,143280924,"601c8dfaea055dcca49de020bb729548",0
"depress_st","median",20,"MAE",1.03058823529412,"ok","",858,773,85,208346160,143280924,"601c8dfaea055dcca49de020bb729548",0
"depress_st","mode",20,"RMSE",1.60598146645229,"ok","",858,773,85,208346160,74751628,"601c8dfaea055dcca49de020bb729548",0.00100000000020373
"depress_st","mode",20,"MAE",1.12352941176471,"ok","",858,773,85,208346160,74751628,"601c8dfaea055dcca49de020bb729548",0.00100000000020373
"depress_st","RandomForest",20,"RMSE",1.03833636186463,"ok","",858,773,85,208346160,100188462,"601c8dfaea055dcca49de020bb729548",0.130999999999858
"depress_st","RandomForest",20,"MAE",0.764769606446926,"ok","",858,773,85,208346160,100188462,"601c8dfaea055dcca49de020bb729548",0.130999999999858
"depress_st","Knn",20,"RMSE",1.05880509787879,"ok","",858,773,85,208346160,69293082,"601c8dfaea055dcca49de020bb729548",0.0160000000000764
"depress_st","Knn",20,"MAE",0.753176470588235,"ok","",858,773,85,208346160,69293082,"601c8dfaea055dcca49de020bb729548",0.0160000000000764
"depress_st","ACP",20,"RMSE",1.7731903672232,"ok","",858,773,85,208346160,152312546,"601c8dfaea055dcca49de020bb729548",0.0180000000000291
"depress_st","ACP",20,"MAE",1.51818170414292,"ok","",858,773,85,208346160,152312546,"601c8dfaea055dcca49de020bb729548",0.0180000000000291
"depress_st","EM",20,"RMSE",1.15519842189097,"ok","",858,773,85,208346160,29346778,"601c8dfaea055dcca49de020bb729548",0.284000000000106
"depress_st","EM",20,"MAE",0.92811153984782,"ok","",858,773,85,208346160,29346778,"601c8dfaea055dcca49de020bb729548",0.284000000000106
"depress_st","AFDM",20,"RMSE",1.06437970626336,"ok","",858,773,85,208346160,226436301,"601c8dfaea055dcca49de020bb729548",0.0459999999998217
"depress_st","AFDM",20,"MAE",0.820046364778842,"ok","",858,773,85,208346160,226436301,"601c8dfaea055dcca49de020bb729548",0.0459999999998217
"depress_st","mice",20,"RMSE",1.1394487831455,"ok","",858,773,85,208346160,52362695,"601c8dfaea055dcca49de020bb729548",0.0879999999999654
"depress_st","mice",20,"MAE",0.852235294117647,"ok","",858,773,85,208346160,52362695,"601c8dfaea055dcca49de020bb729548",0.0879999999999654
"pente_st","mean",20,"indisponible",NA,"non_applicable","non_applicable : moyenne pour cible quantitative seulement",611,550,61,198126633,59345229,"4fcb2f5df8014720d2460aa3d11f6688",0
"pente_st","median",20,"taux_erreur",0.508196721311475,"ok","",611,550,61,198126633,130391420,"4fcb2f5df8014720d2460aa3d11f6688",0.000999999999976353
"pente_st","median",20,"accuracy",0.491803278688525,"ok","",611,550,61,198126633,130391420,"4fcb2f5df8014720d2460aa3d11f6688",0.000999999999976353
"pente_st","median",20,"RMSE",0.712879177218325,"ok","",611,550,61,198126633,130391420,"4fcb2f5df8014720d2460aa3d11f6688",0.000999999999976353
"pente_st","median",20,"MAE",0.508196721311475,"ok","",611,550,61,198126633,130391420,"4fcb2f5df8014720d2460aa3d11f6688",0.000999999999976353
"pente_st","mode",20,"taux_erreur",0.508196721311475,"ok","",611,550,61,198126633,89408959,"4fcb2f5df8014720d2460aa3d11f6688",0.000999999999976353
"pente_st","mode",20,"accuracy",0.491803278688525,"ok","",611,550,61,198126633,89408959,"4fcb2f5df8014720d2460aa3d11f6688",0.000999999999976353
"pente_st","mode",20,"RMSE",0.712879177218325,"ok","",611,550,61,198126633,89408959,"4fcb2f5df8014720d2460aa3d11f6688",0.000999999999976353
"pente_st","mode",20,"MAE",0.508196721311475,"ok","",611,550,61,198126633,89408959,"4fcb2f5df8014720d2460aa3d11f6688",0.000999999999976353
"pente_st","RandomForest",20,"taux_erreur",0.360655737704918,"ok","",611,550,61,198126633,169004958,"4fcb2f5df8014720d2460aa3d11f6688",0.0979999999999563
"pente_st","RandomForest",20,"accuracy",0.639344262295082,"ok","",611,550,61,198126633,169004958,"4fcb2f5df8014720d2460aa3d11f6688",0.0979999999999563
"pente_st","RandomForest",20,"RMSE",0.677507485894158,"ok","",611,550,61,198126633,169004958,"4fcb2f5df8014720d2460aa3d11f6688",0.0979999999999563
"pente_st","RandomForest",20,"MAE",0.39344262295082,"ok","",611,550,61,198126633,169004958,"4fcb2f5df8014720d2460aa3d11f6688",0.0979999999999563
"pente_st","Knn",20,"taux_erreur",0.344262295081967,"ok","",611,550,61,198126633,243968356,"4fcb2f5df8014720d2460aa3d11f6688",0.02800000000002
"pente_st","Knn",20,"accuracy",0.655737704918033,"ok","",611,550,61,198126633,243968356,"4fcb2f5df8014720d2460aa3d11f6688",0.02800000000002
"pente_st","Knn",20,"RMSE",0.768221279597376,"ok","",611,550,61,198126633,243968356,"4fcb2f5df8014720d2460aa3d11f6688",0.02800000000002
"pente_st","Knn",20,"MAE",0.426229508196721,"ok","",611,550,61,198126633,243968356,"4fcb2f5df8014720d2460aa3d11f6688",0.02800000000002
"pente_st","ACP",20,"taux_erreur",0.442622950819672,"ok","",611,550,61,198126633,204192178,"4fcb2f5df8014720d2460aa3d11f6688",0.0230000000001382
"pente_st","ACP",20,"accuracy",0.557377049180328,"ok","",611,550,61,198126633,204192178,"4fcb2f5df8014720d2460aa3d11f6688",0.0230000000001382
"pente_st","ACP",20,"RMSE",0.768221279597376,"ok","",611,550,61,198126633,204192178,"4fcb2f5df8014720d2460aa3d11f6688",0.0230000000001382
"pente_st","ACP",20,"MAE",0.491803278688525,"ok","",611,550,61,198126633,204192178,"4fcb2f5df8014720d2460aa3d11f6688",0.0230000000001382
"pente_st","EM",20,"indisponible",NA,"non_applicable","non_applicable : EM gaussien pour cible quantitative seulement",611,550,61,198126633,115089413,"4fcb2f5df8014720d2460aa3d11f6688",0
"pente_st","AFDM",20,"taux_erreur",0.344262295081967,"ok","",611,550,61,198126633,171897887,"4fcb2f5df8014720d2460aa3d11f6688",0.071999999999889
"pente_st","AFDM",20,"accuracy",0.655737704918033,"ok","",611,550,61,198126633,171897887,"4fcb2f5df8014720d2460aa3d11f6688",0.071999999999889
"pente_st","AFDM",20,"RMSE",0.665299143859116,"ok","",611,550,61,198126633,171897887,"4fcb2f5df8014720d2460aa3d11f6688",0.071999999999889
"pente_st","AFDM",20,"MAE",0.377049180327869,"ok","",611,550,61,198126633,171897887,"4fcb2f5df8014720d2460aa3d11f6688",0.071999999999889
"pente_st","mice",20,"taux_erreur",0.442622950819672,"ok","",611,550,61,198126633,191643098,"4fcb2f5df8014720d2460aa3d11f6688",0.315000000000055
"pente_st","mice",20,"accuracy",0.557377049180328,"ok","",611,550,61,198126633,191643098,"4fcb2f5df8014720d2460aa3d11f6688",0.315000000000055
"pente_st","mice",20,"RMSE",0.735515877841789,"ok","",611,550,61,198126633,191643098,"4fcb2f5df8014720d2460aa3d11f6688",0.315000000000055
"pente_st","mice",20,"MAE",0.475409836065574,"ok","",611,550,61,198126633,191643098,"4fcb2f5df8014720d2460aa3d11f6688",0.315000000000055
"nb_vaisseaux","mean",20,"indisponible",NA,"non_applicable","non_applicable : moyenne pour cible quantitative seulement",309,279,30,85279426,78748192,"d6d1a85ef3c08888e986b1a069f3e746",0.00100000000020373
"nb_vaisseaux","median",20,"taux_erreur",0.233333333333333,"ok","",309,279,30,85279426,185700758,"d6d1a85ef3c08888e986b1a069f3e746",0.000999999999976353
"nb_vaisseaux","median",20,"accuracy",0.766666666666667,"ok","",309,279,30,85279426,185700758,"d6d1a85ef3c08888e986b1a069f3e746",0.000999999999976353
"nb_vaisseaux","median",20,"RMSE",0.795822425754221,"ok","",309,279,30,85279426,185700758,"d6d1a85ef3c08888e986b1a069f3e746",0.000999999999976353
"nb_vaisseaux","median",20,"MAE",0.366666666666667,"ok","",309,279,30,85279426,185700758,"d6d1a85ef3c08888e986b1a069f3e746",0.000999999999976353
"nb_vaisseaux","mode",20,"taux_erreur",0.233333333333333,"ok","",309,279,30,85279426,63988205,"d6d1a85ef3c08888e986b1a069f3e746",0.000999999999976353
"nb_vaisseaux","mode",20,"accuracy",0.766666666666667,"ok","",309,279,30,85279426,63988205,"d6d1a85ef3c08888e986b1a069f3e746",0.000999999999976353
"nb_vaisseaux","mode",20,"RMSE",0.795822425754221,"ok","",309,279,30,85279426,63988205,"d6d1a85ef3c08888e986b1a069f3e746",0.000999999999976353
"nb_vaisseaux","mode",20,"MAE",0.366666666666667,"ok","",309,279,30,85279426,63988205,"d6d1a85ef3c08888e986b1a069f3e746",0.000999999999976353
"nb_vaisseaux","RandomForest",20,"taux_erreur",0.3,"ok","",309,279,30,85279426,225016717,"d6d1a85ef3c08888e986b1a069f3e746",0.05600000000004
"nb_vaisseaux","RandomForest",20,"accuracy",0.7,"ok","",309,279,30,85279426,225016717,"d6d1a85ef3c08888e986b1a069f3e746",0.05600000000004
"nb_vaisseaux","RandomForest",20,"RMSE",0.836660026534076,"ok","",309,279,30,85279426,225016717,"d6d1a85ef3c08888e986b1a069f3e746",0.05600000000004
"nb_vaisseaux","RandomForest",20,"MAE",0.433333333333333,"ok","",309,279,30,85279426,225016717,"d6d1a85ef3c08888e986b1a069f3e746",0.05600000000004
"nb_vaisseaux","Knn",20,"taux_erreur",0.266666666666667,"ok","",309,279,30,85279426,103628612,"d6d1a85ef3c08888e986b1a069f3e746",0.0139999999998963
"nb_vaisseaux","Knn",20,"accuracy",0.733333333333333,"ok","",309,279,30,85279426,103628612,"d6d1a85ef3c08888e986b1a069f3e746",0.0139999999998963
"nb_vaisseaux","Knn",20,"RMSE",0.752772652709081,"ok","",309,279,30,85279426,103628612,"d6d1a85ef3c08888e986b1a069f3e746",0.0139999999998963
"nb_vaisseaux","Knn",20,"MAE",0.366666666666667,"ok","",309,279,30,85279426,103628612,"d6d1a85ef3c08888e986b1a069f3e746",0.0139999999998963
"nb_vaisseaux","ACP",20,"taux_erreur",0.266666666666667,"ok","",309,279,30,85279426,95796279,"d6d1a85ef3c08888e986b1a069f3e746",0.0179999999998017
"nb_vaisseaux","ACP",20,"accuracy",0.733333333333333,"ok","",309,279,30,85279426,95796279,"d6d1a85ef3c08888e986b1a069f3e746",0.0179999999998017
"nb_vaisseaux","ACP",20,"RMSE",0.875595035770913,"ok","",309,279,30,85279426,95796279,"d6d1a85ef3c08888e986b1a069f3e746",0.0179999999998017
"nb_vaisseaux","ACP",20,"MAE",0.433333333333333,"ok","",309,279,30,85279426,95796279,"d6d1a85ef3c08888e986b1a069f3e746",0.0179999999998017
"nb_vaisseaux","EM",20,"indisponible",NA,"non_applicable","non_applicable : EM gaussien pour cible quantitative seulement",309,279,30,85279426,63327001,"d6d1a85ef3c08888e986b1a069f3e746",0
"nb_vaisseaux","AFDM",20,"taux_erreur",0.3,"ok","",309,279,30,85279426,36660115,"d6d1a85ef3c08888e986b1a069f3e746",0.0329999999999018
"nb_vaisseaux","AFDM",20,"accuracy",0.7,"ok","",309,279,30,85279426,36660115,"d6d1a85ef3c08888e986b1a069f3e746",0.0329999999999018
"nb_vaisseaux","AFDM",20,"RMSE",0.894427190999916,"ok","",309,279,30,85279426,36660115,"d6d1a85ef3c08888e986b1a069f3e746",0.0329999999999018
"nb_vaisseaux","AFDM",20,"MAE",0.466666666666667,"ok","",309,279,30,85279426,36660115,"d6d1a85ef3c08888e986b1a069f3e746",0.0329999999999018
"nb_vaisseaux","mice",20,"taux_erreur",0.233333333333333,"ok","",309,279,30,85279426,236844570,"d6d1a85ef3c08888e986b1a069f3e746",0.261999999999944
"nb_vaisseaux","mice",20,"accuracy",0.766666666666667,"ok","",309,279,30,85279426,236844570,"d6d1a85ef3c08888e986b1a069f3e746",0.261999999999944
"nb_vaisseaux","mice",20,"RMSE",0.948683298050514,"ok","",309,279,30,85279426,236844570,"d6d1a85ef3c08888e986b1a069f3e746",0.261999999999944
"nb_vaisseaux","mice",20,"MAE",0.433333333333333,"ok","",309,279,30,85279426,236844570,"d6d1a85ef3c08888e986b1a069f3e746",0.261999999999944
"test_thallium","mean",20,"indisponible",NA,"non_applicable","non_applicable : moyenne pour cible quantitative seulement",434,391,43,217559412,237569767,"3eaf6c04249b50c784c72d9423b8a0a0",0.000999999999976353
"test_thallium","median",20,"indisponible",NA,"non_applicable","non_applicable : médiane sans sens pour cible nominale",434,391,43,217559412,11099404,"3eaf6c04249b50c784c72d9423b8a0a0",0
"test_thallium","mode",20,"taux_erreur",0.581395348837209,"ok","",434,391,43,217559412,134515655,"3eaf6c04249b50c784c72d9423b8a0a0",0
"test_thallium","mode",20,"accuracy",0.418604651162791,"ok","",434,391,43,217559412,134515655,"3eaf6c04249b50c784c72d9423b8a0a0",0
"test_thallium","RandomForest",20,"taux_erreur",0.372093023255814,"ok","",434,391,43,217559412,69104668,"3eaf6c04249b50c784c72d9423b8a0a0",0.0790000000001783
"test_thallium","RandomForest",20,"accuracy",0.627906976744186,"ok","",434,391,43,217559412,69104668,"3eaf6c04249b50c784c72d9423b8a0a0",0.0790000000001783
"test_thallium","Knn",20,"taux_erreur",0.325581395348837,"ok","",434,391,43,217559412,233430276,"3eaf6c04249b50c784c72d9423b8a0a0",0.0239999999998872
"test_thallium","Knn",20,"accuracy",0.674418604651163,"ok","",434,391,43,217559412,233430276,"3eaf6c04249b50c784c72d9423b8a0a0",0.0239999999998872
"test_thallium","ACP",20,"taux_erreur",0.27906976744186,"ok","",434,391,43,217559412,70603585,"3eaf6c04249b50c784c72d9423b8a0a0",0.0210000000001855
"test_thallium","ACP",20,"accuracy",0.720930232558139,"ok","",434,391,43,217559412,70603585,"3eaf6c04249b50c784c72d9423b8a0a0",0.0210000000001855
"test_thallium","EM",20,"indisponible",NA,"non_applicable","non_applicable : EM gaussien pour cible quantitative seulement",434,391,43,217559412,26088592,"3eaf6c04249b50c784c72d9423b8a0a0",0
"test_thallium","AFDM",20,"taux_erreur",0.348837209302326,"ok","",434,391,43,217559412,96650484,"3eaf6c04249b50c784c72d9423b8a0a0",0.0529999999998836
"test_thallium","AFDM",20,"accuracy",0.651162790697674,"ok","",434,391,43,217559412,96650484,"3eaf6c04249b50c784c72d9423b8a0a0",0.0529999999998836
"test_thallium","mice",20,"taux_erreur",0.441860465116279,"ok","",434,391,43,217559412,240124158,"3eaf6c04249b50c784c72d9423b8a0a0",0.233000000000175
"test_thallium","mice",20,"accuracy",0.558139534883721,"ok","",434,391,43,217559412,240124158,"3eaf6c04249b50c784c72d9423b8a0a0",0.233000000000175
"pa_repos","mean",21,"RMSE",16.5577870969986,"ok","",860,774,86,47074757,45883983,"eb5872e30a65602a68a858e84c0e6842",0
"pa_repos","mean",21,"MAE",13.1940388197825,"ok","",860,774,86,47074757,45883983,"eb5872e30a65602a68a858e84c0e6842",0
"pa_repos","median",21,"RMSE",16.735979901273,"ok","",860,774,86,47074757,211547309,"eb5872e30a65602a68a858e84c0e6842",0
"pa_repos","median",21,"MAE",12.9767441860465,"ok","",860,774,86,47074757,211547309,"eb5872e30a65602a68a858e84c0e6842",0
"pa_repos","mode",21,"RMSE",20.7106309068106,"ok","",860,774,86,47074757,91219609,"eb5872e30a65602a68a858e84c0e6842",0.000999999999976353
"pa_repos","mode",21,"MAE",15.8604651162791,"ok","",860,774,86,47074757,91219609,"eb5872e30a65602a68a858e84c0e6842",0.000999999999976353
"pa_repos","RandomForest",21,"RMSE",16.4498434104166,"ok","",860,774,86,47074757,52614241,"eb5872e30a65602a68a858e84c0e6842",0.131000000000085
"pa_repos","RandomForest",21,"MAE",13.0834970011317,"ok","",860,774,86,47074757,52614241,"eb5872e30a65602a68a858e84c0e6842",0.131000000000085
"pa_repos","Knn",21,"RMSE",18.1016381116622,"ok","",860,774,86,47074757,261831517,"eb5872e30a65602a68a858e84c0e6842",0.0259999999998399
"pa_repos","Knn",21,"MAE",13.9651162790698,"ok","",860,774,86,47074757,261831517,"eb5872e30a65602a68a858e84c0e6842",0.0259999999998399
"pa_repos","ACP",21,"RMSE",19.3137591615665,"ok","",860,774,86,47074757,116170402,"eb5872e30a65602a68a858e84c0e6842",0.0319999999999254
"pa_repos","ACP",21,"MAE",14.1782993294799,"ok","",860,774,86,47074757,116170402,"eb5872e30a65602a68a858e84c0e6842",0.0319999999999254
"pa_repos","EM",21,"RMSE",16.0986516065444,"ok","",860,774,86,47074757,128434431,"eb5872e30a65602a68a858e84c0e6842",0.229000000000042
"pa_repos","EM",21,"MAE",12.7013439607202,"ok","",860,774,86,47074757,128434431,"eb5872e30a65602a68a858e84c0e6842",0.229000000000042
"pa_repos","AFDM",21,"RMSE",16.3093120242604,"ok","",860,774,86,47074757,96200583,"eb5872e30a65602a68a858e84c0e6842",0.0389999999999873
"pa_repos","AFDM",21,"MAE",13.0542420103629,"ok","",860,774,86,47074757,96200583,"eb5872e30a65602a68a858e84c0e6842",0.0389999999999873
"pa_repos","mice",21,"RMSE",18.2815067314511,"ok","",860,774,86,47074757,176955510,"eb5872e30a65602a68a858e84c0e6842",0.0799999999999272
"pa_repos","mice",21,"MAE",13.7372093023256,"ok","",860,774,86,47074757,176955510,"eb5872e30a65602a68a858e84c0e6842",0.0799999999999272
"cholesterol","mean",21,"RMSE",56.7781057407679,"ok","",718,647,71,151571302,29841503,"a4ae34d9b4c17cea90aaafaf4b76da07",0
"cholesterol","mean",21,"MAE",44.9695887846398,"ok","",718,647,71,151571302,29841503,"a4ae34d9b4c17cea90aaafaf4b76da07",0
"cholesterol","median",21,"RMSE",57.2193703043661,"ok","",718,647,71,151571302,62952615,"a4ae34d9b4c17cea90aaafaf4b76da07",0
"cholesterol","median",21,"MAE",43.9154929577465,"ok","",718,647,71,151571302,62952615,"a4ae34d9b4c17cea90aaafaf4b76da07",0
"cholesterol","mode",21,"RMSE",57.195242587543,"ok","",718,647,71,151571302,204787758,"a4ae34d9b4c17cea90aaafaf4b76da07",0.000999999999976353
"cholesterol","mode",21,"MAE",46.3943661971831,"ok","",718,647,71,151571302,204787758,"a4ae34d9b4c17cea90aaafaf4b76da07",0.000999999999976353
"cholesterol","RandomForest",21,"RMSE",57.4719570023902,"ok","",718,647,71,151571302,67603852,"a4ae34d9b4c17cea90aaafaf4b76da07",0.120999999999867
"cholesterol","RandomForest",21,"MAE",45.4115514814894,"ok","",718,647,71,151571302,67603852,"a4ae34d9b4c17cea90aaafaf4b76da07",0.120999999999867
"cholesterol","Knn",21,"RMSE",61.042880333718,"ok","",718,647,71,151571302,20752747,"a4ae34d9b4c17cea90aaafaf4b76da07",0.0139999999998963
"cholesterol","Knn",21,"MAE",49.7239436619718,"ok","",718,647,71,151571302,20752747,"a4ae34d9b4c17cea90aaafaf4b76da07",0.0139999999998963
"cholesterol","ACP",21,"RMSE",59.2658887689772,"ok","",718,647,71,151571302,268091634,"a4ae34d9b4c17cea90aaafaf4b76da07",0.0140000000001237
"cholesterol","ACP",21,"MAE",46.097898458319,"ok","",718,647,71,151571302,268091634,"a4ae34d9b4c17cea90aaafaf4b76da07",0.0140000000001237
"cholesterol","EM",21,"RMSE",56.5390357507563,"ok","",718,647,71,151571302,205324086,"a4ae34d9b4c17cea90aaafaf4b76da07",0.084999999999809
"cholesterol","EM",21,"MAE",44.0974438006967,"ok","",718,647,71,151571302,205324086,"a4ae34d9b4c17cea90aaafaf4b76da07",0.084999999999809
"cholesterol","AFDM",21,"RMSE",57.376113630997,"ok","",718,647,71,151571302,184884254,"a4ae34d9b4c17cea90aaafaf4b76da07",0.0459999999998217
"cholesterol","AFDM",21,"MAE",44.4269879754978,"ok","",718,647,71,151571302,184884254,"a4ae34d9b4c17cea90aaafaf4b76da07",0.0459999999998217
"cholesterol","mice",21,"RMSE",57.8235294960476,"ok","",718,647,71,151571302,219899899,"a4ae34d9b4c17cea90aaafaf4b76da07",0.068000000000211
"cholesterol","mice",21,"MAE",45.0929577464789,"ok","",718,647,71,151571302,219899899,"a4ae34d9b4c17cea90aaafaf4b76da07",0.068000000000211
"glyc_jeun_elevee","mean",21,"indisponible",NA,"non_applicable","non_applicable : moyenne pour cible quantitative seulement",830,747,83,3804755,22728893,"0373dac5d81cbb39641638e15bf7cf66",0
"glyc_jeun_elevee","median",21,"indisponible",NA,"non_applicable","non_applicable : médiane sans sens pour cible nominale",830,747,83,3804755,26749984,"0373dac5d81cbb39641638e15bf7cf66",0
"glyc_jeun_elevee","mode",21,"taux_erreur",0.192771084337349,"ok","",830,747,83,3804755,120902917,"0373dac5d81cbb39641638e15bf7cf66",0
"glyc_jeun_elevee","mode",21,"accuracy",0.807228915662651,"ok","",830,747,83,3804755,120902917,"0373dac5d81cbb39641638e15bf7cf66",0
"glyc_jeun_elevee","RandomForest",21,"taux_erreur",0.180722891566265,"ok","",830,747,83,3804755,108357453,"0373dac5d81cbb39641638e15bf7cf66",0.101999999999862
"glyc_jeun_elevee","RandomForest",21,"accuracy",0.819277108433735,"ok","",830,747,83,3804755,108357453,"0373dac5d81cbb39641638e15bf7cf66",0.101999999999862
"glyc_jeun_elevee","Knn",21,"taux_erreur",0.192771084337349,"ok","",830,747,83,3804755,28753106,"0373dac5d81cbb39641638e15bf7cf66",0.0380000000000109
"glyc_jeun_elevee","Knn",21,"accuracy",0.807228915662651,"ok","",830,747,83,3804755,28753106,"0373dac5d81cbb39641638e15bf7cf66",0.0380000000000109
"glyc_jeun_elevee","ACP",21,"taux_erreur",0.192771084337349,"ok","",830,747,83,3804755,140599434,"0373dac5d81cbb39641638e15bf7cf66",0.0219999999999345
"glyc_jeun_elevee","ACP",21,"accuracy",0.807228915662651,"ok","",830,747,83,3804755,140599434,"0373dac5d81cbb39641638e15bf7cf66",0.0219999999999345
"glyc_jeun_elevee","EM",21,"indisponible",NA,"non_applicable","non_applicable : EM gaussien pour cible quantitative seulement",830,747,83,3804755,51466223,"0373dac5d81cbb39641638e15bf7cf66",0
"glyc_jeun_elevee","AFDM",21,"taux_erreur",0.192771084337349,"ok","",830,747,83,3804755,176383990,"0373dac5d81cbb39641638e15bf7cf66",0.0550000000000637
"glyc_jeun_elevee","AFDM",21,"accuracy",0.807228915662651,"ok","",830,747,83,3804755,176383990,"0373dac5d81cbb39641638e15bf7cf66",0.0550000000000637
"glyc_jeun_elevee","mice",21,"taux_erreur",0.216867469879518,"ok","",830,747,83,3804755,200214188,"0373dac5d81cbb39641638e15bf7cf66",0.182999999999993
"glyc_jeun_elevee","mice",21,"accuracy",0.783132530120482,"ok","",830,747,83,3804755,200214188,"0373dac5d81cbb39641638e15bf7cf66",0.182999999999993
"ecg_repos","mean",21,"indisponible",NA,"non_applicable","non_applicable : moyenne pour cible quantitative seulement",918,827,91,2333217,264046366,"a9d10e4dc23dd361e63043dc0265d21f",0.00100000000020373
"ecg_repos","median",21,"indisponible",NA,"non_applicable","non_applicable : médiane sans sens pour cible nominale",918,827,91,2333217,199531932,"a9d10e4dc23dd361e63043dc0265d21f",0
"ecg_repos","mode",21,"taux_erreur",0.351648351648352,"ok","",918,827,91,2333217,184484936,"a9d10e4dc23dd361e63043dc0265d21f",0.00199999999995271
"ecg_repos","mode",21,"accuracy",0.648351648351648,"ok","",918,827,91,2333217,184484936,"a9d10e4dc23dd361e63043dc0265d21f",0.00199999999995271
"ecg_repos","RandomForest",21,"taux_erreur",0.32967032967033,"ok","",918,827,91,2333217,93632742,"a9d10e4dc23dd361e63043dc0265d21f",0.139000000000124
"ecg_repos","RandomForest",21,"accuracy",0.67032967032967,"ok","",918,827,91,2333217,93632742,"a9d10e4dc23dd361e63043dc0265d21f",0.139000000000124
"ecg_repos","Knn",21,"taux_erreur",0.362637362637363,"ok","",918,827,91,2333217,42086304,"a9d10e4dc23dd361e63043dc0265d21f",0.0459999999998217
"ecg_repos","Knn",21,"accuracy",0.637362637362637,"ok","",918,827,91,2333217,42086304,"a9d10e4dc23dd361e63043dc0265d21f",0.0459999999998217
"ecg_repos","ACP",21,"taux_erreur",0.307692307692308,"ok","",918,827,91,2333217,184947081,"a9d10e4dc23dd361e63043dc0265d21f",0.0349999999998545
"ecg_repos","ACP",21,"accuracy",0.692307692307692,"ok","",918,827,91,2333217,184947081,"a9d10e4dc23dd361e63043dc0265d21f",0.0349999999998545
"ecg_repos","EM",21,"indisponible",NA,"non_applicable","non_applicable : EM gaussien pour cible quantitative seulement",918,827,91,2333217,139119907,"a9d10e4dc23dd361e63043dc0265d21f",0
"ecg_repos","AFDM",21,"taux_erreur",0.307692307692308,"ok","",918,827,91,2333217,133656558,"a9d10e4dc23dd361e63043dc0265d21f",0.0600000000001728
"ecg_repos","AFDM",21,"accuracy",0.692307692307692,"ok","",918,827,91,2333217,133656558,"a9d10e4dc23dd361e63043dc0265d21f",0.0600000000001728
"ecg_repos","mice",21,"taux_erreur",0.417582417582418,"ok","",918,827,91,2333217,142891773,"a9d10e4dc23dd361e63043dc0265d21f",0.33199999999988
"ecg_repos","mice",21,"accuracy",0.582417582417582,"ok","",918,827,91,2333217,142891773,"a9d10e4dc23dd361e63043dc0265d21f",0.33199999999988
"fc_max","mean",21,"RMSE",26.4737189694062,"ok","",865,779,86,160459290,50382296,"3e2a5af5c2b844a8f2bc0a09ad3ae903",0
"fc_max","mean",21,"MAE",21.0932471564618,"ok","",865,779,86,160459290,50382296,"3e2a5af5c2b844a8f2bc0a09ad3ae903",0
"fc_max","median",21,"RMSE",26.5454853166725,"ok","",865,779,86,160459290,41400447,"3e2a5af5c2b844a8f2bc0a09ad3ae903",0
"fc_max","median",21,"MAE",21.0581395348837,"ok","",865,779,86,160459290,41400447,"3e2a5af5c2b844a8f2bc0a09ad3ae903",0
"fc_max","mode",21,"RMSE",29.0670835970382,"ok","",865,779,86,160459290,1247560,"3e2a5af5c2b844a8f2bc0a09ad3ae903",0.000999999999976353
"fc_max","mode",21,"MAE",23.1511627906977,"ok","",865,779,86,160459290,1247560,"3e2a5af5c2b844a8f2bc0a09ad3ae903",0.000999999999976353
"fc_max","RandomForest",21,"RMSE",21.5220037655555,"ok","",865,779,86,160459290,15743328,"3e2a5af5c2b844a8f2bc0a09ad3ae903",0.132999999999811
"fc_max","RandomForest",21,"MAE",17.13521034137,"ok","",865,779,86,160459290,15743328,"3e2a5af5c2b844a8f2bc0a09ad3ae903",0.132999999999811
"fc_max","Knn",21,"RMSE",24.3464051116477,"ok","",865,779,86,160459290,206554957,"3e2a5af5c2b844a8f2bc0a09ad3ae903",0.0289999999999964
"fc_max","Knn",21,"MAE",19.2953488372093,"ok","",865,779,86,160459290,206554957,"3e2a5af5c2b844a8f2bc0a09ad3ae903",0.0289999999999964
"fc_max","ACP",21,"RMSE",52.5735124751126,"ok","",865,779,86,160459290,78075473,"3e2a5af5c2b844a8f2bc0a09ad3ae903",0.0219999999999345
"fc_max","ACP",21,"MAE",43.4547312829656,"ok","",865,779,86,160459290,78075473,"3e2a5af5c2b844a8f2bc0a09ad3ae903",0.0219999999999345
"fc_max","EM",21,"RMSE",25.3870568940671,"ok","",865,779,86,160459290,199970889,"3e2a5af5c2b844a8f2bc0a09ad3ae903",0.272999999999911
"fc_max","EM",21,"MAE",20.7099064986753,"ok","",865,779,86,160459290,199970889,"3e2a5af5c2b844a8f2bc0a09ad3ae903",0.272999999999911
"fc_max","AFDM",21,"RMSE",23.2594866256171,"ok","",865,779,86,160459290,177916655,"3e2a5af5c2b844a8f2bc0a09ad3ae903",0.0539999999998599
"fc_max","AFDM",21,"MAE",18.5571726375834,"ok","",865,779,86,160459290,177916655,"3e2a5af5c2b844a8f2bc0a09ad3ae903",0.0539999999998599
"fc_max","mice",21,"RMSE",21.5113058429694,"ok","",865,779,86,160459290,149468220,"3e2a5af5c2b844a8f2bc0a09ad3ae903",0.0740000000000691
"fc_max","mice",21,"MAE",16.5139534883721,"ok","",865,779,86,160459290,149468220,"3e2a5af5c2b844a8f2bc0a09ad3ae903",0.0740000000000691
"angine_effort","mean",21,"indisponible",NA,"non_applicable","non_applicable : moyenne pour cible quantitative seulement",865,779,86,16765020,56625830,"a0b42e04ec9ac41826283586badd2f05",0.000999999999976353
"angine_effort","median",21,"indisponible",NA,"non_applicable","non_applicable : médiane sans sens pour cible nominale",865,779,86,16765020,169481478,"a0b42e04ec9ac41826283586badd2f05",0.000999999999976353
"angine_effort","mode",21,"taux_erreur",0.337209302325581,"ok","",865,779,86,16765020,200327817,"a0b42e04ec9ac41826283586badd2f05",0
"angine_effort","mode",21,"accuracy",0.662790697674419,"ok","",865,779,86,16765020,200327817,"a0b42e04ec9ac41826283586badd2f05",0
"angine_effort","RandomForest",21,"taux_erreur",0.186046511627907,"ok","",865,779,86,16765020,123236333,"a0b42e04ec9ac41826283586badd2f05",0.122000000000071
"angine_effort","RandomForest",21,"accuracy",0.813953488372093,"ok","",865,779,86,16765020,123236333,"a0b42e04ec9ac41826283586badd2f05",0.122000000000071
"angine_effort","Knn",21,"taux_erreur",0.27906976744186,"ok","",865,779,86,16765020,138293741,"a0b42e04ec9ac41826283586badd2f05",0.0370000000000346
"angine_effort","Knn",21,"accuracy",0.720930232558139,"ok","",865,779,86,16765020,138293741,"a0b42e04ec9ac41826283586badd2f05",0.0370000000000346
"angine_effort","ACP",21,"taux_erreur",0.337209302325581,"ok","",865,779,86,16765020,16097983,"a0b42e04ec9ac41826283586badd2f05",0.0220000000001619
"angine_effort","ACP",21,"accuracy",0.662790697674419,"ok","",865,779,86,16765020,16097983,"a0b42e04ec9ac41826283586badd2f05",0.0220000000001619
"angine_effort","EM",21,"indisponible",NA,"non_applicable","non_applicable : EM gaussien pour cible quantitative seulement",865,779,86,16765020,92162825,"a0b42e04ec9ac41826283586badd2f05",0
"angine_effort","AFDM",21,"taux_erreur",0.267441860465116,"ok","",865,779,86,16765020,93701787,"a0b42e04ec9ac41826283586badd2f05",0.04099999999994
"angine_effort","AFDM",21,"accuracy",0.732558139534884,"ok","",865,779,86,16765020,93701787,"a0b42e04ec9ac41826283586badd2f05",0.04099999999994
"angine_effort","mice",21,"taux_erreur",0.255813953488372,"ok","",865,779,86,16765020,58620172,"a0b42e04ec9ac41826283586badd2f05",0.182000000000016
"angine_effort","mice",21,"accuracy",0.744186046511628,"ok","",865,779,86,16765020,58620172,"a0b42e04ec9ac41826283586badd2f05",0.182000000000016
"depress_st","mean",21,"RMSE",1.19148394049296,"ok","",858,773,85,252475695,42720517,"f56d447dba663748db097258f2517560",0
"depress_st","mean",21,"MAE",1.0219130964158,"ok","",858,773,85,252475695,42720517,"f56d447dba663748db097258f2517560",0
"depress_st","median",21,"RMSE",1.29210270944871,"ok","",858,773,85,252475695,268360323,"f56d447dba663748db097258f2517560",0.000999999999976353
"depress_st","median",21,"MAE",1.03882352941176,"ok","",858,773,85,252475695,268360323,"f56d447dba663748db097258f2517560",0.000999999999976353
"depress_st","mode",21,"RMSE",1.56378123940207,"ok","",858,773,85,252475695,185433582,"f56d447dba663748db097258f2517560",0.000999999999976353
"depress_st","mode",21,"MAE",1.10823529411765,"ok","",858,773,85,252475695,185433582,"f56d447dba663748db097258f2517560",0.000999999999976353
"depress_st","RandomForest",21,"RMSE",1.0287250536025,"ok","",858,773,85,252475695,120106302,"f56d447dba663748db097258f2517560",0.138000000000147
"depress_st","RandomForest",21,"MAE",0.819966450245985,"ok","",858,773,85,252475695,120106302,"f56d447dba663748db097258f2517560",0.138000000000147
"depress_st","Knn",21,"RMSE",1.09648636696549,"ok","",858,773,85,252475695,241752707,"f56d447dba663748db097258f2517560",0.0349999999998545
"depress_st","Knn",21,"MAE",0.828470588235294,"ok","",858,773,85,252475695,241752707,"f56d447dba663748db097258f2517560",0.0349999999998545
"depress_st","ACP",21,"RMSE",1.72172551053046,"ok","",858,773,85,252475695,197873162,"f56d447dba663748db097258f2517560",0.0350000000000819
"depress_st","ACP",21,"MAE",1.4839535095754,"ok","",858,773,85,252475695,197873162,"f56d447dba663748db097258f2517560",0.0350000000000819
"depress_st","EM",21,"RMSE",1.14757971469957,"ok","",858,773,85,252475695,32148294,"f56d447dba663748db097258f2517560",0.308999999999969
"depress_st","EM",21,"MAE",0.973318765856038,"ok","",858,773,85,252475695,32148294,"f56d447dba663748db097258f2517560",0.308999999999969
"depress_st","AFDM",21,"RMSE",1.03017015118506,"ok","",858,773,85,252475695,173811354,"f56d447dba663748db097258f2517560",0.0490000000002055
"depress_st","AFDM",21,"MAE",0.842614191736102,"ok","",858,773,85,252475695,173811354,"f56d447dba663748db097258f2517560",0.0490000000002055
"depress_st","mice",21,"RMSE",1.20204531577494,"ok","",858,773,85,252475695,63606082,"f56d447dba663748db097258f2517560",0.0929999999998472
"depress_st","mice",21,"MAE",0.959529411764706,"ok","",858,773,85,252475695,63606082,"f56d447dba663748db097258f2517560",0.0929999999998472
"pente_st","mean",21,"indisponible",NA,"non_applicable","non_applicable : moyenne pour cible quantitative seulement",611,550,61,197213042,125835378,"20808c0540e71c372a967a1ec73884cf",0.000999999999976353
"pente_st","median",21,"taux_erreur",0.524590163934426,"ok","",611,550,61,197213042,92481402,"20808c0540e71c372a967a1ec73884cf",0.000999999999976353
"pente_st","median",21,"accuracy",0.475409836065574,"ok","",611,550,61,197213042,92481402,"20808c0540e71c372a967a1ec73884cf",0.000999999999976353
"pente_st","median",21,"RMSE",0.724285968340148,"ok","",611,550,61,197213042,92481402,"20808c0540e71c372a967a1ec73884cf",0.000999999999976353
"pente_st","median",21,"MAE",0.524590163934426,"ok","",611,550,61,197213042,92481402,"20808c0540e71c372a967a1ec73884cf",0.000999999999976353
"pente_st","mode",21,"taux_erreur",0.524590163934426,"ok","",611,550,61,197213042,209560409,"20808c0540e71c372a967a1ec73884cf",0.00100000000020373
"pente_st","mode",21,"accuracy",0.475409836065574,"ok","",611,550,61,197213042,209560409,"20808c0540e71c372a967a1ec73884cf",0.00100000000020373
"pente_st","mode",21,"RMSE",0.724285968340148,"ok","",611,550,61,197213042,209560409,"20808c0540e71c372a967a1ec73884cf",0.00100000000020373
"pente_st","mode",21,"MAE",0.524590163934426,"ok","",611,550,61,197213042,209560409,"20808c0540e71c372a967a1ec73884cf",0.00100000000020373
"pente_st","RandomForest",21,"taux_erreur",0.262295081967213,"ok","",611,550,61,197213042,63117270,"20808c0540e71c372a967a1ec73884cf",0.100999999999885
"pente_st","RandomForest",21,"accuracy",0.737704918032787,"ok","",611,550,61,197213042,63117270,"20808c0540e71c372a967a1ec73884cf",0.100999999999885
"pente_st","RandomForest",21,"RMSE",0.512147519731584,"ok","",611,550,61,197213042,63117270,"20808c0540e71c372a967a1ec73884cf",0.100999999999885
"pente_st","RandomForest",21,"MAE",0.262295081967213,"ok","",611,550,61,197213042,63117270,"20808c0540e71c372a967a1ec73884cf",0.100999999999885
"pente_st","Knn",21,"taux_erreur",0.278688524590164,"ok","",611,550,61,197213042,159499229,"20808c0540e71c372a967a1ec73884cf",0.0199999999999818
"pente_st","Knn",21,"accuracy",0.721311475409836,"ok","",611,550,61,197213042,159499229,"20808c0540e71c372a967a1ec73884cf",0.0199999999999818
"pente_st","Knn",21,"RMSE",0.527909579937856,"ok","",611,550,61,197213042,159499229,"20808c0540e71c372a967a1ec73884cf",0.0199999999999818
"pente_st","Knn",21,"MAE",0.278688524590164,"ok","",611,550,61,197213042,159499229,"20808c0540e71c372a967a1ec73884cf",0.0199999999999818
"pente_st","ACP",21,"taux_erreur",0.426229508196721,"ok","",611,550,61,197213042,199898142,"20808c0540e71c372a967a1ec73884cf",0.0230000000001382
"pente_st","ACP",21,"accuracy",0.573770491803279,"ok","",611,550,61,197213042,199898142,"20808c0540e71c372a967a1ec73884cf",0.0230000000001382
"pente_st","ACP",21,"RMSE",0.689499699829937,"ok","",611,550,61,197213042,199898142,"20808c0540e71c372a967a1ec73884cf",0.0230000000001382
"pente_st","ACP",21,"MAE",0.442622950819672,"ok","",611,550,61,197213042,199898142,"20808c0540e71c372a967a1ec73884cf",0.0230000000001382
"pente_st","EM",21,"indisponible",NA,"non_applicable","non_applicable : EM gaussien pour cible quantitative seulement",611,550,61,197213042,230747119,"20808c0540e71c372a967a1ec73884cf",0
"pente_st","AFDM",21,"taux_erreur",0.311475409836066,"ok","",611,550,61,197213042,104041381,"20808c0540e71c372a967a1ec73884cf",0.0529999999998836
"pente_st","AFDM",21,"accuracy",0.688524590163934,"ok","",611,550,61,197213042,104041381,"20808c0540e71c372a967a1ec73884cf",0.0529999999998836
"pente_st","AFDM",21,"RMSE",0.558099820673744,"ok","",611,550,61,197213042,104041381,"20808c0540e71c372a967a1ec73884cf",0.0529999999998836
"pente_st","AFDM",21,"MAE",0.311475409836066,"ok","",611,550,61,197213042,104041381,"20808c0540e71c372a967a1ec73884cf",0.0529999999998836
"pente_st","mice",21,"taux_erreur",0.39344262295082,"ok","",611,550,61,197213042,17608132,"20808c0540e71c372a967a1ec73884cf",0.30600000000004
"pente_st","mice",21,"accuracy",0.60655737704918,"ok","",611,550,61,197213042,17608132,"20808c0540e71c372a967a1ec73884cf",0.30600000000004
"pente_st","mice",21,"RMSE",0.62725004818718,"ok","",611,550,61,197213042,17608132,"20808c0540e71c372a967a1ec73884cf",0.30600000000004
"pente_st","mice",21,"MAE",0.39344262295082,"ok","",611,550,61,197213042,17608132,"20808c0540e71c372a967a1ec73884cf",0.30600000000004
"nb_vaisseaux","mean",21,"indisponible",NA,"non_applicable","non_applicable : moyenne pour cible quantitative seulement",309,279,30,231396449,185478191,"41c6275e1cc83bd0ac08dedcafa7bee6",0
"nb_vaisseaux","median",21,"taux_erreur",0.3,"ok","",309,279,30,231396449,233979530,"41c6275e1cc83bd0ac08dedcafa7bee6",0
"nb_vaisseaux","median",21,"accuracy",0.7,"ok","",309,279,30,231396449,233979530,"41c6275e1cc83bd0ac08dedcafa7bee6",0
"nb_vaisseaux","median",21,"RMSE",0.836660026534076,"ok","",309,279,30,231396449,233979530,"41c6275e1cc83bd0ac08dedcafa7bee6",0
"nb_vaisseaux","median",21,"MAE",0.433333333333333,"ok","",309,279,30,231396449,233979530,"41c6275e1cc83bd0ac08dedcafa7bee6",0
"nb_vaisseaux","mode",21,"taux_erreur",0.3,"ok","",309,279,30,231396449,221189792,"41c6275e1cc83bd0ac08dedcafa7bee6",0
"nb_vaisseaux","mode",21,"accuracy",0.7,"ok","",309,279,30,231396449,221189792,"41c6275e1cc83bd0ac08dedcafa7bee6",0
"nb_vaisseaux","mode",21,"RMSE",0.836660026534076,"ok","",309,279,30,231396449,221189792,"41c6275e1cc83bd0ac08dedcafa7bee6",0
"nb_vaisseaux","mode",21,"MAE",0.433333333333333,"ok","",309,279,30,231396449,221189792,"41c6275e1cc83bd0ac08dedcafa7bee6",0
"nb_vaisseaux","RandomForest",21,"taux_erreur",0.433333333333333,"ok","",309,279,30,231396449,8921357,"41c6275e1cc83bd0ac08dedcafa7bee6",0.0679999999999836
"nb_vaisseaux","RandomForest",21,"accuracy",0.566666666666667,"ok","",309,279,30,231396449,8921357,"41c6275e1cc83bd0ac08dedcafa7bee6",0.0679999999999836
"nb_vaisseaux","RandomForest",21,"RMSE",0.856348838577675,"ok","",309,279,30,231396449,8921357,"41c6275e1cc83bd0ac08dedcafa7bee6",0.0679999999999836
"nb_vaisseaux","RandomForest",21,"MAE",0.533333333333333,"ok","",309,279,30,231396449,8921357,"41c6275e1cc83bd0ac08dedcafa7bee6",0.0679999999999836
"nb_vaisseaux","Knn",21,"taux_erreur",0.466666666666667,"ok","",309,279,30,231396449,62784129,"41c6275e1cc83bd0ac08dedcafa7bee6",0.0209999999999582
"nb_vaisseaux","Knn",21,"accuracy",0.533333333333333,"ok","",309,279,30,231396449,62784129,"41c6275e1cc83bd0ac08dedcafa7bee6",0.0209999999999582
"nb_vaisseaux","Knn",21,"RMSE",0.816496580927726,"ok","",309,279,30,231396449,62784129,"41c6275e1cc83bd0ac08dedcafa7bee6",0.0209999999999582
"nb_vaisseaux","Knn",21,"MAE",0.533333333333333,"ok","",309,279,30,231396449,62784129,"41c6275e1cc83bd0ac08dedcafa7bee6",0.0209999999999582
"nb_vaisseaux","ACP",21,"taux_erreur",0.266666666666667,"ok","",309,279,30,231396449,73941051,"41c6275e1cc83bd0ac08dedcafa7bee6",0.0219999999999345
"nb_vaisseaux","ACP",21,"accuracy",0.733333333333333,"ok","",309,279,30,231396449,73941051,"41c6275e1cc83bd0ac08dedcafa7bee6",0.0219999999999345
"nb_vaisseaux","ACP",21,"RMSE",0.752772652709081,"ok","",309,279,30,231396449,73941051,"41c6275e1cc83bd0ac08dedcafa7bee6",0.0219999999999345
"nb_vaisseaux","ACP",21,"MAE",0.366666666666667,"ok","",309,279,30,231396449,73941051,"41c6275e1cc83bd0ac08dedcafa7bee6",0.0219999999999345
"nb_vaisseaux","EM",21,"indisponible",NA,"non_applicable","non_applicable : EM gaussien pour cible quantitative seulement",309,279,30,231396449,141789801,"41c6275e1cc83bd0ac08dedcafa7bee6",0
"nb_vaisseaux","AFDM",21,"taux_erreur",0.366666666666667,"ok","",309,279,30,231396449,218777073,"41c6275e1cc83bd0ac08dedcafa7bee6",0.04099999999994
"nb_vaisseaux","AFDM",21,"accuracy",0.633333333333333,"ok","",309,279,30,231396449,218777073,"41c6275e1cc83bd0ac08dedcafa7bee6",0.04099999999994
"nb_vaisseaux","AFDM",21,"RMSE",0.816496580927726,"ok","",309,279,30,231396449,218777073,"41c6275e1cc83bd0ac08dedcafa7bee6",0.04099999999994
"nb_vaisseaux","AFDM",21,"MAE",0.466666666666667,"ok","",309,279,30,231396449,218777073,"41c6275e1cc83bd0ac08dedcafa7bee6",0.04099999999994
"nb_vaisseaux","mice",21,"taux_erreur",0.4,"ok","",309,279,30,231396449,213050816,"41c6275e1cc83bd0ac08dedcafa7bee6",0.226000000000113
"nb_vaisseaux","mice",21,"accuracy",0.6,"ok","",309,279,30,231396449,213050816,"41c6275e1cc83bd0ac08dedcafa7bee6",0.226000000000113
"nb_vaisseaux","mice",21,"RMSE",0.894427190999916,"ok","",309,279,30,231396449,213050816,"41c6275e1cc83bd0ac08dedcafa7bee6",0.226000000000113
"nb_vaisseaux","mice",21,"MAE",0.533333333333333,"ok","",309,279,30,231396449,213050816,"41c6275e1cc83bd0ac08dedcafa7bee6",0.226000000000113
"test_thallium","mean",21,"indisponible",NA,"non_applicable","non_applicable : moyenne pour cible quantitative seulement",434,391,43,10640133,53084668,"b4a47b5e686dd8288f64d21cd30b98db",0.000999999999976353
"test_thallium","median",21,"indisponible",NA,"non_applicable","non_applicable : médiane sans sens pour cible nominale",434,391,43,10640133,84558195,"b4a47b5e686dd8288f64d21cd30b98db",0.00100000000020373
"test_thallium","mode",21,"taux_erreur",0.534883720930233,"ok","",434,391,43,10640133,182703553,"b4a47b5e686dd8288f64d21cd30b98db",0.000999999999976353
"test_thallium","mode",21,"accuracy",0.465116279069767,"ok","",434,391,43,10640133,182703553,"b4a47b5e686dd8288f64d21cd30b98db",0.000999999999976353
"test_thallium","RandomForest",21,"taux_erreur",0.325581395348837,"ok","",434,391,43,10640133,175122117,"b4a47b5e686dd8288f64d21cd30b98db",0.0809999999999036
"test_thallium","RandomForest",21,"accuracy",0.674418604651163,"ok","",434,391,43,10640133,175122117,"b4a47b5e686dd8288f64d21cd30b98db",0.0809999999999036
"test_thallium","Knn",21,"taux_erreur",0.372093023255814,"ok","",434,391,43,10640133,16618498,"b4a47b5e686dd8288f64d21cd30b98db",0.0270000000000437
"test_thallium","Knn",21,"accuracy",0.627906976744186,"ok","",434,391,43,10640133,16618498,"b4a47b5e686dd8288f64d21cd30b98db",0.0270000000000437
"test_thallium","ACP",21,"taux_erreur",0.395348837209302,"ok","",434,391,43,10640133,207816486,"b4a47b5e686dd8288f64d21cd30b98db",0.0190000000000055
"test_thallium","ACP",21,"accuracy",0.604651162790698,"ok","",434,391,43,10640133,207816486,"b4a47b5e686dd8288f64d21cd30b98db",0.0190000000000055
"test_thallium","EM",21,"indisponible",NA,"non_applicable","non_applicable : EM gaussien pour cible quantitative seulement",434,391,43,10640133,13252758,"b4a47b5e686dd8288f64d21cd30b98db",0
"test_thallium","AFDM",21,"taux_erreur",0.395348837209302,"ok","",434,391,43,10640133,133391874,"b4a47b5e686dd8288f64d21cd30b98db",0.0330000000001291
"test_thallium","AFDM",21,"accuracy",0.604651162790698,"ok","",434,391,43,10640133,133391874,"b4a47b5e686dd8288f64d21cd30b98db",0.0330000000001291
"test_thallium","mice",21,"taux_erreur",0.418604651162791,"ok","",434,391,43,10640133,210901146,"b4a47b5e686dd8288f64d21cd30b98db",0.276000000000067
"test_thallium","mice",21,"accuracy",0.581395348837209,"ok","",434,391,43,10640133,210901146,"b4a47b5e686dd8288f64d21cd30b98db",0.276000000000067
"pa_repos","mean",22,"RMSE",18.6402892679096,"ok","",860,774,86,167757085,49287050,"b8c6782007faf4723f5b4b21c18b77e9",0.000999999999976353
"pa_repos","mean",22,"MAE",15.0481341265549,"ok","",860,774,86,167757085,49287050,"b8c6782007faf4723f5b4b21c18b77e9",0.000999999999976353
"pa_repos","median",22,"RMSE",18.7489534591655,"ok","",860,774,86,167757085,135960408,"b8c6782007faf4723f5b4b21c18b77e9",0.000999999999976353
"pa_repos","median",22,"MAE",14.8720930232558,"ok","",860,774,86,167757085,135960408,"b8c6782007faf4723f5b4b21c18b77e9",0.000999999999976353
"pa_repos","mode",22,"RMSE",22.1860526059179,"ok","",860,774,86,167757085,184355483,"b8c6782007faf4723f5b4b21c18b77e9",0.000999999999976353
"pa_repos","mode",22,"MAE",16.6395348837209,"ok","",860,774,86,167757085,184355483,"b8c6782007faf4723f5b4b21c18b77e9",0.000999999999976353
"pa_repos","RandomForest",22,"RMSE",17.3724422595168,"ok","",860,774,86,167757085,225800021,"b8c6782007faf4723f5b4b21c18b77e9",0.125
"pa_repos","RandomForest",22,"MAE",13.6561083447246,"ok","",860,774,86,167757085,225800021,"b8c6782007faf4723f5b4b21c18b77e9",0.125
"pa_repos","Knn",22,"RMSE",17.7260418068878,"ok","",860,774,86,167757085,79313103,"b8c6782007faf4723f5b4b21c18b77e9",0.0150000000001
"pa_repos","Knn",22,"MAE",14.3186046511628,"ok","",860,774,86,167757085,79313103,"b8c6782007faf4723f5b4b21c18b77e9",0.0150000000001
"pa_repos","ACP",22,"RMSE",20.0489494586204,"ok","",860,774,86,167757085,52361975,"b8c6782007faf4723f5b4b21c18b77e9",0.0149999999998727
"pa_repos","ACP",22,"MAE",15.1021451294372,"ok","",860,774,86,167757085,52361975,"b8c6782007faf4723f5b4b21c18b77e9",0.0149999999998727
"pa_repos","EM",22,"RMSE",17.9610600187894,"ok","",860,774,86,167757085,252076952,"b8c6782007faf4723f5b4b21c18b77e9",0.258000000000038
"pa_repos","EM",22,"MAE",14.1915433578198,"ok","",860,774,86,167757085,252076952,"b8c6782007faf4723f5b4b21c18b77e9",0.258000000000038
"pa_repos","AFDM",22,"RMSE",18.1928716001097,"ok","",860,774,86,167757085,123780548,"b8c6782007faf4723f5b4b21c18b77e9",0.0380000000000109
"pa_repos","AFDM",22,"MAE",14.6499316338268,"ok","",860,774,86,167757085,123780548,"b8c6782007faf4723f5b4b21c18b77e9",0.0380000000000109
"pa_repos","mice",22,"RMSE",19.2166715410416,"ok","",860,774,86,167757085,110762379,"b8c6782007faf4723f5b4b21c18b77e9",0.0769999999999982
"pa_repos","mice",22,"MAE",15.453488372093,"ok","",860,774,86,167757085,110762379,"b8c6782007faf4723f5b4b21c18b77e9",0.0769999999999982
"cholesterol","mean",22,"RMSE",75.1666008443784,"ok","",718,647,71,32945668,46749024,"ea272a82408b10ae64b1d309f78bd107",0
"cholesterol","mean",22,"MAE",52.2438992533252,"ok","",718,647,71,32945668,46749024,"ea272a82408b10ae64b1d309f78bd107",0
"cholesterol","median",22,"RMSE",77.228032566449,"ok","",718,647,71,32945668,155862854,"ea272a82408b10ae64b1d309f78bd107",0.000999999999976353
"cholesterol","median",22,"MAE",53.0140845070423,"ok","",718,647,71,32945668,155862854,"ea272a82408b10ae64b1d309f78bd107",0.000999999999976353
"cholesterol","mode",22,"RMSE",73.3795842198747,"ok","",718,647,71,32945668,53401352,"ea272a82408b10ae64b1d309f78bd107",0.00100000000020373
"cholesterol","mode",22,"MAE",52.0281690140845,"ok","",718,647,71,32945668,53401352,"ea272a82408b10ae64b1d309f78bd107",0.00100000000020373
"cholesterol","RandomForest",22,"RMSE",75.7111863567399,"ok","",718,647,71,32945668,74927394,"ea272a82408b10ae64b1d309f78bd107",0.125999999999976
"cholesterol","RandomForest",22,"MAE",52.3464522325344,"ok","",718,647,71,32945668,74927394,"ea272a82408b10ae64b1d309f78bd107",0.125999999999976
"cholesterol","Knn",22,"RMSE",74.5590719581971,"ok","",718,647,71,32945668,195746577,"ea272a82408b10ae64b1d309f78bd107",0.0219999999999345
"cholesterol","Knn",22,"MAE",51.9859154929577,"ok","",718,647,71,32945668,195746577,"ea272a82408b10ae64b1d309f78bd107",0.0219999999999345
"cholesterol","ACP",22,"RMSE",80.4212925480161,"ok","",718,647,71,32945668,103645224,"ea272a82408b10ae64b1d309f78bd107",0.0190000000000055
"cholesterol","ACP",22,"MAE",55.5324727587658,"ok","",718,647,71,32945668,103645224,"ea272a82408b10ae64b1d309f78bd107",0.0190000000000055
"cholesterol","EM",22,"RMSE",75.7625307762756,"ok","",718,647,71,32945668,148987752,"ea272a82408b10ae64b1d309f78bd107",0.0830000000000837
"cholesterol","EM",22,"MAE",52.6556139157425,"ok","",718,647,71,32945668,148987752,"ea272a82408b10ae64b1d309f78bd107",0.0830000000000837
"cholesterol","AFDM",22,"RMSE",75.5285987493813,"ok","",718,647,71,32945668,99560018,"ea272a82408b10ae64b1d309f78bd107",0.0350000000000819
"cholesterol","AFDM",22,"MAE",53.4372132439747,"ok","",718,647,71,32945668,99560018,"ea272a82408b10ae64b1d309f78bd107",0.0350000000000819
"cholesterol","mice",22,"RMSE",76.5205228846171,"ok","",718,647,71,32945668,46518940,"ea272a82408b10ae64b1d309f78bd107",0.0789999999999509
"cholesterol","mice",22,"MAE",53.5661971830986,"ok","",718,647,71,32945668,46518940,"ea272a82408b10ae64b1d309f78bd107",0.0789999999999509
"glyc_jeun_elevee","mean",22,"indisponible",NA,"non_applicable","non_applicable : moyenne pour cible quantitative seulement",830,747,83,194062186,98851856,"57482c09df220f05e6f30e9079485bf7",0
"glyc_jeun_elevee","median",22,"indisponible",NA,"non_applicable","non_applicable : médiane sans sens pour cible nominale",830,747,83,194062186,2983336,"57482c09df220f05e6f30e9079485bf7",0
"glyc_jeun_elevee","mode",22,"taux_erreur",0.144578313253012,"ok","",830,747,83,194062186,183202822,"57482c09df220f05e6f30e9079485bf7",0.000999999999976353
"glyc_jeun_elevee","mode",22,"accuracy",0.855421686746988,"ok","",830,747,83,194062186,183202822,"57482c09df220f05e6f30e9079485bf7",0.000999999999976353
"glyc_jeun_elevee","RandomForest",22,"taux_erreur",0.156626506024096,"ok","",830,747,83,194062186,13782313,"57482c09df220f05e6f30e9079485bf7",0.103000000000065
"glyc_jeun_elevee","RandomForest",22,"accuracy",0.843373493975904,"ok","",830,747,83,194062186,13782313,"57482c09df220f05e6f30e9079485bf7",0.103000000000065
"glyc_jeun_elevee","Knn",22,"taux_erreur",0.156626506024096,"ok","",830,747,83,194062186,153309896,"57482c09df220f05e6f30e9079485bf7",0.0270000000000437
"glyc_jeun_elevee","Knn",22,"accuracy",0.843373493975904,"ok","",830,747,83,194062186,153309896,"57482c09df220f05e6f30e9079485bf7",0.0270000000000437
"glyc_jeun_elevee","ACP",22,"taux_erreur",0.132530120481928,"ok","",830,747,83,194062186,242213628,"57482c09df220f05e6f30e9079485bf7",0.0209999999999582
"glyc_jeun_elevee","ACP",22,"accuracy",0.867469879518072,"ok","",830,747,83,194062186,242213628,"57482c09df220f05e6f30e9079485bf7",0.0209999999999582
"glyc_jeun_elevee","EM",22,"indisponible",NA,"non_applicable","non_applicable : EM gaussien pour cible quantitative seulement",830,747,83,194062186,200338035,"57482c09df220f05e6f30e9079485bf7",0.000999999999976353
"glyc_jeun_elevee","AFDM",22,"taux_erreur",0.144578313253012,"ok","",830,747,83,194062186,76319342,"57482c09df220f05e6f30e9079485bf7",0.0389999999999873
"glyc_jeun_elevee","AFDM",22,"accuracy",0.855421686746988,"ok","",830,747,83,194062186,76319342,"57482c09df220f05e6f30e9079485bf7",0.0389999999999873
"glyc_jeun_elevee","mice",22,"taux_erreur",0.204819277108434,"ok","",830,747,83,194062186,78908760,"57482c09df220f05e6f30e9079485bf7",0.177000000000135
"glyc_jeun_elevee","mice",22,"accuracy",0.795180722891566,"ok","",830,747,83,194062186,78908760,"57482c09df220f05e6f30e9079485bf7",0.177000000000135
"ecg_repos","mean",22,"indisponible",NA,"non_applicable","non_applicable : moyenne pour cible quantitative seulement",918,827,91,92298087,132691749,"294beeb47ab3d7929f1bd4a2a73b50be",0.000999999999976353
"ecg_repos","median",22,"indisponible",NA,"non_applicable","non_applicable : médiane sans sens pour cible nominale",918,827,91,92298087,228670850,"294beeb47ab3d7929f1bd4a2a73b50be",0
"ecg_repos","mode",22,"taux_erreur",0.395604395604396,"ok","",918,827,91,92298087,93084703,"294beeb47ab3d7929f1bd4a2a73b50be",0.000999999999976353
"ecg_repos","mode",22,"accuracy",0.604395604395604,"ok","",918,827,91,92298087,93084703,"294beeb47ab3d7929f1bd4a2a73b50be",0.000999999999976353
"ecg_repos","RandomForest",22,"taux_erreur",0.417582417582418,"ok","",918,827,91,92298087,52851516,"294beeb47ab3d7929f1bd4a2a73b50be",0.138999999999896
"ecg_repos","RandomForest",22,"accuracy",0.582417582417582,"ok","",918,827,91,92298087,52851516,"294beeb47ab3d7929f1bd4a2a73b50be",0.138999999999896
"ecg_repos","Knn",22,"taux_erreur",0.43956043956044,"ok","",918,827,91,92298087,102116748,"294beeb47ab3d7929f1bd4a2a73b50be",0.05600000000004
"ecg_repos","Knn",22,"accuracy",0.56043956043956,"ok","",918,827,91,92298087,102116748,"294beeb47ab3d7929f1bd4a2a73b50be",0.05600000000004
"ecg_repos","ACP",22,"taux_erreur",0.362637362637363,"ok","",918,827,91,92298087,128935364,"294beeb47ab3d7929f1bd4a2a73b50be",0.0310000000001764
"ecg_repos","ACP",22,"accuracy",0.637362637362637,"ok","",918,827,91,92298087,128935364,"294beeb47ab3d7929f1bd4a2a73b50be",0.0310000000001764
"ecg_repos","EM",22,"indisponible",NA,"non_applicable","non_applicable : EM gaussien pour cible quantitative seulement",918,827,91,92298087,31727692,"294beeb47ab3d7929f1bd4a2a73b50be",0
"ecg_repos","AFDM",22,"taux_erreur",0.351648351648352,"ok","",918,827,91,92298087,82849639,"294beeb47ab3d7929f1bd4a2a73b50be",0.0489999999999782
"ecg_repos","AFDM",22,"accuracy",0.648351648351648,"ok","",918,827,91,92298087,82849639,"294beeb47ab3d7929f1bd4a2a73b50be",0.0489999999999782
"ecg_repos","mice",22,"taux_erreur",0.461538461538462,"ok","",918,827,91,92298087,223432907,"294beeb47ab3d7929f1bd4a2a73b50be",0.383000000000038
"ecg_repos","mice",22,"accuracy",0.538461538461538,"ok","",918,827,91,92298087,223432907,"294beeb47ab3d7929f1bd4a2a73b50be",0.383000000000038
"fc_max","mean",22,"RMSE",22.4590304370322,"ok","",865,779,86,90854104,230099954,"a1ed2d58f889b3f6ec20a71deaee35d6",0.000999999999976353
"fc_max","mean",22,"MAE",18.6947040033436,"ok","",865,779,86,90854104,230099954,"a1ed2d58f889b3f6ec20a71deaee35d6",0.000999999999976353
"fc_max","median",22,"RMSE",22.4476134329957,"ok","",865,779,86,90854104,39894682,"a1ed2d58f889b3f6ec20a71deaee35d6",0.000999999999976353
"fc_max","median",22,"MAE",18.546511627907,"ok","",865,779,86,90854104,39894682,"a1ed2d58f889b3f6ec20a71deaee35d6",0.000999999999976353
"fc_max","mode",22,"RMSE",22.4476134329957,"ok","",865,779,86,90854104,103178618,"a1ed2d58f889b3f6ec20a71deaee35d6",0.000999999999976353
"fc_max","mode",22,"MAE",18.546511627907,"ok","",865,779,86,90854104,103178618,"a1ed2d58f889b3f6ec20a71deaee35d6",0.000999999999976353
"fc_max","RandomForest",22,"RMSE",20.6131287707272,"ok","",865,779,86,90854104,215870378,"a1ed2d58f889b3f6ec20a71deaee35d6",0.141000000000076
"fc_max","RandomForest",22,"MAE",15.1243773672255,"ok","",865,779,86,90854104,215870378,"a1ed2d58f889b3f6ec20a71deaee35d6",0.141000000000076
"fc_max","Knn",22,"RMSE",21.1681858699147,"ok","",865,779,86,90854104,5545772,"a1ed2d58f889b3f6ec20a71deaee35d6",0.0350000000000819
"fc_max","Knn",22,"MAE",15.9860465116279,"ok","",865,779,86,90854104,5545772,"a1ed2d58f889b3f6ec20a71deaee35d6",0.0350000000000819
"fc_max","ACP",22,"RMSE",44.3101070045108,"ok","",865,779,86,90854104,11586044,"a1ed2d58f889b3f6ec20a71deaee35d6",0.0209999999999582
"fc_max","ACP",22,"MAE",38.0299929592561,"ok","",865,779,86,90854104,11586044,"a1ed2d58f889b3f6ec20a71deaee35d6",0.0209999999999582
"fc_max","EM",22,"RMSE",22.6695415450786,"ok","",865,779,86,90854104,267239987,"a1ed2d58f889b3f6ec20a71deaee35d6",0.26299999999992
"fc_max","EM",22,"MAE",18.8258536734188,"ok","",865,779,86,90854104,267239987,"a1ed2d58f889b3f6ec20a71deaee35d6",0.26299999999992
"fc_max","AFDM",22,"RMSE",21.5413959070576,"ok","",865,779,86,90854104,32948684,"a1ed2d58f889b3f6ec20a71deaee35d6",0.0369999999998072
"fc_max","AFDM",22,"MAE",16.7684739909546,"ok","",865,779,86,90854104,32948684,"a1ed2d58f889b3f6ec20a71deaee35d6",0.0369999999998072
"fc_max","mice",22,"RMSE",23.7697873507037,"ok","",865,779,86,90854104,17386053,"a1ed2d58f889b3f6ec20a71deaee35d6",0.0679999999999836
"fc_max","mice",22,"MAE",18.3813953488372,"ok","",865,779,86,90854104,17386053,"a1ed2d58f889b3f6ec20a71deaee35d6",0.0679999999999836
"angine_effort","mean",22,"indisponible",NA,"non_applicable","non_applicable : moyenne pour cible quantitative seulement",865,779,86,143257726,123984414,"690aed63bdc6e0a2fd2d8c22b961c001",0
"angine_effort","median",22,"indisponible",NA,"non_applicable","non_applicable : médiane sans sens pour cible nominale",865,779,86,143257726,233159959,"690aed63bdc6e0a2fd2d8c22b961c001",0
"angine_effort","mode",22,"taux_erreur",0.383720930232558,"ok","",865,779,86,143257726,243773705,"690aed63bdc6e0a2fd2d8c22b961c001",0.000999999999976353
"angine_effort","mode",22,"accuracy",0.616279069767442,"ok","",865,779,86,143257726,243773705,"690aed63bdc6e0a2fd2d8c22b961c001",0.000999999999976353
"angine_effort","RandomForest",22,"taux_erreur",0.22093023255814,"ok","",865,779,86,143257726,161142279,"690aed63bdc6e0a2fd2d8c22b961c001",0.113000000000056
"angine_effort","RandomForest",22,"accuracy",0.779069767441861,"ok","",865,779,86,143257726,161142279,"690aed63bdc6e0a2fd2d8c22b961c001",0.113000000000056
"angine_effort","Knn",22,"taux_erreur",0.27906976744186,"ok","",865,779,86,143257726,81636990,"690aed63bdc6e0a2fd2d8c22b961c001",0.0470000000000255
"angine_effort","Knn",22,"accuracy",0.720930232558139,"ok","",865,779,86,143257726,81636990,"690aed63bdc6e0a2fd2d8c22b961c001",0.0470000000000255
"angine_effort","ACP",22,"taux_erreur",0.372093023255814,"ok","",865,779,86,143257726,133749637,"690aed63bdc6e0a2fd2d8c22b961c001",0.0190000000000055
"angine_effort","ACP",22,"accuracy",0.627906976744186,"ok","",865,779,86,143257726,133749637,"690aed63bdc6e0a2fd2d8c22b961c001",0.0190000000000055
"angine_effort","EM",22,"indisponible",NA,"non_applicable","non_applicable : EM gaussien pour cible quantitative seulement",865,779,86,143257726,174944542,"690aed63bdc6e0a2fd2d8c22b961c001",0
"angine_effort","AFDM",22,"taux_erreur",0.290697674418605,"ok","",865,779,86,143257726,73985799,"690aed63bdc6e0a2fd2d8c22b961c001",0.0389999999999873
"angine_effort","AFDM",22,"accuracy",0.709302325581395,"ok","",865,779,86,143257726,73985799,"690aed63bdc6e0a2fd2d8c22b961c001",0.0389999999999873
"angine_effort","mice",22,"taux_erreur",0.232558139534884,"ok","",865,779,86,143257726,4114870,"690aed63bdc6e0a2fd2d8c22b961c001",0.195999999999913
"angine_effort","mice",22,"accuracy",0.767441860465116,"ok","",865,779,86,143257726,4114870,"690aed63bdc6e0a2fd2d8c22b961c001",0.195999999999913
"depress_st","mean",22,"RMSE",1.13492600275897,"ok","",858,773,85,88547369,189375930,"bd2c1f6069154f69b82c2a8d1739d69c",0.000999999999976353
"depress_st","mean",22,"MAE",0.948299216193593,"ok","",858,773,85,88547369,189375930,"bd2c1f6069154f69b82c2a8d1739d69c",0.000999999999976353
"depress_st","median",22,"RMSE",1.21214442936766,"ok","",858,773,85,88547369,36466300,"bd2c1f6069154f69b82c2a8d1739d69c",0.000999999999976353
"depress_st","median",22,"MAE",0.911764705882353,"ok","",858,773,85,88547369,36466300,"bd2c1f6069154f69b82c2a8d1739d69c",0.000999999999976353
"depress_st","mode",22,"RMSE",1.46584647298172,"ok","",858,773,85,88547369,53221546,"bd2c1f6069154f69b82c2a8d1739d69c",0.000999999999976353
"depress_st","mode",22,"MAE",0.952941176470588,"ok","",858,773,85,88547369,53221546,"bd2c1f6069154f69b82c2a8d1739d69c",0.000999999999976353
"depress_st","RandomForest",22,"RMSE",0.987671630762434,"ok","",858,773,85,88547369,266971904,"bd2c1f6069154f69b82c2a8d1739d69c",0.135999999999967
"depress_st","RandomForest",22,"MAE",0.780991880838052,"ok","",858,773,85,88547369,266971904,"bd2c1f6069154f69b82c2a8d1739d69c",0.135999999999967
"depress_st","Knn",22,"RMSE",1.01015782109996,"ok","",858,773,85,88547369,253365003,"bd2c1f6069154f69b82c2a8d1739d69c",0.0160000000000764
"depress_st","Knn",22,"MAE",0.787058823529412,"ok","",858,773,85,88547369,253365003,"bd2c1f6069154f69b82c2a8d1739d69c",0.0160000000000764
"depress_st","ACP",22,"RMSE",1.81842630938041,"ok","",858,773,85,88547369,9755336,"bd2c1f6069154f69b82c2a8d1739d69c",0.0150000000001
"depress_st","ACP",22,"MAE",1.55098992750854,"ok","",858,773,85,88547369,9755336,"bd2c1f6069154f69b82c2a8d1739d69c",0.0150000000001
"depress_st","EM",22,"RMSE",1.14927717585532,"ok","",858,773,85,88547369,176862728,"bd2c1f6069154f69b82c2a8d1739d69c",0.268000000000029
"depress_st","EM",22,"MAE",0.960955911228572,"ok","",858,773,85,88547369,176862728,"bd2c1f6069154f69b82c2a8d1739d69c",0.268000000000029
"depress_st","AFDM",22,"RMSE",1.07261085898033,"ok","",858,773,85,88547369,164250972,"bd2c1f6069154f69b82c2a8d1739d69c",0.0380000000000109
"depress_st","AFDM",22,"MAE",0.86612164625687,"ok","",858,773,85,88547369,164250972,"bd2c1f6069154f69b82c2a8d1739d69c",0.0380000000000109
"depress_st","mice",22,"RMSE",1.08652062052385,"ok","",858,773,85,88547369,132588239,"bd2c1f6069154f69b82c2a8d1739d69c",0.0860000000000127
"depress_st","mice",22,"MAE",0.865882352941176,"ok","",858,773,85,88547369,132588239,"bd2c1f6069154f69b82c2a8d1739d69c",0.0860000000000127
"pente_st","mean",22,"indisponible",NA,"non_applicable","non_applicable : moyenne pour cible quantitative seulement",611,550,61,208660376,57848649,"c22e9aa0232875dd1a801f1aaffa5a47",0
"pente_st","median",22,"taux_erreur",0.475409836065574,"ok","",611,550,61,208660376,203987269,"c22e9aa0232875dd1a801f1aaffa5a47",0.000999999999976353
"pente_st","median",22,"accuracy",0.524590163934426,"ok","",611,550,61,208660376,203987269,"c22e9aa0232875dd1a801f1aaffa5a47",0.000999999999976353
"pente_st","median",22,"RMSE",0.689499699829937,"ok","",611,550,61,208660376,203987269,"c22e9aa0232875dd1a801f1aaffa5a47",0.000999999999976353
"pente_st","median",22,"MAE",0.475409836065574,"ok","",611,550,61,208660376,203987269,"c22e9aa0232875dd1a801f1aaffa5a47",0.000999999999976353
"pente_st","mode",22,"taux_erreur",0.475409836065574,"ok","",611,550,61,208660376,76745779,"c22e9aa0232875dd1a801f1aaffa5a47",0.00100000000020373
"pente_st","mode",22,"accuracy",0.524590163934426,"ok","",611,550,61,208660376,76745779,"c22e9aa0232875dd1a801f1aaffa5a47",0.00100000000020373
"pente_st","mode",22,"RMSE",0.689499699829937,"ok","",611,550,61,208660376,76745779,"c22e9aa0232875dd1a801f1aaffa5a47",0.00100000000020373
"pente_st","mode",22,"MAE",0.475409836065574,"ok","",611,550,61,208660376,76745779,"c22e9aa0232875dd1a801f1aaffa5a47",0.00100000000020373
"pente_st","RandomForest",22,"taux_erreur",0.327868852459016,"ok","",611,550,61,208660376,60074888,"c22e9aa0232875dd1a801f1aaffa5a47",0.0939999999998236
"pente_st","RandomForest",22,"accuracy",0.672131147540984,"ok","",611,550,61,208660376,60074888,"c22e9aa0232875dd1a801f1aaffa5a47",0.0939999999998236
"pente_st","RandomForest",22,"RMSE",0.572598334313868,"ok","",611,550,61,208660376,60074888,"c22e9aa0232875dd1a801f1aaffa5a47",0.0939999999998236
"pente_st","RandomForest",22,"MAE",0.327868852459016,"ok","",611,550,61,208660376,60074888,"c22e9aa0232875dd1a801f1aaffa5a47",0.0939999999998236
"pente_st","Knn",22,"taux_erreur",0.360655737704918,"ok","",611,550,61,208660376,49773291,"c22e9aa0232875dd1a801f1aaffa5a47",0.0209999999999582
"pente_st","Knn",22,"accuracy",0.639344262295082,"ok","",611,550,61,208660376,49773291,"c22e9aa0232875dd1a801f1aaffa5a47",0.0209999999999582
"pente_st","Knn",22,"RMSE",0.600546199475876,"ok","",611,550,61,208660376,49773291,"c22e9aa0232875dd1a801f1aaffa5a47",0.0209999999999582
"pente_st","Knn",22,"MAE",0.360655737704918,"ok","",611,550,61,208660376,49773291,"c22e9aa0232875dd1a801f1aaffa5a47",0.0209999999999582
"pente_st","ACP",22,"taux_erreur",0.459016393442623,"ok","",611,550,61,208660376,69743935,"c22e9aa0232875dd1a801f1aaffa5a47",0.0209999999999582
"pente_st","ACP",22,"accuracy",0.540983606557377,"ok","",611,550,61,208660376,69743935,"c22e9aa0232875dd1a801f1aaffa5a47",0.0209999999999582
"pente_st","ACP",22,"RMSE",0.778817935752112,"ok","",611,550,61,208660376,69743935,"c22e9aa0232875dd1a801f1aaffa5a47",0.0209999999999582
"pente_st","ACP",22,"MAE",0.508196721311475,"ok","",611,550,61,208660376,69743935,"c22e9aa0232875dd1a801f1aaffa5a47",0.0209999999999582
"pente_st","EM",22,"indisponible",NA,"non_applicable","non_applicable : EM gaussien pour cible quantitative seulement",611,550,61,208660376,37345765,"c22e9aa0232875dd1a801f1aaffa5a47",0
"pente_st","AFDM",22,"taux_erreur",0.327868852459016,"ok","",611,550,61,208660376,31552962,"c22e9aa0232875dd1a801f1aaffa5a47",0.04099999999994
"pente_st","AFDM",22,"accuracy",0.672131147540984,"ok","",611,550,61,208660376,31552962,"c22e9aa0232875dd1a801f1aaffa5a47",0.04099999999994
"pente_st","AFDM",22,"RMSE",0.572598334313868,"ok","",611,550,61,208660376,31552962,"c22e9aa0232875dd1a801f1aaffa5a47",0.04099999999994
"pente_st","AFDM",22,"MAE",0.327868852459016,"ok","",611,550,61,208660376,31552962,"c22e9aa0232875dd1a801f1aaffa5a47",0.04099999999994
"pente_st","mice",22,"taux_erreur",0.327868852459016,"ok","",611,550,61,208660376,68741508,"c22e9aa0232875dd1a801f1aaffa5a47",0.339000000000169
"pente_st","mice",22,"accuracy",0.672131147540984,"ok","",611,550,61,208660376,68741508,"c22e9aa0232875dd1a801f1aaffa5a47",0.339000000000169
"pente_st","mice",22,"RMSE",0.572598334313868,"ok","",611,550,61,208660376,68741508,"c22e9aa0232875dd1a801f1aaffa5a47",0.339000000000169
"pente_st","mice",22,"MAE",0.327868852459016,"ok","",611,550,61,208660376,68741508,"c22e9aa0232875dd1a801f1aaffa5a47",0.339000000000169
"nb_vaisseaux","mean",22,"indisponible",NA,"non_applicable","non_applicable : moyenne pour cible quantitative seulement",309,279,30,131795326,237725113,"6a50879cc8ed2a735c88b0bba169f6d7",0
"nb_vaisseaux","median",22,"taux_erreur",0.4,"ok","",309,279,30,131795326,117520631,"6a50879cc8ed2a735c88b0bba169f6d7",0.000999999999976353
"nb_vaisseaux","median",22,"accuracy",0.6,"ok","",309,279,30,131795326,117520631,"6a50879cc8ed2a735c88b0bba169f6d7",0.000999999999976353
"nb_vaisseaux","median",22,"RMSE",0.894427190999916,"ok","",309,279,30,131795326,117520631,"6a50879cc8ed2a735c88b0bba169f6d7",0.000999999999976353
"nb_vaisseaux","median",22,"MAE",0.533333333333333,"ok","",309,279,30,131795326,117520631,"6a50879cc8ed2a735c88b0bba169f6d7",0.000999999999976353
"nb_vaisseaux","mode",22,"taux_erreur",0.4,"ok","",309,279,30,131795326,201700884,"6a50879cc8ed2a735c88b0bba169f6d7",0
"nb_vaisseaux","mode",22,"accuracy",0.6,"ok","",309,279,30,131795326,201700884,"6a50879cc8ed2a735c88b0bba169f6d7",0
"nb_vaisseaux","mode",22,"RMSE",0.894427190999916,"ok","",309,279,30,131795326,201700884,"6a50879cc8ed2a735c88b0bba169f6d7",0
"nb_vaisseaux","mode",22,"MAE",0.533333333333333,"ok","",309,279,30,131795326,201700884,"6a50879cc8ed2a735c88b0bba169f6d7",0
"nb_vaisseaux","RandomForest",22,"taux_erreur",0.366666666666667,"ok","",309,279,30,131795326,78592509,"6a50879cc8ed2a735c88b0bba169f6d7",0.0620000000001255
"nb_vaisseaux","RandomForest",22,"accuracy",0.633333333333333,"ok","",309,279,30,131795326,78592509,"6a50879cc8ed2a735c88b0bba169f6d7",0.0620000000001255
"nb_vaisseaux","RandomForest",22,"RMSE",0.816496580927726,"ok","",309,279,30,131795326,78592509,"6a50879cc8ed2a735c88b0bba169f6d7",0.0620000000001255
"nb_vaisseaux","RandomForest",22,"MAE",0.466666666666667,"ok","",309,279,30,131795326,78592509,"6a50879cc8ed2a735c88b0bba169f6d7",0.0620000000001255
"nb_vaisseaux","Knn",22,"taux_erreur",0.3,"ok","",309,279,30,131795326,27721406,"6a50879cc8ed2a735c88b0bba169f6d7",0.0160000000000764
"nb_vaisseaux","Knn",22,"accuracy",0.7,"ok","",309,279,30,131795326,27721406,"6a50879cc8ed2a735c88b0bba169f6d7",0.0160000000000764
"nb_vaisseaux","Knn",22,"RMSE",0.632455532033676,"ok","",309,279,30,131795326,27721406,"6a50879cc8ed2a735c88b0bba169f6d7",0.0160000000000764
"nb_vaisseaux","Knn",22,"MAE",0.333333333333333,"ok","",309,279,30,131795326,27721406,"6a50879cc8ed2a735c88b0bba169f6d7",0.0160000000000764
"nb_vaisseaux","ACP",22,"taux_erreur",0.4,"ok","",309,279,30,131795326,191022017,"6a50879cc8ed2a735c88b0bba169f6d7",0.0229999999999109
"nb_vaisseaux","ACP",22,"accuracy",0.6,"ok","",309,279,30,131795326,191022017,"6a50879cc8ed2a735c88b0bba169f6d7",0.0229999999999109
"nb_vaisseaux","ACP",22,"RMSE",0.836660026534076,"ok","",309,279,30,131795326,191022017,"6a50879cc8ed2a735c88b0bba169f6d7",0.0229999999999109
"nb_vaisseaux","ACP",22,"MAE",0.5,"ok","",309,279,30,131795326,191022017,"6a50879cc8ed2a735c88b0bba169f6d7",0.0229999999999109
"nb_vaisseaux","EM",22,"indisponible",NA,"non_applicable","non_applicable : EM gaussien pour cible quantitative seulement",309,279,30,131795326,68921707,"6a50879cc8ed2a735c88b0bba169f6d7",0
"nb_vaisseaux","AFDM",22,"taux_erreur",0.4,"ok","",309,279,30,131795326,221006722,"6a50879cc8ed2a735c88b0bba169f6d7",0.02800000000002
"nb_vaisseaux","AFDM",22,"accuracy",0.6,"ok","",309,279,30,131795326,221006722,"6a50879cc8ed2a735c88b0bba169f6d7",0.02800000000002
"nb_vaisseaux","AFDM",22,"RMSE",0.836660026534076,"ok","",309,279,30,131795326,221006722,"6a50879cc8ed2a735c88b0bba169f6d7",0.02800000000002
"nb_vaisseaux","AFDM",22,"MAE",0.5,"ok","",309,279,30,131795326,221006722,"6a50879cc8ed2a735c88b0bba169f6d7",0.02800000000002
"nb_vaisseaux","mice",22,"taux_erreur",0.4,"ok","",309,279,30,131795326,51079865,"6a50879cc8ed2a735c88b0bba169f6d7",0.226000000000113
"nb_vaisseaux","mice",22,"accuracy",0.6,"ok","",309,279,30,131795326,51079865,"6a50879cc8ed2a735c88b0bba169f6d7",0.226000000000113
"nb_vaisseaux","mice",22,"RMSE",0.774596669241483,"ok","",309,279,30,131795326,51079865,"6a50879cc8ed2a735c88b0bba169f6d7",0.226000000000113
"nb_vaisseaux","mice",22,"MAE",0.466666666666667,"ok","",309,279,30,131795326,51079865,"6a50879cc8ed2a735c88b0bba169f6d7",0.226000000000113
"test_thallium","mean",22,"indisponible",NA,"non_applicable","non_applicable : moyenne pour cible quantitative seulement",434,391,43,88705904,62379212,"66014b58a813178b48d462e729c4e6c0",0
"test_thallium","median",22,"indisponible",NA,"non_applicable","non_applicable : médiane sans sens pour cible nominale",434,391,43,88705904,112433244,"66014b58a813178b48d462e729c4e6c0",0.000999999999976353
"test_thallium","mode",22,"taux_erreur",0.651162790697674,"ok","",434,391,43,88705904,228291857,"66014b58a813178b48d462e729c4e6c0",0.000999999999976353
"test_thallium","mode",22,"accuracy",0.348837209302326,"ok","",434,391,43,88705904,228291857,"66014b58a813178b48d462e729c4e6c0",0.000999999999976353
"test_thallium","RandomForest",22,"taux_erreur",0.395348837209302,"ok","",434,391,43,88705904,151041721,"66014b58a813178b48d462e729c4e6c0",0.08400000000006
"test_thallium","RandomForest",22,"accuracy",0.604651162790698,"ok","",434,391,43,88705904,151041721,"66014b58a813178b48d462e729c4e6c0",0.08400000000006
"test_thallium","Knn",22,"taux_erreur",0.418604651162791,"ok","",434,391,43,88705904,226152732,"66014b58a813178b48d462e729c4e6c0",0.0460000000000491
"test_thallium","Knn",22,"accuracy",0.581395348837209,"ok","",434,391,43,88705904,226152732,"66014b58a813178b48d462e729c4e6c0",0.0460000000000491
"test_thallium","ACP",22,"taux_erreur",0.395348837209302,"ok","",434,391,43,88705904,134609958,"66014b58a813178b48d462e729c4e6c0",0.0289999999999964
"test_thallium","ACP",22,"accuracy",0.604651162790698,"ok","",434,391,43,88705904,134609958,"66014b58a813178b48d462e729c4e6c0",0.0289999999999964
"test_thallium","EM",22,"indisponible",NA,"non_applicable","non_applicable : EM gaussien pour cible quantitative seulement",434,391,43,88705904,191541774,"66014b58a813178b48d462e729c4e6c0",0.000999999999976353
"test_thallium","AFDM",22,"taux_erreur",0.465116279069767,"ok","",434,391,43,88705904,95147738,"66014b58a813178b48d462e729c4e6c0",0.0419999999999163
"test_thallium","AFDM",22,"accuracy",0.534883720930233,"ok","",434,391,43,88705904,95147738,"66014b58a813178b48d462e729c4e6c0",0.0419999999999163
"test_thallium","mice",22,"taux_erreur",0.395348837209302,"ok","",434,391,43,88705904,45249088,"66014b58a813178b48d462e729c4e6c0",0.22199999999998
"test_thallium","mice",22,"accuracy",0.604651162790698,"ok","",434,391,43,88705904,45249088,"66014b58a813178b48d462e729c4e6c0",0.22199999999998
"pa_repos","mean",23,"RMSE",20.4066142149645,"ok","",860,774,86,74369018,172147946,"7624c38d78d9f5781a70c3964ca2ffac",0
"pa_repos","mean",23,"MAE",15.9963343549066,"ok","",860,774,86,74369018,172147946,"7624c38d78d9f5781a70c3964ca2ffac",0
"pa_repos","median",23,"RMSE",20.7294308249306,"ok","",860,774,86,74369018,67463135,"7624c38d78d9f5781a70c3964ca2ffac",0.000999999999976353
"pa_repos","median",23,"MAE",15.7558139534884,"ok","",860,774,86,74369018,67463135,"7624c38d78d9f5781a70c3964ca2ffac",0.000999999999976353
"pa_repos","mode",23,"RMSE",24.7909867342108,"ok","",860,774,86,74369018,141415517,"7624c38d78d9f5781a70c3964ca2ffac",0.000999999999976353
"pa_repos","mode",23,"MAE",17.8255813953488,"ok","",860,774,86,74369018,141415517,"7624c38d78d9f5781a70c3964ca2ffac",0.000999999999976353
"pa_repos","RandomForest",23,"RMSE",19.7177274421004,"ok","",860,774,86,74369018,83863773,"7624c38d78d9f5781a70c3964ca2ffac",0.134999999999991
"pa_repos","RandomForest",23,"MAE",15.5715317639059,"ok","",860,774,86,74369018,83863773,"7624c38d78d9f5781a70c3964ca2ffac",0.134999999999991
"pa_repos","Knn",23,"RMSE",20.1005842793709,"ok","",860,774,86,74369018,210248540,"7624c38d78d9f5781a70c3964ca2ffac",0.0260000000000673
"pa_repos","Knn",23,"MAE",15.9813953488372,"ok","",860,774,86,74369018,210248540,"7624c38d78d9f5781a70c3964ca2ffac",0.0260000000000673
"pa_repos","ACP",23,"RMSE",21.5467886963611,"ok","",860,774,86,74369018,256581622,"7624c38d78d9f5781a70c3964ca2ffac",0.0240000000001146
"pa_repos","ACP",23,"MAE",16.6123766441083,"ok","",860,774,86,74369018,256581622,"7624c38d78d9f5781a70c3964ca2ffac",0.0240000000001146
"pa_repos","EM",23,"RMSE",19.4809021909818,"ok","",860,774,86,74369018,150069247,"7624c38d78d9f5781a70c3964ca2ffac",0.284999999999854
"pa_repos","EM",23,"MAE",15.1025055611069,"ok","",860,774,86,74369018,150069247,"7624c38d78d9f5781a70c3964ca2ffac",0.284999999999854
"pa_repos","AFDM",23,"RMSE",19.948384035891,"ok","",860,774,86,74369018,134254227,"7624c38d78d9f5781a70c3964ca2ffac",0.0610000000001492
"pa_repos","AFDM",23,"MAE",15.6772018767912,"ok","",860,774,86,74369018,134254227,"7624c38d78d9f5781a70c3964ca2ffac",0.0610000000001492
"pa_repos","mice",23,"RMSE",22.2488672301143,"ok","",860,774,86,74369018,29036864,"7624c38d78d9f5781a70c3964ca2ffac",0.0709999999999127
"pa_repos","mice",23,"MAE",16.9860465116279,"ok","",860,774,86,74369018,29036864,"7624c38d78d9f5781a70c3964ca2ffac",0.0709999999999127
"cholesterol","mean",23,"RMSE",51.3730635239822,"ok","",718,647,71,62148567,205881738,"9724cd6531afbf94ce5d197c3ac59f49",0
"cholesterol","mean",23,"MAE",41.2454883862681,"ok","",718,647,71,62148567,205881738,"9724cd6531afbf94ce5d197c3ac59f49",0
"cholesterol","median",23,"RMSE",50.9416954765757,"ok","",718,647,71,62148567,248268352,"9724cd6531afbf94ce5d197c3ac59f49",0.00100000000020373
"cholesterol","median",23,"MAE",40.1267605633803,"ok","",718,647,71,62148567,248268352,"9724cd6531afbf94ce5d197c3ac59f49",0.00100000000020373
"cholesterol","mode",23,"RMSE",52.6172734450269,"ok","",718,647,71,62148567,68569066,"9724cd6531afbf94ce5d197c3ac59f49",0.000999999999976353
"cholesterol","mode",23,"MAE",42.830985915493,"ok","",718,647,71,62148567,68569066,"9724cd6531afbf94ce5d197c3ac59f49",0.000999999999976353
"cholesterol","RandomForest",23,"RMSE",52.654093901157,"ok","",718,647,71,62148567,18881804,"9724cd6531afbf94ce5d197c3ac59f49",0.114000000000033
"cholesterol","RandomForest",23,"MAE",41.9258157133245,"ok","",718,647,71,62148567,18881804,"9724cd6531afbf94ce5d197c3ac59f49",0.114000000000033
"cholesterol","Knn",23,"RMSE",57.6420718807385,"ok","",718,647,71,62148567,179895517,"9724cd6531afbf94ce5d197c3ac59f49",0.0179999999998017
"cholesterol","Knn",23,"MAE",46.5464788732394,"ok","",718,647,71,62148567,179895517,"9724cd6531afbf94ce5d197c3ac59f49",0.0179999999998017
"cholesterol","ACP",23,"RMSE",55.0141241598217,"ok","",718,647,71,62148567,80414661,"9724cd6531afbf94ce5d197c3ac59f49",0.0249999999998636
"cholesterol","ACP",23,"MAE",44.5023505300996,"ok","",718,647,71,62148567,80414661,"9724cd6531afbf94ce5d197c3ac59f49",0.0249999999998636
"cholesterol","EM",23,"RMSE",50.2626078897188,"ok","",718,647,71,62148567,45115866,"9724cd6531afbf94ce5d197c3ac59f49",0.100000000000136
"cholesterol","EM",23,"MAE",40.4157156786015,"ok","",718,647,71,62148567,45115866,"9724cd6531afbf94ce5d197c3ac59f49",0.100000000000136
"cholesterol","AFDM",23,"RMSE",50.0489441385922,"ok","",718,647,71,62148567,3944396,"9724cd6531afbf94ce5d197c3ac59f49",0.04099999999994
"cholesterol","AFDM",23,"MAE",40.5561750194854,"ok","",718,647,71,62148567,3944396,"9724cd6531afbf94ce5d197c3ac59f49",0.04099999999994
"cholesterol","mice",23,"RMSE",56.6655570175806,"ok","",718,647,71,62148567,5908937,"9724cd6531afbf94ce5d197c3ac59f49",0.0709999999999127
"cholesterol","mice",23,"MAE",44.1774647887324,"ok","",718,647,71,62148567,5908937,"9724cd6531afbf94ce5d197c3ac59f49",0.0709999999999127
"glyc_jeun_elevee","mean",23,"indisponible",NA,"non_applicable","non_applicable : moyenne pour cible quantitative seulement",830,747,83,127288756,138603700,"ce94c05e38a0b0d3cbad2a010a55194b",0
"glyc_jeun_elevee","median",23,"indisponible",NA,"non_applicable","non_applicable : médiane sans sens pour cible nominale",830,747,83,127288756,13191989,"ce94c05e38a0b0d3cbad2a010a55194b",0
"glyc_jeun_elevee","mode",23,"taux_erreur",0.204819277108434,"ok","",830,747,83,127288756,40404001,"ce94c05e38a0b0d3cbad2a010a55194b",0.000999999999976353
"glyc_jeun_elevee","mode",23,"accuracy",0.795180722891566,"ok","",830,747,83,127288756,40404001,"ce94c05e38a0b0d3cbad2a010a55194b",0.000999999999976353
"glyc_jeun_elevee","RandomForest",23,"taux_erreur",0.192771084337349,"ok","",830,747,83,127288756,237842448,"ce94c05e38a0b0d3cbad2a010a55194b",0.105000000000018
"glyc_jeun_elevee","RandomForest",23,"accuracy",0.807228915662651,"ok","",830,747,83,127288756,237842448,"ce94c05e38a0b0d3cbad2a010a55194b",0.105000000000018
"glyc_jeun_elevee","Knn",23,"taux_erreur",0.240963855421687,"ok","",830,747,83,127288756,18208751,"ce94c05e38a0b0d3cbad2a010a55194b",0.0570000000000164
"glyc_jeun_elevee","Knn",23,"accuracy",0.759036144578313,"ok","",830,747,83,127288756,18208751,"ce94c05e38a0b0d3cbad2a010a55194b",0.0570000000000164
"glyc_jeun_elevee","ACP",23,"taux_erreur",0.228915662650602,"ok","",830,747,83,127288756,134938987,"ce94c05e38a0b0d3cbad2a010a55194b",0.0199999999999818
"glyc_jeun_elevee","ACP",23,"accuracy",0.771084337349398,"ok","",830,747,83,127288756,134938987,"ce94c05e38a0b0d3cbad2a010a55194b",0.0199999999999818
"glyc_jeun_elevee","EM",23,"indisponible",NA,"non_applicable","non_applicable : EM gaussien pour cible quantitative seulement",830,747,83,127288756,142578589,"ce94c05e38a0b0d3cbad2a010a55194b",0
"glyc_jeun_elevee","AFDM",23,"taux_erreur",0.204819277108434,"ok","",830,747,83,127288756,202451694,"ce94c05e38a0b0d3cbad2a010a55194b",0.0459999999998217
"glyc_jeun_elevee","AFDM",23,"accuracy",0.795180722891566,"ok","",830,747,83,127288756,202451694,"ce94c05e38a0b0d3cbad2a010a55194b",0.0459999999998217
"glyc_jeun_elevee","mice",23,"taux_erreur",0.180722891566265,"ok","",830,747,83,127288756,166773441,"ce94c05e38a0b0d3cbad2a010a55194b",0.165000000000191
"glyc_jeun_elevee","mice",23,"accuracy",0.819277108433735,"ok","",830,747,83,127288756,166773441,"ce94c05e38a0b0d3cbad2a010a55194b",0.165000000000191
"ecg_repos","mean",23,"indisponible",NA,"non_applicable","non_applicable : moyenne pour cible quantitative seulement",918,827,91,122446616,27565308,"7450943d9a03df232d9f68f7f9e0a03d",0.000999999999976353
"ecg_repos","median",23,"indisponible",NA,"non_applicable","non_applicable : médiane sans sens pour cible nominale",918,827,91,122446616,57947705,"7450943d9a03df232d9f68f7f9e0a03d",0
"ecg_repos","mode",23,"taux_erreur",0.417582417582418,"ok","",918,827,91,122446616,58103419,"7450943d9a03df232d9f68f7f9e0a03d",0.000999999999976353
"ecg_repos","mode",23,"accuracy",0.582417582417582,"ok","",918,827,91,122446616,58103419,"7450943d9a03df232d9f68f7f9e0a03d",0.000999999999976353
"ecg_repos","RandomForest",23,"taux_erreur",0.395604395604396,"ok","",918,827,91,122446616,98342429,"7450943d9a03df232d9f68f7f9e0a03d",0.142000000000053
"ecg_repos","RandomForest",23,"accuracy",0.604395604395604,"ok","",918,827,91,122446616,98342429,"7450943d9a03df232d9f68f7f9e0a03d",0.142000000000053
"ecg_repos","Knn",23,"taux_erreur",0.340659340659341,"ok","",918,827,91,122446616,95320475,"7450943d9a03df232d9f68f7f9e0a03d",0.0500000000001819
"ecg_repos","Knn",23,"accuracy",0.659340659340659,"ok","",918,827,91,122446616,95320475,"7450943d9a03df232d9f68f7f9e0a03d",0.0500000000001819
"ecg_repos","ACP",23,"taux_erreur",0.417582417582418,"ok","",918,827,91,122446616,65328035,"7450943d9a03df232d9f68f7f9e0a03d",0.0309999999999491
"ecg_repos","ACP",23,"accuracy",0.582417582417582,"ok","",918,827,91,122446616,65328035,"7450943d9a03df232d9f68f7f9e0a03d",0.0309999999999491
"ecg_repos","EM",23,"indisponible",NA,"non_applicable","non_applicable : EM gaussien pour cible quantitative seulement",918,827,91,122446616,44961306,"7450943d9a03df232d9f68f7f9e0a03d",0.000999999999976353
"ecg_repos","AFDM",23,"taux_erreur",0.373626373626374,"ok","",918,827,91,122446616,230008159,"7450943d9a03df232d9f68f7f9e0a03d",0.06899999999996
"ecg_repos","AFDM",23,"accuracy",0.626373626373626,"ok","",918,827,91,122446616,230008159,"7450943d9a03df232d9f68f7f9e0a03d",0.06899999999996
"ecg_repos","mice",23,"taux_erreur",0.373626373626374,"ok","",918,827,91,122446616,82014980,"7450943d9a03df232d9f68f7f9e0a03d",0.398000000000138
"ecg_repos","mice",23,"accuracy",0.626373626373626,"ok","",918,827,91,122446616,82014980,"7450943d9a03df232d9f68f7f9e0a03d",0.398000000000138
"fc_max","mean",23,"RMSE",23.3845713511585,"ok","",865,779,86,102091127,213713555,"7d04b8c17ac8e2bb727a3aea32053e08",0
"fc_max","mean",23,"MAE",19.2115861121892,"ok","",865,779,86,102091127,213713555,"7d04b8c17ac8e2bb727a3aea32053e08",0
"fc_max","median",23,"RMSE",23.3120888890741,"ok","",865,779,86,102091127,74453833,"7d04b8c17ac8e2bb727a3aea32053e08",0
"fc_max","median",23,"MAE",19.0813953488372,"ok","",865,779,86,102091127,74453833,"7d04b8c17ac8e2bb727a3aea32053e08",0
"fc_max","mode",23,"RMSE",25.6354133691004,"ok","",865,779,86,102091127,107409505,"7d04b8c17ac8e2bb727a3aea32053e08",0.000999999999976353
"fc_max","mode",23,"MAE",20.8023255813953,"ok","",865,779,86,102091127,107409505,"7d04b8c17ac8e2bb727a3aea32053e08",0.000999999999976353
"fc_max","RandomForest",23,"RMSE",18.9975779672014,"ok","",865,779,86,102091127,117711170,"7d04b8c17ac8e2bb727a3aea32053e08",0.13799999999992
"fc_max","RandomForest",23,"MAE",14.9776065303215,"ok","",865,779,86,102091127,117711170,"7d04b8c17ac8e2bb727a3aea32053e08",0.13799999999992
"fc_max","Knn",23,"RMSE",20.6305936741732,"ok","",865,779,86,102091127,146849495,"7d04b8c17ac8e2bb727a3aea32053e08",0.0199999999999818
"fc_max","Knn",23,"MAE",16.5302325581395,"ok","",865,779,86,102091127,146849495,"7d04b8c17ac8e2bb727a3aea32053e08",0.0199999999999818
"fc_max","ACP",23,"RMSE",42.7582299000069,"ok","",865,779,86,102091127,121638575,"7d04b8c17ac8e2bb727a3aea32053e08",0.0259999999998399
"fc_max","ACP",23,"MAE",36.3613729748296,"ok","",865,779,86,102091127,121638575,"7d04b8c17ac8e2bb727a3aea32053e08",0.0259999999998399
"fc_max","EM",23,"RMSE",21.6581947517863,"ok","",865,779,86,102091127,80737988,"7d04b8c17ac8e2bb727a3aea32053e08",0.260999999999967
"fc_max","EM",23,"MAE",18.0098806063287,"ok","",865,779,86,102091127,80737988,"7d04b8c17ac8e2bb727a3aea32053e08",0.260999999999967
"fc_max","AFDM",23,"RMSE",20.3316318291033,"ok","",865,779,86,102091127,73113565,"7d04b8c17ac8e2bb727a3aea32053e08",0.0390000000002146
"fc_max","AFDM",23,"MAE",15.991763273587,"ok","",865,779,86,102091127,73113565,"7d04b8c17ac8e2bb727a3aea32053e08",0.0390000000002146
"fc_max","mice",23,"RMSE",20.4547259564505,"ok","",865,779,86,102091127,267644128,"7d04b8c17ac8e2bb727a3aea32053e08",0.0939999999998236
"fc_max","mice",23,"MAE",16.3511627906977,"ok","",865,779,86,102091127,267644128,"7d04b8c17ac8e2bb727a3aea32053e08",0.0939999999998236
"angine_effort","mean",23,"indisponible",NA,"non_applicable","non_applicable : moyenne pour cible quantitative seulement",865,779,86,242467822,49840203,"4cd9db81816d2021dc1edcb5b64241e1",0
"angine_effort","median",23,"indisponible",NA,"non_applicable","non_applicable : médiane sans sens pour cible nominale",865,779,86,242467822,218685611,"4cd9db81816d2021dc1edcb5b64241e1",0
"angine_effort","mode",23,"taux_erreur",0.337209302325581,"ok","",865,779,86,242467822,59694100,"4cd9db81816d2021dc1edcb5b64241e1",0.000999999999976353
"angine_effort","mode",23,"accuracy",0.662790697674419,"ok","",865,779,86,242467822,59694100,"4cd9db81816d2021dc1edcb5b64241e1",0.000999999999976353
"angine_effort","RandomForest",23,"taux_erreur",0.232558139534884,"ok","",865,779,86,242467822,65588097,"4cd9db81816d2021dc1edcb5b64241e1",0.119000000000142
"angine_effort","RandomForest",23,"accuracy",0.767441860465116,"ok","",865,779,86,242467822,65588097,"4cd9db81816d2021dc1edcb5b64241e1",0.119000000000142
"angine_effort","Knn",23,"taux_erreur",0.313953488372093,"ok","",865,779,86,242467822,123093261,"4cd9db81816d2021dc1edcb5b64241e1",0.04099999999994
"angine_effort","Knn",23,"accuracy",0.686046511627907,"ok","",865,779,86,242467822,123093261,"4cd9db81816d2021dc1edcb5b64241e1",0.04099999999994
"angine_effort","ACP",23,"taux_erreur",0.337209302325581,"ok","",865,779,86,242467822,16680586,"4cd9db81816d2021dc1edcb5b64241e1",0.0199999999999818
"angine_effort","ACP",23,"accuracy",0.662790697674419,"ok","",865,779,86,242467822,16680586,"4cd9db81816d2021dc1edcb5b64241e1",0.0199999999999818
"angine_effort","EM",23,"indisponible",NA,"non_applicable","non_applicable : EM gaussien pour cible quantitative seulement",865,779,86,242467822,256844216,"4cd9db81816d2021dc1edcb5b64241e1",0
"angine_effort","AFDM",23,"taux_erreur",0.232558139534884,"ok","",865,779,86,242467822,248064867,"4cd9db81816d2021dc1edcb5b64241e1",0.0440000000000964
"angine_effort","AFDM",23,"accuracy",0.767441860465116,"ok","",865,779,86,242467822,248064867,"4cd9db81816d2021dc1edcb5b64241e1",0.0440000000000964
"angine_effort","mice",23,"taux_erreur",0.290697674418605,"ok","",865,779,86,242467822,216385756,"4cd9db81816d2021dc1edcb5b64241e1",0.294000000000096
"angine_effort","mice",23,"accuracy",0.709302325581395,"ok","",865,779,86,242467822,216385756,"4cd9db81816d2021dc1edcb5b64241e1",0.294000000000096
"depress_st","mean",23,"RMSE",1.16213664802887,"ok","",858,773,85,214456294,79318256,"59d1020e889e22a080999012c3f0602a",0.000999999999976353
"depress_st","mean",23,"MAE",0.938522182482307,"ok","",858,773,85,214456294,79318256,"59d1020e889e22a080999012c3f0602a",0.000999999999976353
"depress_st","median",23,"RMSE",1.23450394896088,"ok","",858,773,85,214456294,125598645,"59d1020e889e22a080999012c3f0602a",0
"depress_st","median",23,"MAE",0.938823529411765,"ok","",858,773,85,214456294,125598645,"59d1020e889e22a080999012c3f0602a",0
"depress_st","mode",23,"RMSE",1.48081853358599,"ok","",858,773,85,214456294,181170284,"59d1020e889e22a080999012c3f0602a",0.00200000000018008
"depress_st","mode",23,"MAE",0.989411764705882,"ok","",858,773,85,214456294,181170284,"59d1020e889e22a080999012c3f0602a",0.00200000000018008
"depress_st","RandomForest",23,"RMSE",0.974449785297627,"ok","",858,773,85,214456294,198961809,"59d1020e889e22a080999012c3f0602a",0.147999999999911
"depress_st","RandomForest",23,"MAE",0.738960493557416,"ok","",858,773,85,214456294,198961809,"59d1020e889e22a080999012c3f0602a",0.147999999999911
"depress_st","Knn",23,"RMSE",1.05094691196307,"ok","",858,773,85,214456294,132964924,"59d1020e889e22a080999012c3f0602a",0.0230000000001382
"depress_st","Knn",23,"MAE",0.790588235294118,"ok","",858,773,85,214456294,132964924,"59d1020e889e22a080999012c3f0602a",0.0230000000001382
"depress_st","ACP",23,"RMSE",1.78776271947925,"ok","",858,773,85,214456294,70332707,"59d1020e889e22a080999012c3f0602a",0.0190000000000055
"depress_st","ACP",23,"MAE",1.46368162564614,"ok","",858,773,85,214456294,70332707,"59d1020e889e22a080999012c3f0602a",0.0190000000000055
"depress_st","EM",23,"RMSE",1.12025584902974,"ok","",858,773,85,214456294,215927871,"59d1020e889e22a080999012c3f0602a",0.289999999999964
"depress_st","EM",23,"MAE",0.861187051532415,"ok","",858,773,85,214456294,215927871,"59d1020e889e22a080999012c3f0602a",0.289999999999964
"depress_st","AFDM",23,"RMSE",1.06155090125095,"ok","",858,773,85,214456294,169163509,"59d1020e889e22a080999012c3f0602a",0.0440000000000964
"depress_st","AFDM",23,"MAE",0.789901218111622,"ok","",858,773,85,214456294,169163509,"59d1020e889e22a080999012c3f0602a",0.0440000000000964
"depress_st","mice",23,"RMSE",1.12084841815055,"ok","",858,773,85,214456294,43643737,"59d1020e889e22a080999012c3f0602a",0.0989999999999327
"depress_st","mice",23,"MAE",0.818352941176471,"ok","",858,773,85,214456294,43643737,"59d1020e889e22a080999012c3f0602a",0.0989999999999327
"pente_st","mean",23,"indisponible",NA,"non_applicable","non_applicable : moyenne pour cible quantitative seulement",611,550,61,61867379,86309587,"811aab36150502e7e21e4bc235731a8f",0.000999999999976353
"pente_st","median",23,"taux_erreur",0.442622950819672,"ok","",611,550,61,61867379,165632932,"811aab36150502e7e21e4bc235731a8f",0.000999999999976353
"pente_st","median",23,"accuracy",0.557377049180328,"ok","",611,550,61,61867379,165632932,"811aab36150502e7e21e4bc235731a8f",0.000999999999976353
"pente_st","median",23,"RMSE",0.665299143859116,"ok","",611,550,61,61867379,165632932,"811aab36150502e7e21e4bc235731a8f",0.000999999999976353
"pente_st","median",23,"MAE",0.442622950819672,"ok","",611,550,61,61867379,165632932,"811aab36150502e7e21e4bc235731a8f",0.000999999999976353
"pente_st","mode",23,"taux_erreur",0.442622950819672,"ok","",611,550,61,61867379,39861120,"811aab36150502e7e21e4bc235731a8f",0.000999999999976353
"pente_st","mode",23,"accuracy",0.557377049180328,"ok","",611,550,61,61867379,39861120,"811aab36150502e7e21e4bc235731a8f",0.000999999999976353
"pente_st","mode",23,"RMSE",0.665299143859116,"ok","",611,550,61,61867379,39861120,"811aab36150502e7e21e4bc235731a8f",0.000999999999976353
"pente_st","mode",23,"MAE",0.442622950819672,"ok","",611,550,61,61867379,39861120,"811aab36150502e7e21e4bc235731a8f",0.000999999999976353
"pente_st","RandomForest",23,"taux_erreur",0.311475409836066,"ok","",611,550,61,61867379,185707024,"811aab36150502e7e21e4bc235731a8f",0.158999999999878
"pente_st","RandomForest",23,"accuracy",0.688524590163934,"ok","",611,550,61,61867379,185707024,"811aab36150502e7e21e4bc235731a8f",0.158999999999878
"pente_st","RandomForest",23,"RMSE",0.558099820673744,"ok","",611,550,61,61867379,185707024,"811aab36150502e7e21e4bc235731a8f",0.158999999999878
"pente_st","RandomForest",23,"MAE",0.311475409836066,"ok","",611,550,61,61867379,185707024,"811aab36150502e7e21e4bc235731a8f",0.158999999999878
"pente_st","Knn",23,"taux_erreur",0.278688524590164,"ok","",611,550,61,61867379,66645625,"811aab36150502e7e21e4bc235731a8f",0.0240000000001146
"pente_st","Knn",23,"accuracy",0.721311475409836,"ok","",611,550,61,61867379,66645625,"811aab36150502e7e21e4bc235731a8f",0.0240000000001146
"pente_st","Knn",23,"RMSE",0.689499699829937,"ok","",611,550,61,61867379,66645625,"811aab36150502e7e21e4bc235731a8f",0.0240000000001146
"pente_st","Knn",23,"MAE",0.344262295081967,"ok","",611,550,61,61867379,66645625,"811aab36150502e7e21e4bc235731a8f",0.0240000000001146
"pente_st","ACP",23,"taux_erreur",0.442622950819672,"ok","",611,550,61,61867379,106793637,"811aab36150502e7e21e4bc235731a8f",0.0229999999999109
"pente_st","ACP",23,"accuracy",0.557377049180328,"ok","",611,550,61,61867379,106793637,"811aab36150502e7e21e4bc235731a8f",0.0229999999999109
"pente_st","ACP",23,"RMSE",0.701286873318277,"ok","",611,550,61,61867379,106793637,"811aab36150502e7e21e4bc235731a8f",0.0229999999999109
"pente_st","ACP",23,"MAE",0.459016393442623,"ok","",611,550,61,61867379,106793637,"811aab36150502e7e21e4bc235731a8f",0.0229999999999109
"pente_st","EM",23,"indisponible",NA,"non_applicable","non_applicable : EM gaussien pour cible quantitative seulement",611,550,61,61867379,41593124,"811aab36150502e7e21e4bc235731a8f",0
"pente_st","AFDM",23,"taux_erreur",0.360655737704918,"ok","",611,550,61,61867379,45473286,"811aab36150502e7e21e4bc235731a8f",0.0449999999998454
"pente_st","AFDM",23,"accuracy",0.639344262295082,"ok","",611,550,61,61867379,45473286,"811aab36150502e7e21e4bc235731a8f",0.0449999999998454
"pente_st","AFDM",23,"RMSE",0.600546199475876,"ok","",611,550,61,61867379,45473286,"811aab36150502e7e21e4bc235731a8f",0.0449999999998454
"pente_st","AFDM",23,"MAE",0.360655737704918,"ok","",611,550,61,61867379,45473286,"811aab36150502e7e21e4bc235731a8f",0.0449999999998454
"pente_st","mice",23,"taux_erreur",0.344262295081967,"ok","",611,550,61,61867379,59759463,"811aab36150502e7e21e4bc235731a8f",0.369999999999891
"pente_st","mice",23,"accuracy",0.655737704918033,"ok","",611,550,61,61867379,59759463,"811aab36150502e7e21e4bc235731a8f",0.369999999999891
"pente_st","mice",23,"RMSE",0.586738694038468,"ok","",611,550,61,61867379,59759463,"811aab36150502e7e21e4bc235731a8f",0.369999999999891
"pente_st","mice",23,"MAE",0.344262295081967,"ok","",611,550,61,61867379,59759463,"811aab36150502e7e21e4bc235731a8f",0.369999999999891
"nb_vaisseaux","mean",23,"indisponible",NA,"non_applicable","non_applicable : moyenne pour cible quantitative seulement",309,279,30,38479224,71818294,"c339a0a6d07ebe4d9284872e72596128",0
"nb_vaisseaux","median",23,"taux_erreur",0.533333333333333,"ok","",309,279,30,38479224,234058887,"c339a0a6d07ebe4d9284872e72596128",0.000999999999976353
"nb_vaisseaux","median",23,"accuracy",0.466666666666667,"ok","",309,279,30,38479224,234058887,"c339a0a6d07ebe4d9284872e72596128",0.000999999999976353
"nb_vaisseaux","median",23,"RMSE",1.29099444873581,"ok","",309,279,30,38479224,234058887,"c339a0a6d07ebe4d9284872e72596128",0.000999999999976353
"nb_vaisseaux","median",23,"MAE",0.866666666666667,"ok","",309,279,30,38479224,234058887,"c339a0a6d07ebe4d9284872e72596128",0.000999999999976353
"nb_vaisseaux","mode",23,"taux_erreur",0.533333333333333,"ok","",309,279,30,38479224,148606752,"c339a0a6d07ebe4d9284872e72596128",0
"nb_vaisseaux","mode",23,"accuracy",0.466666666666667,"ok","",309,279,30,38479224,148606752,"c339a0a6d07ebe4d9284872e72596128",0
"nb_vaisseaux","mode",23,"RMSE",1.29099444873581,"ok","",309,279,30,38479224,148606752,"c339a0a6d07ebe4d9284872e72596128",0
"nb_vaisseaux","mode",23,"MAE",0.866666666666667,"ok","",309,279,30,38479224,148606752,"c339a0a6d07ebe4d9284872e72596128",0
"nb_vaisseaux","RandomForest",23,"taux_erreur",0.633333333333333,"ok","",309,279,30,38479224,118424899,"c339a0a6d07ebe4d9284872e72596128",0.0620000000001255
"nb_vaisseaux","RandomForest",23,"accuracy",0.366666666666667,"ok","",309,279,30,38479224,118424899,"c339a0a6d07ebe4d9284872e72596128",0.0620000000001255
"nb_vaisseaux","RandomForest",23,"RMSE",1.32916013582513,"ok","",309,279,30,38479224,118424899,"c339a0a6d07ebe4d9284872e72596128",0.0620000000001255
"nb_vaisseaux","RandomForest",23,"MAE",0.966666666666667,"ok","",309,279,30,38479224,118424899,"c339a0a6d07ebe4d9284872e72596128",0.0620000000001255
"nb_vaisseaux","Knn",23,"taux_erreur",0.633333333333333,"ok","",309,279,30,38479224,263606523,"c339a0a6d07ebe4d9284872e72596128",0.0149999999998727
"nb_vaisseaux","Knn",23,"accuracy",0.366666666666667,"ok","",309,279,30,38479224,263606523,"c339a0a6d07ebe4d9284872e72596128",0.0149999999998727
"nb_vaisseaux","Knn",23,"RMSE",1.29099444873581,"ok","",309,279,30,38479224,263606523,"c339a0a6d07ebe4d9284872e72596128",0.0149999999998727
"nb_vaisseaux","Knn",23,"MAE",0.933333333333333,"ok","",309,279,30,38479224,263606523,"c339a0a6d07ebe4d9284872e72596128",0.0149999999998727
"nb_vaisseaux","ACP",23,"taux_erreur",0.6,"ok","",309,279,30,38479224,41553966,"c339a0a6d07ebe4d9284872e72596128",0.0180000000000291
"nb_vaisseaux","ACP",23,"accuracy",0.4,"ok","",309,279,30,38479224,41553966,"c339a0a6d07ebe4d9284872e72596128",0.0180000000000291
"nb_vaisseaux","ACP",23,"RMSE",1.27801930084539,"ok","",309,279,30,38479224,41553966,"c339a0a6d07ebe4d9284872e72596128",0.0180000000000291
"nb_vaisseaux","ACP",23,"MAE",0.9,"ok","",309,279,30,38479224,41553966,"c339a0a6d07ebe4d9284872e72596128",0.0180000000000291
"nb_vaisseaux","EM",23,"indisponible",NA,"non_applicable","non_applicable : EM gaussien pour cible quantitative seulement",309,279,30,38479224,161663021,"c339a0a6d07ebe4d9284872e72596128",0.000999999999976353
"nb_vaisseaux","AFDM",23,"taux_erreur",0.566666666666667,"ok","",309,279,30,38479224,46319780,"c339a0a6d07ebe4d9284872e72596128",0.0329999999999018
"nb_vaisseaux","AFDM",23,"accuracy",0.433333333333333,"ok","",309,279,30,38479224,46319780,"c339a0a6d07ebe4d9284872e72596128",0.0329999999999018
"nb_vaisseaux","AFDM",23,"RMSE",1.18321595661992,"ok","",309,279,30,38479224,46319780,"c339a0a6d07ebe4d9284872e72596128",0.0329999999999018
"nb_vaisseaux","AFDM",23,"MAE",0.8,"ok","",309,279,30,38479224,46319780,"c339a0a6d07ebe4d9284872e72596128",0.0329999999999018
"nb_vaisseaux","mice",23,"taux_erreur",0.533333333333333,"ok","",309,279,30,38479224,79950953,"c339a0a6d07ebe4d9284872e72596128",0.285000000000082
"nb_vaisseaux","mice",23,"accuracy",0.466666666666667,"ok","",309,279,30,38479224,79950953,"c339a0a6d07ebe4d9284872e72596128",0.285000000000082
"nb_vaisseaux","mice",23,"RMSE",1.25166555703457,"ok","",309,279,30,38479224,79950953,"c339a0a6d07ebe4d9284872e72596128",0.285000000000082
"nb_vaisseaux","mice",23,"MAE",0.833333333333333,"ok","",309,279,30,38479224,79950953,"c339a0a6d07ebe4d9284872e72596128",0.285000000000082
"test_thallium","mean",23,"indisponible",NA,"non_applicable","non_applicable : moyenne pour cible quantitative seulement",434,391,43,133681418,189676282,"cff69e8fc5d2ab944443dc9987b3cbe4",0
"test_thallium","median",23,"indisponible",NA,"non_applicable","non_applicable : médiane sans sens pour cible nominale",434,391,43,133681418,24083755,"cff69e8fc5d2ab944443dc9987b3cbe4",0.000999999999976353
"test_thallium","mode",23,"taux_erreur",0.627906976744186,"ok","",434,391,43,133681418,196169641,"cff69e8fc5d2ab944443dc9987b3cbe4",0.00100000000020373
"test_thallium","mode",23,"accuracy",0.372093023255814,"ok","",434,391,43,133681418,196169641,"cff69e8fc5d2ab944443dc9987b3cbe4",0.00100000000020373
"test_thallium","RandomForest",23,"taux_erreur",0.325581395348837,"ok","",434,391,43,133681418,156072190,"cff69e8fc5d2ab944443dc9987b3cbe4",0.0759999999997945
"test_thallium","RandomForest",23,"accuracy",0.674418604651163,"ok","",434,391,43,133681418,156072190,"cff69e8fc5d2ab944443dc9987b3cbe4",0.0759999999997945
"test_thallium","Knn",23,"taux_erreur",0.441860465116279,"ok","",434,391,43,133681418,63320641,"cff69e8fc5d2ab944443dc9987b3cbe4",0.0190000000000055
"test_thallium","Knn",23,"accuracy",0.558139534883721,"ok","",434,391,43,133681418,63320641,"cff69e8fc5d2ab944443dc9987b3cbe4",0.0190000000000055
"test_thallium","ACP",23,"taux_erreur",0.465116279069767,"ok","",434,391,43,133681418,245578983,"cff69e8fc5d2ab944443dc9987b3cbe4",0.0180000000000291
"test_thallium","ACP",23,"accuracy",0.534883720930233,"ok","",434,391,43,133681418,245578983,"cff69e8fc5d2ab944443dc9987b3cbe4",0.0180000000000291
"test_thallium","EM",23,"indisponible",NA,"non_applicable","non_applicable : EM gaussien pour cible quantitative seulement",434,391,43,133681418,24830804,"cff69e8fc5d2ab944443dc9987b3cbe4",0.000999999999976353
"test_thallium","AFDM",23,"taux_erreur",0.395348837209302,"ok","",434,391,43,133681418,7946592,"cff69e8fc5d2ab944443dc9987b3cbe4",0.0380000000000109
"test_thallium","AFDM",23,"accuracy",0.604651162790698,"ok","",434,391,43,133681418,7946592,"cff69e8fc5d2ab944443dc9987b3cbe4",0.0380000000000109
"test_thallium","mice",23,"taux_erreur",0.558139534883721,"ok","",434,391,43,133681418,81659654,"cff69e8fc5d2ab944443dc9987b3cbe4",0.293999999999869
"test_thallium","mice",23,"accuracy",0.441860465116279,"ok","",434,391,43,133681418,81659654,"cff69e8fc5d2ab944443dc9987b3cbe4",0.293999999999869
"pa_repos","mean",24,"RMSE",20.7579780138356,"ok","",860,774,86,215435589,44621826,"e67385801fcc6e4cbc7df32809570158",0
"pa_repos","mean",24,"MAE",16.0348837209302,"ok","",860,774,86,215435589,44621826,"e67385801fcc6e4cbc7df32809570158",0
"pa_repos","median",24,"RMSE",21.1068709192054,"ok","",860,774,86,215435589,59745080,"e67385801fcc6e4cbc7df32809570158",0
"pa_repos","median",24,"MAE",16.1279069767442,"ok","",860,774,86,215435589,59745080,"e67385801fcc6e4cbc7df32809570158",0
"pa_repos","mode",24,"RMSE",25.2552089952815,"ok","",860,774,86,215435589,125410948,"e67385801fcc6e4cbc7df32809570158",0.000999999999976353
"pa_repos","mode",24,"MAE",19.2906976744186,"ok","",860,774,86,215435589,125410948,"e67385801fcc6e4cbc7df32809570158",0.000999999999976353
"pa_repos","RandomForest",24,"RMSE",19.1665953365802,"ok","",860,774,86,215435589,32750007,"e67385801fcc6e4cbc7df32809570158",0.123000000000047
"pa_repos","RandomForest",24,"MAE",14.6387369366181,"ok","",860,774,86,215435589,32750007,"e67385801fcc6e4cbc7df32809570158",0.123000000000047
"pa_repos","Knn",24,"RMSE",19.1873020026145,"ok","",860,774,86,215435589,46828431,"e67385801fcc6e4cbc7df32809570158",0.0350000000000819
"pa_repos","Knn",24,"MAE",14.9720930232558,"ok","",860,774,86,215435589,46828431,"e67385801fcc6e4cbc7df32809570158",0.0350000000000819
"pa_repos","ACP",24,"RMSE",22.4326019787809,"ok","",860,774,86,215435589,8467041,"e67385801fcc6e4cbc7df32809570158",0.0219999999999345
"pa_repos","ACP",24,"MAE",16.6043899133376,"ok","",860,774,86,215435589,8467041,"e67385801fcc6e4cbc7df32809570158",0.0219999999999345
"pa_repos","EM",24,"RMSE",20.0531039877259,"ok","",860,774,86,215435589,262399166,"e67385801fcc6e4cbc7df32809570158",0.259999999999991
"pa_repos","EM",24,"MAE",15.7730638904965,"ok","",860,774,86,215435589,262399166,"e67385801fcc6e4cbc7df32809570158",0.259999999999991
"pa_repos","AFDM",24,"RMSE",20.0420519957951,"ok","",860,774,86,215435589,28988161,"e67385801fcc6e4cbc7df32809570158",0.0520000000001346
"pa_repos","AFDM",24,"MAE",15.0930161036741,"ok","",860,774,86,215435589,28988161,"e67385801fcc6e4cbc7df32809570158",0.0520000000001346
"pa_repos","mice",24,"RMSE",20.5477775632962,"ok","",860,774,86,215435589,196419451,"e67385801fcc6e4cbc7df32809570158",0.0660000000000309
"pa_repos","mice",24,"MAE",15.9255813953488,"ok","",860,774,86,215435589,196419451,"e67385801fcc6e4cbc7df32809570158",0.0660000000000309
"cholesterol","mean",24,"RMSE",51.728346432642,"ok","",718,647,71,68370834,191695183,"20e3763f3a20f7d8f225c287fe0d49f7",0.000999999999976353
"cholesterol","mean",24,"MAE",39.6369810827873,"ok","",718,647,71,68370834,191695183,"20e3763f3a20f7d8f225c287fe0d49f7",0.000999999999976353
"cholesterol","median",24,"RMSE",52.7534792925053,"ok","",718,647,71,68370834,73913408,"20e3763f3a20f7d8f225c287fe0d49f7",0
"cholesterol","median",24,"MAE",40.7605633802817,"ok","",718,647,71,68370834,73913408,"20e3763f3a20f7d8f225c287fe0d49f7",0
"cholesterol","mode",24,"RMSE",63.2295170864519,"ok","",718,647,71,68370834,204201179,"20e3763f3a20f7d8f225c287fe0d49f7",0.000999999999976353
"cholesterol","mode",24,"MAE",51.1830985915493,"ok","",718,647,71,68370834,204201179,"20e3763f3a20f7d8f225c287fe0d49f7",0.000999999999976353
"cholesterol","RandomForest",24,"RMSE",53.7245642746852,"ok","",718,647,71,68370834,60256633,"20e3763f3a20f7d8f225c287fe0d49f7",0.130999999999858
"cholesterol","RandomForest",24,"MAE",41.8596370097967,"ok","",718,647,71,68370834,60256633,"20e3763f3a20f7d8f225c287fe0d49f7",0.130999999999858
"cholesterol","Knn",24,"RMSE",58.6918042602538,"ok","",718,647,71,68370834,122918894,"20e3763f3a20f7d8f225c287fe0d49f7",0.0250000000000909
"cholesterol","Knn",24,"MAE",45.1661971830986,"ok","",718,647,71,68370834,122918894,"20e3763f3a20f7d8f225c287fe0d49f7",0.0250000000000909
"cholesterol","ACP",24,"RMSE",56.828722551359,"ok","",718,647,71,68370834,70592118,"20e3763f3a20f7d8f225c287fe0d49f7",0.0209999999999582
"cholesterol","ACP",24,"MAE",44.731479329099,"ok","",718,647,71,68370834,70592118,"20e3763f3a20f7d8f225c287fe0d49f7",0.0209999999999582
"cholesterol","EM",24,"RMSE",50.9760294700993,"ok","",718,647,71,68370834,98494271,"20e3763f3a20f7d8f225c287fe0d49f7",0.0789999999999509
"cholesterol","EM",24,"MAE",39.5256828377507,"ok","",718,647,71,68370834,98494271,"20e3763f3a20f7d8f225c287fe0d49f7",0.0789999999999509
"cholesterol","AFDM",24,"RMSE",52.2893268249525,"ok","",718,647,71,68370834,143976445,"20e3763f3a20f7d8f225c287fe0d49f7",0.0369999999998072
"cholesterol","AFDM",24,"MAE",39.91803515256,"ok","",718,647,71,68370834,143976445,"20e3763f3a20f7d8f225c287fe0d49f7",0.0369999999998072
"cholesterol","mice",24,"RMSE",57.4716096476596,"ok","",718,647,71,68370834,122203608,"20e3763f3a20f7d8f225c287fe0d49f7",0.113000000000056
"cholesterol","mice",24,"MAE",43.2112676056338,"ok","",718,647,71,68370834,122203608,"20e3763f3a20f7d8f225c287fe0d49f7",0.113000000000056
"glyc_jeun_elevee","mean",24,"indisponible",NA,"non_applicable","non_applicable : moyenne pour cible quantitative seulement",830,747,83,64830088,56510550,"e7122affcd45f5dcacf158f746143b0c",0
"glyc_jeun_elevee","median",24,"indisponible",NA,"non_applicable","non_applicable : médiane sans sens pour cible nominale",830,747,83,64830088,244088180,"e7122affcd45f5dcacf158f746143b0c",0
"glyc_jeun_elevee","mode",24,"taux_erreur",0.156626506024096,"ok","",830,747,83,64830088,106666135,"e7122affcd45f5dcacf158f746143b0c",0.000999999999976353
"glyc_jeun_elevee","mode",24,"accuracy",0.843373493975904,"ok","",830,747,83,64830088,106666135,"e7122affcd45f5dcacf158f746143b0c",0.000999999999976353
"glyc_jeun_elevee","RandomForest",24,"taux_erreur",0.132530120481928,"ok","",830,747,83,64830088,27300413,"e7122affcd45f5dcacf158f746143b0c",0.101999999999862
"glyc_jeun_elevee","RandomForest",24,"accuracy",0.867469879518072,"ok","",830,747,83,64830088,27300413,"e7122affcd45f5dcacf158f746143b0c",0.101999999999862
"glyc_jeun_elevee","Knn",24,"taux_erreur",0.156626506024096,"ok","",830,747,83,64830088,225593990,"e7122affcd45f5dcacf158f746143b0c",0.02800000000002
"glyc_jeun_elevee","Knn",24,"accuracy",0.843373493975904,"ok","",830,747,83,64830088,225593990,"e7122affcd45f5dcacf158f746143b0c",0.02800000000002
"glyc_jeun_elevee","ACP",24,"taux_erreur",0.168674698795181,"ok","",830,747,83,64830088,50428371,"e7122affcd45f5dcacf158f746143b0c",0.0229999999999109
"glyc_jeun_elevee","ACP",24,"accuracy",0.831325301204819,"ok","",830,747,83,64830088,50428371,"e7122affcd45f5dcacf158f746143b0c",0.0229999999999109
"glyc_jeun_elevee","EM",24,"indisponible",NA,"non_applicable","non_applicable : EM gaussien pour cible quantitative seulement",830,747,83,64830088,260781630,"e7122affcd45f5dcacf158f746143b0c",0
"glyc_jeun_elevee","AFDM",24,"taux_erreur",0.156626506024096,"ok","",830,747,83,64830088,69352402,"e7122affcd45f5dcacf158f746143b0c",0.0380000000000109
"glyc_jeun_elevee","AFDM",24,"accuracy",0.843373493975904,"ok","",830,747,83,64830088,69352402,"e7122affcd45f5dcacf158f746143b0c",0.0380000000000109
"glyc_jeun_elevee","mice",24,"taux_erreur",0.180722891566265,"ok","",830,747,83,64830088,61814903,"e7122affcd45f5dcacf158f746143b0c",0.190000000000055
"glyc_jeun_elevee","mice",24,"accuracy",0.819277108433735,"ok","",830,747,83,64830088,61814903,"e7122affcd45f5dcacf158f746143b0c",0.190000000000055
"ecg_repos","mean",24,"indisponible",NA,"non_applicable","non_applicable : moyenne pour cible quantitative seulement",918,827,91,41238162,14602298,"93e33ffc75a6b3a4c95148ae1a0d41f1",0
"ecg_repos","median",24,"indisponible",NA,"non_applicable","non_applicable : médiane sans sens pour cible nominale",918,827,91,41238162,107304171,"93e33ffc75a6b3a4c95148ae1a0d41f1",0
"ecg_repos","mode",24,"taux_erreur",0.340659340659341,"ok","",918,827,91,41238162,124371308,"93e33ffc75a6b3a4c95148ae1a0d41f1",0.000999999999976353
"ecg_repos","mode",24,"accuracy",0.659340659340659,"ok","",918,827,91,41238162,124371308,"93e33ffc75a6b3a4c95148ae1a0d41f1",0.000999999999976353
"ecg_repos","RandomForest",24,"taux_erreur",0.32967032967033,"ok","",918,827,91,41238162,230221570,"93e33ffc75a6b3a4c95148ae1a0d41f1",0.135999999999967
"ecg_repos","RandomForest",24,"accuracy",0.67032967032967,"ok","",918,827,91,41238162,230221570,"93e33ffc75a6b3a4c95148ae1a0d41f1",0.135999999999967
"ecg_repos","Knn",24,"taux_erreur",0.340659340659341,"ok","",918,827,91,41238162,40104338,"93e33ffc75a6b3a4c95148ae1a0d41f1",0.0260000000000673
"ecg_repos","Knn",24,"accuracy",0.659340659340659,"ok","",918,827,91,41238162,40104338,"93e33ffc75a6b3a4c95148ae1a0d41f1",0.0260000000000673
"ecg_repos","ACP",24,"taux_erreur",0.32967032967033,"ok","",918,827,91,41238162,14334553,"93e33ffc75a6b3a4c95148ae1a0d41f1",0.0219999999999345
"ecg_repos","ACP",24,"accuracy",0.67032967032967,"ok","",918,827,91,41238162,14334553,"93e33ffc75a6b3a4c95148ae1a0d41f1",0.0219999999999345
"ecg_repos","EM",24,"indisponible",NA,"non_applicable","non_applicable : EM gaussien pour cible quantitative seulement",918,827,91,41238162,178705974,"93e33ffc75a6b3a4c95148ae1a0d41f1",0.000999999999976353
"ecg_repos","AFDM",24,"taux_erreur",0.340659340659341,"ok","",918,827,91,41238162,158825031,"93e33ffc75a6b3a4c95148ae1a0d41f1",0.0540000000000873
"ecg_repos","AFDM",24,"accuracy",0.659340659340659,"ok","",918,827,91,41238162,158825031,"93e33ffc75a6b3a4c95148ae1a0d41f1",0.0540000000000873
"ecg_repos","mice",24,"taux_erreur",0.362637362637363,"ok","",918,827,91,41238162,127409073,"93e33ffc75a6b3a4c95148ae1a0d41f1",0.356999999999971
"ecg_repos","mice",24,"accuracy",0.637362637362637,"ok","",918,827,91,41238162,127409073,"93e33ffc75a6b3a4c95148ae1a0d41f1",0.356999999999971
"fc_max","mean",24,"RMSE",28.0808423737567,"ok","",865,779,86,2826004,159233939,"2ee20761530d8e46e4d134f90894938f",0
"fc_max","mean",24,"MAE",23.5030749022301,"ok","",865,779,86,2826004,159233939,"2ee20761530d8e46e4d134f90894938f",0
"fc_max","median",24,"RMSE",28.529258746963,"ok","",865,779,86,2826004,109577472,"2ee20761530d8e46e4d134f90894938f",0
"fc_max","median",24,"MAE",23.8953488372093,"ok","",865,779,86,2826004,109577472,"2ee20761530d8e46e4d134f90894938f",0
"fc_max","mode",24,"RMSE",32.6818703743037,"ok","",865,779,86,2826004,230867055,"2ee20761530d8e46e4d134f90894938f",0.00100000000020373
"fc_max","mode",24,"MAE",27.2209302325581,"ok","",865,779,86,2826004,230867055,"2ee20761530d8e46e4d134f90894938f",0.00100000000020373
"fc_max","RandomForest",24,"RMSE",20.6014811871682,"ok","",865,779,86,2826004,261678340,"2ee20761530d8e46e4d134f90894938f",0.144999999999982
"fc_max","RandomForest",24,"MAE",16.2773470903933,"ok","",865,779,86,2826004,261678340,"2ee20761530d8e46e4d134f90894938f",0.144999999999982
"fc_max","Knn",24,"RMSE",23.6911326753674,"ok","",865,779,86,2826004,213489125,"2ee20761530d8e46e4d134f90894938f",0.0319999999999254
"fc_max","Knn",24,"MAE",18.9395348837209,"ok","",865,779,86,2826004,213489125,"2ee20761530d8e46e4d134f90894938f",0.0319999999999254
"fc_max","ACP",24,"RMSE",45.639044214916,"ok","",865,779,86,2826004,150064643,"2ee20761530d8e46e4d134f90894938f",0.0180000000000291
"fc_max","ACP",24,"MAE",38.5846069289883,"ok","",865,779,86,2826004,150064643,"2ee20761530d8e46e4d134f90894938f",0.0180000000000291
"fc_max","EM",24,"RMSE",27.3658344895954,"ok","",865,779,86,2826004,155087535,"2ee20761530d8e46e4d134f90894938f",0.234000000000151
"fc_max","EM",24,"MAE",22.6812436836966,"ok","",865,779,86,2826004,155087535,"2ee20761530d8e46e4d134f90894938f",0.234000000000151
"fc_max","AFDM",24,"RMSE",23.152815235435,"ok","",865,779,86,2826004,16675253,"2ee20761530d8e46e4d134f90894938f",0.0589999999999691
"fc_max","AFDM",24,"MAE",18.7769076233024,"ok","",865,779,86,2826004,16675253,"2ee20761530d8e46e4d134f90894938f",0.0589999999999691
"fc_max","mice",24,"RMSE",23.7826690856432,"ok","",865,779,86,2826004,213403106,"2ee20761530d8e46e4d134f90894938f",0.0760000000000218
"fc_max","mice",24,"MAE",18.8720930232558,"ok","",865,779,86,2826004,213403106,"2ee20761530d8e46e4d134f90894938f",0.0760000000000218
"angine_effort","mean",24,"indisponible",NA,"non_applicable","non_applicable : moyenne pour cible quantitative seulement",865,779,86,203292180,56281003,"400e01329b755b6c5b89038e1d4e7502",0
"angine_effort","median",24,"indisponible",NA,"non_applicable","non_applicable : médiane sans sens pour cible nominale",865,779,86,203292180,170886951,"400e01329b755b6c5b89038e1d4e7502",0
"angine_effort","mode",24,"taux_erreur",0.325581395348837,"ok","",865,779,86,203292180,149883021,"400e01329b755b6c5b89038e1d4e7502",0.000999999999976353
"angine_effort","mode",24,"accuracy",0.674418604651163,"ok","",865,779,86,203292180,149883021,"400e01329b755b6c5b89038e1d4e7502",0.000999999999976353
"angine_effort","RandomForest",24,"taux_erreur",0.232558139534884,"ok","",865,779,86,203292180,213152704,"400e01329b755b6c5b89038e1d4e7502",0.115999999999985
"angine_effort","RandomForest",24,"accuracy",0.767441860465116,"ok","",865,779,86,203292180,213152704,"400e01329b755b6c5b89038e1d4e7502",0.115999999999985
"angine_effort","Knn",24,"taux_erreur",0.27906976744186,"ok","",865,779,86,203292180,2033509,"400e01329b755b6c5b89038e1d4e7502",0.0460000000000491
"angine_effort","Knn",24,"accuracy",0.720930232558139,"ok","",865,779,86,203292180,2033509,"400e01329b755b6c5b89038e1d4e7502",0.0460000000000491
"angine_effort","ACP",24,"taux_erreur",0.348837209302326,"ok","",865,779,86,203292180,118056836,"400e01329b755b6c5b89038e1d4e7502",0.0190000000000055
"angine_effort","ACP",24,"accuracy",0.651162790697674,"ok","",865,779,86,203292180,118056836,"400e01329b755b6c5b89038e1d4e7502",0.0190000000000055
"angine_effort","EM",24,"indisponible",NA,"non_applicable","non_applicable : EM gaussien pour cible quantitative seulement",865,779,86,203292180,31966872,"400e01329b755b6c5b89038e1d4e7502",0.000999999999976353
"angine_effort","AFDM",24,"taux_erreur",0.267441860465116,"ok","",865,779,86,203292180,147844870,"400e01329b755b6c5b89038e1d4e7502",0.0419999999999163
"angine_effort","AFDM",24,"accuracy",0.732558139534884,"ok","",865,779,86,203292180,147844870,"400e01329b755b6c5b89038e1d4e7502",0.0419999999999163
"angine_effort","mice",24,"taux_erreur",0.244186046511628,"ok","",865,779,86,203292180,126213236,"400e01329b755b6c5b89038e1d4e7502",0.170000000000073
"angine_effort","mice",24,"accuracy",0.755813953488372,"ok","",865,779,86,203292180,126213236,"400e01329b755b6c5b89038e1d4e7502",0.170000000000073
"depress_st","mean",24,"RMSE",0.963215583622155,"ok","",858,773,85,160160473,257489098,"dc7c1bfc197318f389ac2eee54b2c36a",0
"depress_st","mean",24,"MAE",0.809089110417776,"ok","",858,773,85,160160473,257489098,"dc7c1bfc197318f389ac2eee54b2c36a",0
"depress_st","median",24,"RMSE",1.04897709277966,"ok","",858,773,85,160160473,73091915,"dc7c1bfc197318f389ac2eee54b2c36a",0
"depress_st","median",24,"MAE",0.824705882352941,"ok","",858,773,85,160160473,73091915,"dc7c1bfc197318f389ac2eee54b2c36a",0
"depress_st","mode",24,"RMSE",1.32966161108757,"ok","",858,773,85,160160473,88482986,"dc7c1bfc197318f389ac2eee54b2c36a",0.000999999999976353
"depress_st","mode",24,"MAE",0.917647058823529,"ok","",858,773,85,160160473,88482986,"dc7c1bfc197318f389ac2eee54b2c36a",0.000999999999976353
"depress_st","RandomForest",24,"RMSE",0.760444014733661,"ok","",858,773,85,160160473,258557525,"dc7c1bfc197318f389ac2eee54b2c36a",0.151000000000067
"depress_st","RandomForest",24,"MAE",0.606440686880371,"ok","",858,773,85,160160473,258557525,"dc7c1bfc197318f389ac2eee54b2c36a",0.151000000000067
"depress_st","Knn",24,"RMSE",0.895673259752291,"ok","",858,773,85,160160473,29898775,"dc7c1bfc197318f389ac2eee54b2c36a",0.0419999999999163
"depress_st","Knn",24,"MAE",0.702588235294118,"ok","",858,773,85,160160473,29898775,"dc7c1bfc197318f389ac2eee54b2c36a",0.0419999999999163
"depress_st","ACP",24,"RMSE",1.73881326877053,"ok","",858,773,85,160160473,96485415,"dc7c1bfc197318f389ac2eee54b2c36a",0.0219999999999345
"depress_st","ACP",24,"MAE",1.53310527603342,"ok","",858,773,85,160160473,96485415,"dc7c1bfc197318f389ac2eee54b2c36a",0.0219999999999345
"depress_st","EM",24,"RMSE",0.978477275219692,"ok","",858,773,85,160160473,110896087,"dc7c1bfc197318f389ac2eee54b2c36a",0.236000000000104
"depress_st","EM",24,"MAE",0.815978038986376,"ok","",858,773,85,160160473,110896087,"dc7c1bfc197318f389ac2eee54b2c36a",0.236000000000104
"depress_st","AFDM",24,"RMSE",0.890358405668048,"ok","",858,773,85,160160473,104171960,"dc7c1bfc197318f389ac2eee54b2c36a",0.0529999999998836
"depress_st","AFDM",24,"MAE",0.727401932520124,"ok","",858,773,85,160160473,104171960,"dc7c1bfc197318f389ac2eee54b2c36a",0.0529999999998836
"depress_st","mice",24,"RMSE",0.874245893529355,"ok","",858,773,85,160160473,45777453,"dc7c1bfc197318f389ac2eee54b2c36a",0.06899999999996
"depress_st","mice",24,"MAE",0.668470588235294,"ok","",858,773,85,160160473,45777453,"dc7c1bfc197318f389ac2eee54b2c36a",0.06899999999996
"pente_st","mean",24,"indisponible",NA,"non_applicable","non_applicable : moyenne pour cible quantitative seulement",611,550,61,182606843,79239543,"8958a5db8272c2b30c3153f05290502d",0
"pente_st","median",24,"taux_erreur",0.442622950819672,"ok","",611,550,61,182606843,147562424,"8958a5db8272c2b30c3153f05290502d",0
"pente_st","median",24,"accuracy",0.557377049180328,"ok","",611,550,61,182606843,147562424,"8958a5db8272c2b30c3153f05290502d",0
"pente_st","median",24,"RMSE",0.665299143859116,"ok","",611,550,61,182606843,147562424,"8958a5db8272c2b30c3153f05290502d",0
"pente_st","median",24,"MAE",0.442622950819672,"ok","",611,550,61,182606843,147562424,"8958a5db8272c2b30c3153f05290502d",0
"pente_st","mode",24,"taux_erreur",0.442622950819672,"ok","",611,550,61,182606843,15772903,"8958a5db8272c2b30c3153f05290502d",0.00100000000020373
"pente_st","mode",24,"accuracy",0.557377049180328,"ok","",611,550,61,182606843,15772903,"8958a5db8272c2b30c3153f05290502d",0.00100000000020373
"pente_st","mode",24,"RMSE",0.665299143859116,"ok","",611,550,61,182606843,15772903,"8958a5db8272c2b30c3153f05290502d",0.00100000000020373
"pente_st","mode",24,"MAE",0.442622950819672,"ok","",611,550,61,182606843,15772903,"8958a5db8272c2b30c3153f05290502d",0.00100000000020373
"pente_st","RandomForest",24,"taux_erreur",0.377049180327869,"ok","",611,550,61,182606843,137263610,"8958a5db8272c2b30c3153f05290502d",0.09699999999998
"pente_st","RandomForest",24,"accuracy",0.622950819672131,"ok","",611,550,61,182606843,137263610,"8958a5db8272c2b30c3153f05290502d",0.09699999999998
"pente_st","RandomForest",24,"RMSE",0.652862549237373,"ok","",611,550,61,182606843,137263610,"8958a5db8272c2b30c3153f05290502d",0.09699999999998
"pente_st","RandomForest",24,"MAE",0.39344262295082,"ok","",611,550,61,182606843,137263610,"8958a5db8272c2b30c3153f05290502d",0.09699999999998
"pente_st","Knn",24,"taux_erreur",0.311475409836066,"ok","",611,550,61,182606843,29643428,"8958a5db8272c2b30c3153f05290502d",0.0329999999999018
"pente_st","Knn",24,"accuracy",0.688524590163934,"ok","",611,550,61,182606843,29643428,"8958a5db8272c2b30c3153f05290502d",0.0329999999999018
"pente_st","Knn",24,"RMSE",0.712879177218325,"ok","",611,550,61,182606843,29643428,"8958a5db8272c2b30c3153f05290502d",0.0329999999999018
"pente_st","Knn",24,"MAE",0.377049180327869,"ok","",611,550,61,182606843,29643428,"8958a5db8272c2b30c3153f05290502d",0.0329999999999018
"pente_st","ACP",24,"taux_erreur",0.524590163934426,"ok","",611,550,61,182606843,118873339,"8958a5db8272c2b30c3153f05290502d",0.0220000000001619
"pente_st","ACP",24,"accuracy",0.475409836065574,"ok","",611,550,61,182606843,118873339,"8958a5db8272c2b30c3153f05290502d",0.0220000000001619
"pente_st","ACP",24,"RMSE",0.849300580130401,"ok","",611,550,61,182606843,118873339,"8958a5db8272c2b30c3153f05290502d",0.0220000000001619
"pente_st","ACP",24,"MAE",0.590163934426229,"ok","",611,550,61,182606843,118873339,"8958a5db8272c2b30c3153f05290502d",0.0220000000001619
"pente_st","EM",24,"indisponible",NA,"non_applicable","non_applicable : EM gaussien pour cible quantitative seulement",611,550,61,182606843,13383434,"8958a5db8272c2b30c3153f05290502d",0.000999999999976353
"pente_st","AFDM",24,"taux_erreur",0.409836065573771,"ok","",611,550,61,182606843,180363132,"8958a5db8272c2b30c3153f05290502d",0.0389999999999873
"pente_st","AFDM",24,"accuracy",0.590163934426229,"ok","",611,550,61,182606843,180363132,"8958a5db8272c2b30c3153f05290502d",0.0389999999999873
"pente_st","AFDM",24,"RMSE",0.712879177218325,"ok","",611,550,61,182606843,180363132,"8958a5db8272c2b30c3153f05290502d",0.0389999999999873
"pente_st","AFDM",24,"MAE",0.442622950819672,"ok","",611,550,61,182606843,180363132,"8958a5db8272c2b30c3153f05290502d",0.0389999999999873
"pente_st","mice",24,"taux_erreur",0.409836065573771,"ok","",611,550,61,182606843,178633760,"8958a5db8272c2b30c3153f05290502d",0.326000000000022
"pente_st","mice",24,"accuracy",0.590163934426229,"ok","",611,550,61,182606843,178633760,"8958a5db8272c2b30c3153f05290502d",0.326000000000022
"pente_st","mice",24,"RMSE",0.7465768876548,"ok","",611,550,61,182606843,178633760,"8958a5db8272c2b30c3153f05290502d",0.326000000000022
"pente_st","mice",24,"MAE",0.459016393442623,"ok","",611,550,61,182606843,178633760,"8958a5db8272c2b30c3153f05290502d",0.326000000000022
"nb_vaisseaux","mean",24,"indisponible",NA,"non_applicable","non_applicable : moyenne pour cible quantitative seulement",309,279,30,179280823,265824714,"155bba09f576bcf9507c56b79208d277",0
"nb_vaisseaux","median",24,"taux_erreur",0.5,"ok","",309,279,30,179280823,257192967,"155bba09f576bcf9507c56b79208d277",0
"nb_vaisseaux","median",24,"accuracy",0.5,"ok","",309,279,30,179280823,257192967,"155bba09f576bcf9507c56b79208d277",0
"nb_vaisseaux","median",24,"RMSE",1.34164078649987,"ok","",309,279,30,179280823,257192967,"155bba09f576bcf9507c56b79208d277",0
"nb_vaisseaux","median",24,"MAE",0.866666666666667,"ok","",309,279,30,179280823,257192967,"155bba09f576bcf9507c56b79208d277",0
"nb_vaisseaux","mode",24,"taux_erreur",0.5,"ok","",309,279,30,179280823,197595363,"155bba09f576bcf9507c56b79208d277",0.000999999999976353
"nb_vaisseaux","mode",24,"accuracy",0.5,"ok","",309,279,30,179280823,197595363,"155bba09f576bcf9507c56b79208d277",0.000999999999976353
"nb_vaisseaux","mode",24,"RMSE",1.34164078649987,"ok","",309,279,30,179280823,197595363,"155bba09f576bcf9507c56b79208d277",0.000999999999976353
"nb_vaisseaux","mode",24,"MAE",0.866666666666667,"ok","",309,279,30,179280823,197595363,"155bba09f576bcf9507c56b79208d277",0.000999999999976353
"nb_vaisseaux","RandomForest",24,"taux_erreur",0.533333333333333,"ok","",309,279,30,179280823,203357664,"155bba09f576bcf9507c56b79208d277",0.0540000000000873
"nb_vaisseaux","RandomForest",24,"accuracy",0.466666666666667,"ok","",309,279,30,179280823,203357664,"155bba09f576bcf9507c56b79208d277",0.0540000000000873
"nb_vaisseaux","RandomForest",24,"RMSE",1.211060141639,"ok","",309,279,30,179280823,203357664,"155bba09f576bcf9507c56b79208d277",0.0540000000000873
"nb_vaisseaux","RandomForest",24,"MAE",0.8,"ok","",309,279,30,179280823,203357664,"155bba09f576bcf9507c56b79208d277",0.0540000000000873
"nb_vaisseaux","Knn",24,"taux_erreur",0.5,"ok","",309,279,30,179280823,192537529,"155bba09f576bcf9507c56b79208d277",0.0109999999999673
"nb_vaisseaux","Knn",24,"accuracy",0.5,"ok","",309,279,30,179280823,192537529,"155bba09f576bcf9507c56b79208d277",0.0109999999999673
"nb_vaisseaux","Knn",24,"RMSE",1.12546286774228,"ok","",309,279,30,179280823,192537529,"155bba09f576bcf9507c56b79208d277",0.0109999999999673
"nb_vaisseaux","Knn",24,"MAE",0.733333333333333,"ok","",309,279,30,179280823,192537529,"155bba09f576bcf9507c56b79208d277",0.0109999999999673
"nb_vaisseaux","ACP",24,"taux_erreur",0.6,"ok","",309,279,30,179280823,124345127,"155bba09f576bcf9507c56b79208d277",0.0160000000000764
"nb_vaisseaux","ACP",24,"accuracy",0.4,"ok","",309,279,30,179280823,124345127,"155bba09f576bcf9507c56b79208d277",0.0160000000000764
"nb_vaisseaux","ACP",24,"RMSE",1.4142135623731,"ok","",309,279,30,179280823,124345127,"155bba09f576bcf9507c56b79208d277",0.0160000000000764
"nb_vaisseaux","ACP",24,"MAE",1,"ok","",309,279,30,179280823,124345127,"155bba09f576bcf9507c56b79208d277",0.0160000000000764
"nb_vaisseaux","EM",24,"indisponible",NA,"non_applicable","non_applicable : EM gaussien pour cible quantitative seulement",309,279,30,179280823,249744757,"155bba09f576bcf9507c56b79208d277",0.000999999999976353
"nb_vaisseaux","AFDM",24,"taux_erreur",0.633333333333333,"ok","",309,279,30,179280823,201655139,"155bba09f576bcf9507c56b79208d277",0.0489999999999782
"nb_vaisseaux","AFDM",24,"accuracy",0.366666666666667,"ok","",309,279,30,179280823,201655139,"155bba09f576bcf9507c56b79208d277",0.0489999999999782
"nb_vaisseaux","AFDM",24,"RMSE",1.4142135623731,"ok","",309,279,30,179280823,201655139,"155bba09f576bcf9507c56b79208d277",0.0489999999999782
"nb_vaisseaux","AFDM",24,"MAE",1.06666666666667,"ok","",309,279,30,179280823,201655139,"155bba09f576bcf9507c56b79208d277",0.0489999999999782
"nb_vaisseaux","mice",24,"taux_erreur",0.4,"ok","",309,279,30,179280823,5748282,"155bba09f576bcf9507c56b79208d277",0.255000000000109
"nb_vaisseaux","mice",24,"accuracy",0.6,"ok","",309,279,30,179280823,5748282,"155bba09f576bcf9507c56b79208d277",0.255000000000109
"nb_vaisseaux","mice",24,"RMSE",0.930949336251263,"ok","",309,279,30,179280823,5748282,"155bba09f576bcf9507c56b79208d277",0.255000000000109
"nb_vaisseaux","mice",24,"MAE",0.533333333333333,"ok","",309,279,30,179280823,5748282,"155bba09f576bcf9507c56b79208d277",0.255000000000109
"test_thallium","mean",24,"indisponible",NA,"non_applicable","non_applicable : moyenne pour cible quantitative seulement",434,391,43,192231841,236308395,"d1f9bc8f6c36484d4cfddfa90196325c",0
"test_thallium","median",24,"indisponible",NA,"non_applicable","non_applicable : médiane sans sens pour cible nominale",434,391,43,192231841,245427569,"d1f9bc8f6c36484d4cfddfa90196325c",0
"test_thallium","mode",24,"taux_erreur",0.581395348837209,"ok","",434,391,43,192231841,228838154,"d1f9bc8f6c36484d4cfddfa90196325c",0
"test_thallium","mode",24,"accuracy",0.418604651162791,"ok","",434,391,43,192231841,228838154,"d1f9bc8f6c36484d4cfddfa90196325c",0
"test_thallium","RandomForest",24,"taux_erreur",0.27906976744186,"ok","",434,391,43,192231841,46539906,"d1f9bc8f6c36484d4cfddfa90196325c",0.0779999999999745
"test_thallium","RandomForest",24,"accuracy",0.720930232558139,"ok","",434,391,43,192231841,46539906,"d1f9bc8f6c36484d4cfddfa90196325c",0.0779999999999745
"test_thallium","Knn",24,"taux_erreur",0.302325581395349,"ok","",434,391,43,192231841,209678800,"d1f9bc8f6c36484d4cfddfa90196325c",0.0139999999998963
"test_thallium","Knn",24,"accuracy",0.697674418604651,"ok","",434,391,43,192231841,209678800,"d1f9bc8f6c36484d4cfddfa90196325c",0.0139999999998963
"test_thallium","ACP",24,"taux_erreur",0.465116279069767,"ok","",434,391,43,192231841,198042153,"d1f9bc8f6c36484d4cfddfa90196325c",0.0299999999999727
"test_thallium","ACP",24,"accuracy",0.534883720930233,"ok","",434,391,43,192231841,198042153,"d1f9bc8f6c36484d4cfddfa90196325c",0.0299999999999727
"test_thallium","EM",24,"indisponible",NA,"non_applicable","non_applicable : EM gaussien pour cible quantitative seulement",434,391,43,192231841,173719661,"d1f9bc8f6c36484d4cfddfa90196325c",0.000999999999976353
"test_thallium","AFDM",24,"taux_erreur",0.27906976744186,"ok","",434,391,43,192231841,146944706,"d1f9bc8f6c36484d4cfddfa90196325c",0.0350000000000819
"test_thallium","AFDM",24,"accuracy",0.720930232558139,"ok","",434,391,43,192231841,146944706,"d1f9bc8f6c36484d4cfddfa90196325c",0.0350000000000819
"test_thallium","mice",24,"taux_erreur",0.418604651162791,"ok","",434,391,43,192231841,186406664,"d1f9bc8f6c36484d4cfddfa90196325c",0.258000000000038
"test_thallium","mice",24,"accuracy",0.581395348837209,"ok","",434,391,43,192231841,186406664,"d1f9bc8f6c36484d4cfddfa90196325c",0.258000000000038
"pa_repos","mean",25,"RMSE",18.1131309650551,"ok","",860,774,86,265778451,168124859,"5a31545750757e32e77b0a74a38a6173",0.000999999999976353
"pa_repos","mean",25,"MAE",13.8592632654288,"ok","",860,774,86,265778451,168124859,"5a31545750757e32e77b0a74a38a6173",0.000999999999976353
"pa_repos","median",25,"RMSE",17.7714822509364,"ok","",860,774,86,265778451,84325857,"5a31545750757e32e77b0a74a38a6173",0.000999999999976353
"pa_repos","median",25,"MAE",13.0581395348837,"ok","",860,774,86,265778451,84325857,"5a31545750757e32e77b0a74a38a6173",0.000999999999976353
"pa_repos","mode",25,"RMSE",19.9012094992964,"ok","",860,774,86,265778451,248738248,"5a31545750757e32e77b0a74a38a6173",0.000999999999976353
"pa_repos","mode",25,"MAE",14.1511627906977,"ok","",860,774,86,265778451,248738248,"5a31545750757e32e77b0a74a38a6173",0.000999999999976353
"pa_repos","RandomForest",25,"RMSE",18.0743818730904,"ok","",860,774,86,265778451,213975237,"5a31545750757e32e77b0a74a38a6173",0.126999999999953
"pa_repos","RandomForest",25,"MAE",13.7937332031126,"ok","",860,774,86,265778451,213975237,"5a31545750757e32e77b0a74a38a6173",0.126999999999953
"pa_repos","Knn",25,"RMSE",19.0245373992593,"ok","",860,774,86,265778451,136343984,"5a31545750757e32e77b0a74a38a6173",0.0170000000000528
"pa_repos","Knn",25,"MAE",14.8418604651163,"ok","",860,774,86,265778451,136343984,"5a31545750757e32e77b0a74a38a6173",0.0170000000000528
"pa_repos","ACP",25,"RMSE",18.3680266862463,"ok","",860,774,86,265778451,131330921,"5a31545750757e32e77b0a74a38a6173",0.0160000000000764
"pa_repos","ACP",25,"MAE",13.4170361352538,"ok","",860,774,86,265778451,131330921,"5a31545750757e32e77b0a74a38a6173",0.0160000000000764
"pa_repos","EM",25,"RMSE",17.492659343519,"ok","",860,774,86,265778451,78686013,"5a31545750757e32e77b0a74a38a6173",0.259999999999991
"pa_repos","EM",25,"MAE",13.3540715795191,"ok","",860,774,86,265778451,78686013,"5a31545750757e32e77b0a74a38a6173",0.259999999999991
"pa_repos","AFDM",25,"RMSE",18.1877108584572,"ok","",860,774,86,265778451,5690774,"5a31545750757e32e77b0a74a38a6173",0.0380000000000109
"pa_repos","AFDM",25,"MAE",13.9204199281975,"ok","",860,774,86,265778451,5690774,"5a31545750757e32e77b0a74a38a6173",0.0380000000000109
"pa_repos","mice",25,"RMSE",20.1981118159652,"ok","",860,774,86,265778451,90567711,"5a31545750757e32e77b0a74a38a6173",0.0830000000000837
"pa_repos","mice",25,"MAE",16.2279069767442,"ok","",860,774,86,265778451,90567711,"5a31545750757e32e77b0a74a38a6173",0.0830000000000837
"cholesterol","mean",25,"RMSE",53.9488905344664,"ok","",718,647,71,80221627,28831730,"f488803eeda4d92be7a1067739d19c85",0
"cholesterol","mean",25,"MAE",41.7002416352831,"ok","",718,647,71,80221627,28831730,"f488803eeda4d92be7a1067739d19c85",0
"cholesterol","median",25,"RMSE",54.6301263427548,"ok","",718,647,71,80221627,52712951,"f488803eeda4d92be7a1067739d19c85",0
"cholesterol","median",25,"MAE",41.6901408450704,"ok","",718,647,71,80221627,52712951,"f488803eeda4d92be7a1067739d19c85",0
"cholesterol","mode",25,"RMSE",54.3140321142432,"ok","",718,647,71,80221627,246384687,"f488803eeda4d92be7a1067739d19c85",0.000999999999976353
"cholesterol","mode",25,"MAE",42.7464788732394,"ok","",718,647,71,80221627,246384687,"f488803eeda4d92be7a1067739d19c85",0.000999999999976353
"cholesterol","RandomForest",25,"RMSE",56.8117626364572,"ok","",718,647,71,80221627,132258656,"f488803eeda4d92be7a1067739d19c85",0.134999999999991
"cholesterol","RandomForest",25,"MAE",43.4122207743491,"ok","",718,647,71,80221627,132258656,"f488803eeda4d92be7a1067739d19c85",0.134999999999991
"cholesterol","Knn",25,"RMSE",60.8863499122242,"ok","",718,647,71,80221627,206791989,"f488803eeda4d92be7a1067739d19c85",0.0170000000000528
"cholesterol","Knn",25,"MAE",46.312676056338,"ok","",718,647,71,80221627,206791989,"f488803eeda4d92be7a1067739d19c85",0.0170000000000528
"cholesterol","ACP",25,"RMSE",53.4085092714364,"ok","",718,647,71,80221627,176704671,"f488803eeda4d92be7a1067739d19c85",0.0319999999999254
"cholesterol","ACP",25,"MAE",38.7747395752373,"ok","",718,647,71,80221627,176704671,"f488803eeda4d92be7a1067739d19c85",0.0319999999999254
"cholesterol","EM",25,"RMSE",54.8662908146959,"ok","",718,647,71,80221627,142799859,"f488803eeda4d92be7a1067739d19c85",0.0820000000001073
"cholesterol","EM",25,"MAE",42.4602262589872,"ok","",718,647,71,80221627,142799859,"f488803eeda4d92be7a1067739d19c85",0.0820000000001073
"cholesterol","AFDM",25,"RMSE",54.2098702208968,"ok","",718,647,71,80221627,56127362,"f488803eeda4d92be7a1067739d19c85",0.0430000000001201
"cholesterol","AFDM",25,"MAE",41.7034355639452,"ok","",718,647,71,80221627,56127362,"f488803eeda4d92be7a1067739d19c85",0.0430000000001201
"cholesterol","mice",25,"RMSE",68.0603253542322,"ok","",718,647,71,80221627,183950073,"f488803eeda4d92be7a1067739d19c85",0.371999999999844
"cholesterol","mice",25,"MAE",51.512676056338,"ok","",718,647,71,80221627,183950073,"f488803eeda4d92be7a1067739d19c85",0.371999999999844
"glyc_jeun_elevee","mean",25,"indisponible",NA,"non_applicable","non_applicable : moyenne pour cible quantitative seulement",830,747,83,75595907,128736909,"0166eaa88d664daf7ea03b7f57480e7c",0
"glyc_jeun_elevee","median",25,"indisponible",NA,"non_applicable","non_applicable : médiane sans sens pour cible nominale",830,747,83,75595907,131961821,"0166eaa88d664daf7ea03b7f57480e7c",0
"glyc_jeun_elevee","mode",25,"taux_erreur",0.204819277108434,"ok","",830,747,83,75595907,9665498,"0166eaa88d664daf7ea03b7f57480e7c",0
"glyc_jeun_elevee","mode",25,"accuracy",0.795180722891566,"ok","",830,747,83,75595907,9665498,"0166eaa88d664daf7ea03b7f57480e7c",0
"glyc_jeun_elevee","RandomForest",25,"taux_erreur",0.180722891566265,"ok","",830,747,83,75595907,49484189,"0166eaa88d664daf7ea03b7f57480e7c",0.107999999999947
"glyc_jeun_elevee","RandomForest",25,"accuracy",0.819277108433735,"ok","",830,747,83,75595907,49484189,"0166eaa88d664daf7ea03b7f57480e7c",0.107999999999947
"glyc_jeun_elevee","Knn",25,"taux_erreur",0.168674698795181,"ok","",830,747,83,75595907,43634025,"0166eaa88d664daf7ea03b7f57480e7c",0.0320000000001528
"glyc_jeun_elevee","Knn",25,"accuracy",0.831325301204819,"ok","",830,747,83,75595907,43634025,"0166eaa88d664daf7ea03b7f57480e7c",0.0320000000001528
"glyc_jeun_elevee","ACP",25,"taux_erreur",0.228915662650602,"ok","",830,747,83,75595907,211946085,"0166eaa88d664daf7ea03b7f57480e7c",0.0209999999999582
"glyc_jeun_elevee","ACP",25,"accuracy",0.771084337349398,"ok","",830,747,83,75595907,211946085,"0166eaa88d664daf7ea03b7f57480e7c",0.0209999999999582
"glyc_jeun_elevee","EM",25,"indisponible",NA,"non_applicable","non_applicable : EM gaussien pour cible quantitative seulement",830,747,83,75595907,203529710,"0166eaa88d664daf7ea03b7f57480e7c",0.000999999999976353
"glyc_jeun_elevee","AFDM",25,"taux_erreur",0.204819277108434,"ok","",830,747,83,75595907,261216072,"0166eaa88d664daf7ea03b7f57480e7c",0.0460000000000491
"glyc_jeun_elevee","AFDM",25,"accuracy",0.795180722891566,"ok","",830,747,83,75595907,261216072,"0166eaa88d664daf7ea03b7f57480e7c",0.0460000000000491
"glyc_jeun_elevee","mice",25,"taux_erreur",0.180722891566265,"ok","",830,747,83,75595907,184933446,"0166eaa88d664daf7ea03b7f57480e7c",0.219000000000051
"glyc_jeun_elevee","mice",25,"accuracy",0.819277108433735,"ok","",830,747,83,75595907,184933446,"0166eaa88d664daf7ea03b7f57480e7c",0.219000000000051
"ecg_repos","mean",25,"indisponible",NA,"non_applicable","non_applicable : moyenne pour cible quantitative seulement",918,827,91,31215815,55956120,"45a27edb70714649d384e4e6df3bd5c4",0.000999999999976353
"ecg_repos","median",25,"indisponible",NA,"non_applicable","non_applicable : médiane sans sens pour cible nominale",918,827,91,31215815,241124013,"45a27edb70714649d384e4e6df3bd5c4",0
"ecg_repos","mode",25,"taux_erreur",0.406593406593407,"ok","",918,827,91,31215815,146223961,"45a27edb70714649d384e4e6df3bd5c4",0.000999999999976353
"ecg_repos","mode",25,"accuracy",0.593406593406593,"ok","",918,827,91,31215815,146223961,"45a27edb70714649d384e4e6df3bd5c4",0.000999999999976353
"ecg_repos","RandomForest",25,"taux_erreur",0.417582417582418,"ok","",918,827,91,31215815,163395406,"45a27edb70714649d384e4e6df3bd5c4",0.139000000000124
"ecg_repos","RandomForest",25,"accuracy",0.582417582417582,"ok","",918,827,91,31215815,163395406,"45a27edb70714649d384e4e6df3bd5c4",0.139000000000124
"ecg_repos","Knn",25,"taux_erreur",0.351648351648352,"ok","",918,827,91,31215815,38380766,"45a27edb70714649d384e4e6df3bd5c4",0.0240000000001146
"ecg_repos","Knn",25,"accuracy",0.648351648351648,"ok","",918,827,91,31215815,38380766,"45a27edb70714649d384e4e6df3bd5c4",0.0240000000001146
"ecg_repos","ACP",25,"taux_erreur",0.406593406593407,"ok","",918,827,91,31215815,208911331,"45a27edb70714649d384e4e6df3bd5c4",0.0249999999998636
"ecg_repos","ACP",25,"accuracy",0.593406593406593,"ok","",918,827,91,31215815,208911331,"45a27edb70714649d384e4e6df3bd5c4",0.0249999999998636
"ecg_repos","EM",25,"indisponible",NA,"non_applicable","non_applicable : EM gaussien pour cible quantitative seulement",918,827,91,31215815,130408673,"45a27edb70714649d384e4e6df3bd5c4",0
"ecg_repos","AFDM",25,"taux_erreur",0.384615384615385,"ok","",918,827,91,31215815,229513591,"45a27edb70714649d384e4e6df3bd5c4",0.043999999999869
"ecg_repos","AFDM",25,"accuracy",0.615384615384615,"ok","",918,827,91,31215815,229513591,"45a27edb70714649d384e4e6df3bd5c4",0.043999999999869
"ecg_repos","mice",25,"taux_erreur",0.417582417582418,"ok","",918,827,91,31215815,216173375,"45a27edb70714649d384e4e6df3bd5c4",0.354000000000042
"ecg_repos","mice",25,"accuracy",0.582417582417582,"ok","",918,827,91,31215815,216173375,"45a27edb70714649d384e4e6df3bd5c4",0.354000000000042
"fc_max","mean",25,"RMSE",26.0108859235145,"ok","",865,779,86,237688528,86463251,"532ef95beead4738194b4ccfeaf96255",0
"fc_max","mean",25,"MAE",21.894662208556,"ok","",865,779,86,237688528,86463251,"532ef95beead4738194b4ccfeaf96255",0
"fc_max","median",25,"RMSE",26.099763876683,"ok","",865,779,86,237688528,160757395,"532ef95beead4738194b4ccfeaf96255",0
"fc_max","median",25,"MAE",21.8720930232558,"ok","",865,779,86,237688528,160757395,"532ef95beead4738194b4ccfeaf96255",0
"fc_max","mode",25,"RMSE",28.7173474839099,"ok","",865,779,86,237688528,502455,"532ef95beead4738194b4ccfeaf96255",0.000999999999976353
"fc_max","mode",25,"MAE",23.3604651162791,"ok","",865,779,86,237688528,502455,"532ef95beead4738194b4ccfeaf96255",0.000999999999976353
"fc_max","RandomForest",25,"RMSE",19.9348159963948,"ok","",865,779,86,237688528,179851585,"532ef95beead4738194b4ccfeaf96255",0.15300000000002
"fc_max","RandomForest",25,"MAE",15.2979526148554,"ok","",865,779,86,237688528,179851585,"532ef95beead4738194b4ccfeaf96255",0.15300000000002
"fc_max","Knn",25,"RMSE",21.5911695989625,"ok","",865,779,86,237688528,205962659,"532ef95beead4738194b4ccfeaf96255",0.0209999999999582
"fc_max","Knn",25,"MAE",17.7767441860465,"ok","",865,779,86,237688528,205962659,"532ef95beead4738194b4ccfeaf96255",0.0209999999999582
"fc_max","ACP",25,"RMSE",45.8845008549041,"ok","",865,779,86,237688528,241153204,"532ef95beead4738194b4ccfeaf96255",0.0260000000000673
"fc_max","ACP",25,"MAE",38.9630927016886,"ok","",865,779,86,237688528,241153204,"532ef95beead4738194b4ccfeaf96255",0.0260000000000673
"fc_max","EM",25,"RMSE",23.7893692838595,"ok","",865,779,86,237688528,68374419,"532ef95beead4738194b4ccfeaf96255",0.246000000000095
"fc_max","EM",25,"MAE",20.3332644383672,"ok","",865,779,86,237688528,68374419,"532ef95beead4738194b4ccfeaf96255",0.246000000000095
"fc_max","AFDM",25,"RMSE",21.2541895185655,"ok","",865,779,86,237688528,76503005,"532ef95beead4738194b4ccfeaf96255",0.345000000000027
"fc_max","AFDM",25,"MAE",16.781692720944,"ok","",865,779,86,237688528,76503005,"532ef95beead4738194b4ccfeaf96255",0.345000000000027
"fc_max","mice",25,"RMSE",22.1124714889321,"ok","",865,779,86,237688528,233209622,"532ef95beead4738194b4ccfeaf96255",0.0679999999999836
"fc_max","mice",25,"MAE",16.9511627906977,"ok","",865,779,86,237688528,233209622,"532ef95beead4738194b4ccfeaf96255",0.0679999999999836
"angine_effort","mean",25,"indisponible",NA,"non_applicable","non_applicable : moyenne pour cible quantitative seulement",865,779,86,21369283,68020793,"97d6766e68e9a104931079c2ef694805",0.000999999999976353
"angine_effort","median",25,"indisponible",NA,"non_applicable","non_applicable : médiane sans sens pour cible nominale",865,779,86,21369283,51658306,"97d6766e68e9a104931079c2ef694805",0
"angine_effort","mode",25,"taux_erreur",0.406976744186047,"ok","",865,779,86,21369283,260646431,"97d6766e68e9a104931079c2ef694805",0.000999999999976353
"angine_effort","mode",25,"accuracy",0.593023255813953,"ok","",865,779,86,21369283,260646431,"97d6766e68e9a104931079c2ef694805",0.000999999999976353
"angine_effort","RandomForest",25,"taux_erreur",0.174418604651163,"ok","",865,779,86,21369283,98295941,"97d6766e68e9a104931079c2ef694805",0.110000000000127
"angine_effort","RandomForest",25,"accuracy",0.825581395348837,"ok","",865,779,86,21369283,98295941,"97d6766e68e9a104931079c2ef694805",0.110000000000127
"angine_effort","Knn",25,"taux_erreur",0.197674418604651,"ok","",865,779,86,21369283,67502216,"97d6766e68e9a104931079c2ef694805",0.0219999999999345
"angine_effort","Knn",25,"accuracy",0.802325581395349,"ok","",865,779,86,21369283,67502216,"97d6766e68e9a104931079c2ef694805",0.0219999999999345
"angine_effort","ACP",25,"taux_erreur",0.430232558139535,"ok","",865,779,86,21369283,15232655,"97d6766e68e9a104931079c2ef694805",0.0180000000000291
"angine_effort","ACP",25,"accuracy",0.569767441860465,"ok","",865,779,86,21369283,15232655,"97d6766e68e9a104931079c2ef694805",0.0180000000000291
"angine_effort","EM",25,"indisponible",NA,"non_applicable","non_applicable : EM gaussien pour cible quantitative seulement",865,779,86,21369283,108479961,"97d6766e68e9a104931079c2ef694805",0
"angine_effort","AFDM",25,"taux_erreur",0.209302325581395,"ok","",865,779,86,21369283,202374921,"97d6766e68e9a104931079c2ef694805",0.0489999999999782
"angine_effort","AFDM",25,"accuracy",0.790697674418605,"ok","",865,779,86,21369283,202374921,"97d6766e68e9a104931079c2ef694805",0.0489999999999782
"angine_effort","mice",25,"taux_erreur",0.174418604651163,"ok","",865,779,86,21369283,166792594,"97d6766e68e9a104931079c2ef694805",0.156999999999925
"angine_effort","mice",25,"accuracy",0.825581395348837,"ok","",865,779,86,21369283,166792594,"97d6766e68e9a104931079c2ef694805",0.156999999999925
"depress_st","mean",25,"RMSE",1.06664428629324,"ok","",858,773,85,232182555,197436888,"a7e818865d2e2b43bf6716a9e1bae539",0
"depress_st","mean",25,"MAE",0.867675214976029,"ok","",858,773,85,232182555,197436888,"a7e818865d2e2b43bf6716a9e1bae539",0
"depress_st","median",25,"RMSE",1.13583345920906,"ok","",858,773,85,232182555,21396085,"a7e818865d2e2b43bf6716a9e1bae539",0.000999999999976353
"depress_st","median",25,"MAE",0.865882352941176,"ok","",858,773,85,232182555,21396085,"a7e818865d2e2b43bf6716a9e1bae539",0.000999999999976353
"depress_st","mode",25,"RMSE",1.3894984283377,"ok","",858,773,85,232182555,103810712,"a7e818865d2e2b43bf6716a9e1bae539",0.000999999999976353
"depress_st","mode",25,"MAE",0.942352941176471,"ok","",858,773,85,232182555,103810712,"a7e818865d2e2b43bf6716a9e1bae539",0.000999999999976353
"depress_st","RandomForest",25,"RMSE",0.880881102287655,"ok","",858,773,85,232182555,19396568,"a7e818865d2e2b43bf6716a9e1bae539",0.131000000000085
"depress_st","RandomForest",25,"MAE",0.660975755406806,"ok","",858,773,85,232182555,19396568,"a7e818865d2e2b43bf6716a9e1bae539",0.131000000000085
"depress_st","Knn",25,"RMSE",0.931887395368699,"ok","",858,773,85,232182555,89416888,"a7e818865d2e2b43bf6716a9e1bae539",0.0370000000000346
"depress_st","Knn",25,"MAE",0.691764705882353,"ok","",858,773,85,232182555,89416888,"a7e818865d2e2b43bf6716a9e1bae539",0.0370000000000346
"depress_st","ACP",25,"RMSE",1.79069545593086,"ok","",858,773,85,232182555,165244589,"a7e818865d2e2b43bf6716a9e1bae539",0.0389999999999873
"depress_st","ACP",25,"MAE",1.48107787252641,"ok","",858,773,85,232182555,165244589,"a7e818865d2e2b43bf6716a9e1bae539",0.0389999999999873
"depress_st","EM",25,"RMSE",1.06859866359042,"ok","",858,773,85,232182555,63046894,"a7e818865d2e2b43bf6716a9e1bae539",0.336999999999989
"depress_st","EM",25,"MAE",0.874234937389597,"ok","",858,773,85,232182555,63046894,"a7e818865d2e2b43bf6716a9e1bae539",0.336999999999989
"depress_st","AFDM",25,"RMSE",0.97546973154357,"ok","",858,773,85,232182555,149718802,"a7e818865d2e2b43bf6716a9e1bae539",0.0360000000000582
"depress_st","AFDM",25,"MAE",0.77085164408321,"ok","",858,773,85,232182555,149718802,"a7e818865d2e2b43bf6716a9e1bae539",0.0360000000000582
"depress_st","mice",25,"RMSE",1.06825200816155,"ok","",858,773,85,232182555,133774267,"a7e818865d2e2b43bf6716a9e1bae539",0.0650000000000546
"depress_st","mice",25,"MAE",0.780941176470588,"ok","",858,773,85,232182555,133774267,"a7e818865d2e2b43bf6716a9e1bae539",0.0650000000000546
"pente_st","mean",25,"indisponible",NA,"non_applicable","non_applicable : moyenne pour cible quantitative seulement",611,550,61,165018223,74859524,"5f185a05d1d9c23970f5cb78ed47a919",0
"pente_st","median",25,"taux_erreur",0.377049180327869,"ok","",611,550,61,165018223,220459838,"5f185a05d1d9c23970f5cb78ed47a919",0
"pente_st","median",25,"accuracy",0.622950819672131,"ok","",611,550,61,165018223,220459838,"5f185a05d1d9c23970f5cb78ed47a919",0
"pente_st","median",25,"RMSE",0.614043304928788,"ok","",611,550,61,165018223,220459838,"5f185a05d1d9c23970f5cb78ed47a919",0
"pente_st","median",25,"MAE",0.377049180327869,"ok","",611,550,61,165018223,220459838,"5f185a05d1d9c23970f5cb78ed47a919",0
"pente_st","mode",25,"taux_erreur",0.377049180327869,"ok","",611,550,61,165018223,252358860,"5f185a05d1d9c23970f5cb78ed47a919",0.00100000000020373
"pente_st","mode",25,"accuracy",0.622950819672131,"ok","",611,550,61,165018223,252358860,"5f185a05d1d9c23970f5cb78ed47a919",0.00100000000020373
"pente_st","mode",25,"RMSE",0.614043304928788,"ok","",611,550,61,165018223,252358860,"5f185a05d1d9c23970f5cb78ed47a919",0.00100000000020373
"pente_st","mode",25,"MAE",0.377049180327869,"ok","",611,550,61,165018223,252358860,"5f185a05d1d9c23970f5cb78ed47a919",0.00100000000020373
"pente_st","RandomForest",25,"taux_erreur",0.295081967213115,"ok","",611,550,61,165018223,8708489,"5f185a05d1d9c23970f5cb78ed47a919",0.120999999999867
"pente_st","RandomForest",25,"accuracy",0.704918032786885,"ok","",611,550,61,165018223,8708489,"5f185a05d1d9c23970f5cb78ed47a919",0.120999999999867
"pente_st","RandomForest",25,"RMSE",0.665299143859116,"ok","",611,550,61,165018223,8708489,"5f185a05d1d9c23970f5cb78ed47a919",0.120999999999867
"pente_st","RandomForest",25,"MAE",0.344262295081967,"ok","",611,550,61,165018223,8708489,"5f185a05d1d9c23970f5cb78ed47a919",0.120999999999867
"pente_st","Knn",25,"taux_erreur",0.262295081967213,"ok","",611,550,61,165018223,111015683,"5f185a05d1d9c23970f5cb78ed47a919",0.0299999999999727
"pente_st","Knn",25,"accuracy",0.737704918032787,"ok","",611,550,61,165018223,111015683,"5f185a05d1d9c23970f5cb78ed47a919",0.0299999999999727
"pente_st","Knn",25,"RMSE",0.600546199475876,"ok","",611,550,61,165018223,111015683,"5f185a05d1d9c23970f5cb78ed47a919",0.0299999999999727
"pente_st","Knn",25,"MAE",0.295081967213115,"ok","",611,550,61,165018223,111015683,"5f185a05d1d9c23970f5cb78ed47a919",0.0299999999999727
"pente_st","ACP",25,"taux_erreur",0.475409836065574,"ok","",611,550,61,165018223,218526061,"5f185a05d1d9c23970f5cb78ed47a919",0.0210000000001855
"pente_st","ACP",25,"accuracy",0.524590163934426,"ok","",611,550,61,165018223,218526061,"5f185a05d1d9c23970f5cb78ed47a919",0.0210000000001855
"pente_st","ACP",25,"RMSE",0.789272335554801,"ok","",611,550,61,165018223,218526061,"5f185a05d1d9c23970f5cb78ed47a919",0.0210000000001855
"pente_st","ACP",25,"MAE",0.524590163934426,"ok","",611,550,61,165018223,218526061,"5f185a05d1d9c23970f5cb78ed47a919",0.0210000000001855
"pente_st","EM",25,"indisponible",NA,"non_applicable","non_applicable : EM gaussien pour cible quantitative seulement",611,550,61,165018223,27673195,"5f185a05d1d9c23970f5cb78ed47a919",0
"pente_st","AFDM",25,"taux_erreur",0.278688524590164,"ok","",611,550,61,165018223,37422876,"5f185a05d1d9c23970f5cb78ed47a919",0.0389999999999873
"pente_st","AFDM",25,"accuracy",0.721311475409836,"ok","",611,550,61,165018223,37422876,"5f185a05d1d9c23970f5cb78ed47a919",0.0389999999999873
"pente_st","AFDM",25,"RMSE",0.572598334313868,"ok","",611,550,61,165018223,37422876,"5f185a05d1d9c23970f5cb78ed47a919",0.0389999999999873
"pente_st","AFDM",25,"MAE",0.295081967213115,"ok","",611,550,61,165018223,37422876,"5f185a05d1d9c23970f5cb78ed47a919",0.0389999999999873
"pente_st","mice",25,"taux_erreur",0.344262295081967,"ok","",611,550,61,165018223,245792739,"5f185a05d1d9c23970f5cb78ed47a919",0.301999999999907
"pente_st","mice",25,"accuracy",0.655737704918033,"ok","",611,550,61,165018223,245792739,"5f185a05d1d9c23970f5cb78ed47a919",0.301999999999907
"pente_st","mice",25,"RMSE",0.586738694038468,"ok","",611,550,61,165018223,245792739,"5f185a05d1d9c23970f5cb78ed47a919",0.301999999999907
"pente_st","mice",25,"MAE",0.344262295081967,"ok","",611,550,61,165018223,245792739,"5f185a05d1d9c23970f5cb78ed47a919",0.301999999999907
"nb_vaisseaux","mean",25,"indisponible",NA,"non_applicable","non_applicable : moyenne pour cible quantitative seulement",309,279,30,124305591,15649634,"9774bf12319fcb854ce94ccba32dc061",0
"nb_vaisseaux","median",25,"taux_erreur",0.5,"ok","",309,279,30,124305591,212737002,"9774bf12319fcb854ce94ccba32dc061",0.000999999999976353
"nb_vaisseaux","median",25,"accuracy",0.5,"ok","",309,279,30,124305591,212737002,"9774bf12319fcb854ce94ccba32dc061",0.000999999999976353
"nb_vaisseaux","median",25,"RMSE",1.47196014438797,"ok","",309,279,30,124305591,212737002,"9774bf12319fcb854ce94ccba32dc061",0.000999999999976353
"nb_vaisseaux","median",25,"MAE",0.966666666666667,"ok","",309,279,30,124305591,212737002,"9774bf12319fcb854ce94ccba32dc061",0.000999999999976353
"nb_vaisseaux","mode",25,"taux_erreur",0.5,"ok","",309,279,30,124305591,122898069,"9774bf12319fcb854ce94ccba32dc061",0.000999999999976353
"nb_vaisseaux","mode",25,"accuracy",0.5,"ok","",309,279,30,124305591,122898069,"9774bf12319fcb854ce94ccba32dc061",0.000999999999976353
"nb_vaisseaux","mode",25,"RMSE",1.47196014438797,"ok","",309,279,30,124305591,122898069,"9774bf12319fcb854ce94ccba32dc061",0.000999999999976353
"nb_vaisseaux","mode",25,"MAE",0.966666666666667,"ok","",309,279,30,124305591,122898069,"9774bf12319fcb854ce94ccba32dc061",0.000999999999976353
"nb_vaisseaux","RandomForest",25,"taux_erreur",0.466666666666667,"ok","",309,279,30,124305591,2108188,"9774bf12319fcb854ce94ccba32dc061",0.0579999999999927
"nb_vaisseaux","RandomForest",25,"accuracy",0.533333333333333,"ok","",309,279,30,124305591,2108188,"9774bf12319fcb854ce94ccba32dc061",0.0579999999999927
"nb_vaisseaux","RandomForest",25,"RMSE",1.22474487139159,"ok","",309,279,30,124305591,2108188,"9774bf12319fcb854ce94ccba32dc061",0.0579999999999927
"nb_vaisseaux","RandomForest",25,"MAE",0.766666666666667,"ok","",309,279,30,124305591,2108188,"9774bf12319fcb854ce94ccba32dc061",0.0579999999999927
"nb_vaisseaux","Knn",25,"taux_erreur",0.433333333333333,"ok","",309,279,30,124305591,186823687,"9774bf12319fcb854ce94ccba32dc061",0.0209999999999582
"nb_vaisseaux","Knn",25,"accuracy",0.566666666666667,"ok","",309,279,30,124305591,186823687,"9774bf12319fcb854ce94ccba32dc061",0.0209999999999582
"nb_vaisseaux","Knn",25,"RMSE",1.14017542509914,"ok","",309,279,30,124305591,186823687,"9774bf12319fcb854ce94ccba32dc061",0.0209999999999582
"nb_vaisseaux","Knn",25,"MAE",0.7,"ok","",309,279,30,124305591,186823687,"9774bf12319fcb854ce94ccba32dc061",0.0209999999999582
"nb_vaisseaux","ACP",25,"taux_erreur",0.5,"ok","",309,279,30,124305591,155058286,"9774bf12319fcb854ce94ccba32dc061",0.0170000000000528
"nb_vaisseaux","ACP",25,"accuracy",0.5,"ok","",309,279,30,124305591,155058286,"9774bf12319fcb854ce94ccba32dc061",0.0170000000000528
"nb_vaisseaux","ACP",25,"RMSE",1.43759057685652,"ok","",309,279,30,124305591,155058286,"9774bf12319fcb854ce94ccba32dc061",0.0170000000000528
"nb_vaisseaux","ACP",25,"MAE",0.933333333333333,"ok","",309,279,30,124305591,155058286,"9774bf12319fcb854ce94ccba32dc061",0.0170000000000528
"nb_vaisseaux","EM",25,"indisponible",NA,"non_applicable","non_applicable : EM gaussien pour cible quantitative seulement",309,279,30,124305591,183283998,"9774bf12319fcb854ce94ccba32dc061",0
"nb_vaisseaux","AFDM",25,"taux_erreur",0.5,"ok","",309,279,30,124305591,159911350,"9774bf12319fcb854ce94ccba32dc061",0.0329999999999018
"nb_vaisseaux","AFDM",25,"accuracy",0.5,"ok","",309,279,30,124305591,159911350,"9774bf12319fcb854ce94ccba32dc061",0.0329999999999018
"nb_vaisseaux","AFDM",25,"RMSE",1.30384048104053,"ok","",309,279,30,124305591,159911350,"9774bf12319fcb854ce94ccba32dc061",0.0329999999999018
"nb_vaisseaux","AFDM",25,"MAE",0.833333333333333,"ok","",309,279,30,124305591,159911350,"9774bf12319fcb854ce94ccba32dc061",0.0329999999999018
"nb_vaisseaux","mice",25,"taux_erreur",0.466666666666667,"ok","",309,279,30,124305591,22202818,"9774bf12319fcb854ce94ccba32dc061",0.26299999999992
"nb_vaisseaux","mice",25,"accuracy",0.533333333333333,"ok","",309,279,30,124305591,22202818,"9774bf12319fcb854ce94ccba32dc061",0.26299999999992
"nb_vaisseaux","mice",25,"RMSE",1.22474487139159,"ok","",309,279,30,124305591,22202818,"9774bf12319fcb854ce94ccba32dc061",0.26299999999992
"nb_vaisseaux","mice",25,"MAE",0.766666666666667,"ok","",309,279,30,124305591,22202818,"9774bf12319fcb854ce94ccba32dc061",0.26299999999992
"test_thallium","mean",25,"indisponible",NA,"non_applicable","non_applicable : moyenne pour cible quantitative seulement",434,391,43,240859881,5904981,"00ef5d1512416911d516037b67f943f3",0
"test_thallium","median",25,"indisponible",NA,"non_applicable","non_applicable : médiane sans sens pour cible nominale",434,391,43,240859881,163616553,"00ef5d1512416911d516037b67f943f3",0
"test_thallium","mode",25,"taux_erreur",0.558139534883721,"ok","",434,391,43,240859881,198898816,"00ef5d1512416911d516037b67f943f3",0.000999999999976353
"test_thallium","mode",25,"accuracy",0.441860465116279,"ok","",434,391,43,240859881,198898816,"00ef5d1512416911d516037b67f943f3",0.000999999999976353
"test_thallium","RandomForest",25,"taux_erreur",0.395348837209302,"ok","",434,391,43,240859881,144708258,"00ef5d1512416911d516037b67f943f3",0.0779999999999745
"test_thallium","RandomForest",25,"accuracy",0.604651162790698,"ok","",434,391,43,240859881,144708258,"00ef5d1512416911d516037b67f943f3",0.0779999999999745
"test_thallium","Knn",25,"taux_erreur",0.395348837209302,"ok","",434,391,43,240859881,189191853,"00ef5d1512416911d516037b67f943f3",0.0199999999999818
"test_thallium","Knn",25,"accuracy",0.604651162790698,"ok","",434,391,43,240859881,189191853,"00ef5d1512416911d516037b67f943f3",0.0199999999999818
"test_thallium","ACP",25,"taux_erreur",0.418604651162791,"ok","",434,391,43,240859881,197072865,"00ef5d1512416911d516037b67f943f3",0.0190000000000055
"test_thallium","ACP",25,"accuracy",0.581395348837209,"ok","",434,391,43,240859881,197072865,"00ef5d1512416911d516037b67f943f3",0.0190000000000055
"test_thallium","EM",25,"indisponible",NA,"non_applicable","non_applicable : EM gaussien pour cible quantitative seulement",434,391,43,240859881,8714481,"00ef5d1512416911d516037b67f943f3",0
"test_thallium","AFDM",25,"taux_erreur",0.395348837209302,"ok","",434,391,43,240859881,209572634,"00ef5d1512416911d516037b67f943f3",0.0609999999999218
"test_thallium","AFDM",25,"accuracy",0.604651162790698,"ok","",434,391,43,240859881,209572634,"00ef5d1512416911d516037b67f943f3",0.0609999999999218
"test_thallium","mice",25,"taux_erreur",0.488372093023256,"ok","",434,391,43,240859881,35150437,"00ef5d1512416911d516037b67f943f3",0.253999999999905
"test_thallium","mice",25,"accuracy",0.511627906976744,"ok","",434,391,43,240859881,35150437,"00ef5d1512416911d516037b67f943f3",0.253999999999905
"pa_repos","mean",26,"RMSE",17.6591329420061,"ok","",860,774,86,118746402,140307690,"8f5a877ed3b45f1a388ab5e97bb6187e",0
"pa_repos","mean",26,"MAE",13.8578510906796,"ok","",860,774,86,118746402,140307690,"8f5a877ed3b45f1a388ab5e97bb6187e",0
"pa_repos","median",26,"RMSE",18.0048443093699,"ok","",860,774,86,118746402,178830557,"8f5a877ed3b45f1a388ab5e97bb6187e",0
"pa_repos","median",26,"MAE",13.6627906976744,"ok","",860,774,86,118746402,178830557,"8f5a877ed3b45f1a388ab5e97bb6187e",0
"pa_repos","mode",26,"RMSE",22.4486494129406,"ok","",860,774,86,118746402,17220084,"8f5a877ed3b45f1a388ab5e97bb6187e",0.000999999999976353
"pa_repos","mode",26,"MAE",16.9651162790698,"ok","",860,774,86,118746402,17220084,"8f5a877ed3b45f1a388ab5e97bb6187e",0.000999999999976353
"pa_repos","RandomForest",26,"RMSE",17.9739880317132,"ok","",860,774,86,118746402,222114898,"8f5a877ed3b45f1a388ab5e97bb6187e",0.139000000000124
"pa_repos","RandomForest",26,"MAE",14.0119342525805,"ok","",860,774,86,118746402,222114898,"8f5a877ed3b45f1a388ab5e97bb6187e",0.139000000000124
"pa_repos","Knn",26,"RMSE",18.7690368475861,"ok","",860,774,86,118746402,99131431,"8f5a877ed3b45f1a388ab5e97bb6187e",0.0270000000000437
"pa_repos","Knn",26,"MAE",14.0674418604651,"ok","",860,774,86,118746402,99131431,"8f5a877ed3b45f1a388ab5e97bb6187e",0.0270000000000437
"pa_repos","ACP",26,"RMSE",21.4579437070186,"ok","",860,774,86,118746402,188182430,"8f5a877ed3b45f1a388ab5e97bb6187e",0.0209999999999582
"pa_repos","ACP",26,"MAE",15.827714856623,"ok","",860,774,86,118746402,188182430,"8f5a877ed3b45f1a388ab5e97bb6187e",0.0209999999999582
"pa_repos","EM",26,"RMSE",17.686620341097,"ok","",860,774,86,118746402,175492507,"8f5a877ed3b45f1a388ab5e97bb6187e",0.248000000000047
"pa_repos","EM",26,"MAE",13.8550199340485,"ok","",860,774,86,118746402,175492507,"8f5a877ed3b45f1a388ab5e97bb6187e",0.248000000000047
"pa_repos","AFDM",26,"RMSE",17.4936605719327,"ok","",860,774,86,118746402,128342679,"8f5a877ed3b45f1a388ab5e97bb6187e",0.0460000000000491
"pa_repos","AFDM",26,"MAE",13.5877586809074,"ok","",860,774,86,118746402,128342679,"8f5a877ed3b45f1a388ab5e97bb6187e",0.0460000000000491
"pa_repos","mice",26,"RMSE",18.4084662019131,"ok","",860,774,86,118746402,248844707,"8f5a877ed3b45f1a388ab5e97bb6187e",0.0640000000000782
"pa_repos","mice",26,"MAE",14.7906976744186,"ok","",860,774,86,118746402,248844707,"8f5a877ed3b45f1a388ab5e97bb6187e",0.0640000000000782
"cholesterol","mean",26,"RMSE",68.9983158734316,"ok","",718,647,71,60795684,197625019,"3a9ef9b7048442ae4deb754da9f64cd2",0
"cholesterol","mean",26,"MAE",52.3991989028452,"ok","",718,647,71,60795684,197625019,"3a9ef9b7048442ae4deb754da9f64cd2",0
"cholesterol","median",26,"RMSE",69.4364640171954,"ok","",718,647,71,60795684,184887007,"3a9ef9b7048442ae4deb754da9f64cd2",0
"cholesterol","median",26,"MAE",51.2816901408451,"ok","",718,647,71,60795684,184887007,"3a9ef9b7048442ae4deb754da9f64cd2",0
"cholesterol","mode",26,"RMSE",74.4066671251714,"ok","",718,647,71,60795684,144653519,"3a9ef9b7048442ae4deb754da9f64cd2",0.000999999999976353
"cholesterol","mode",26,"MAE",52.3802816901408,"ok","",718,647,71,60795684,144653519,"3a9ef9b7048442ae4deb754da9f64cd2",0.000999999999976353
"cholesterol","RandomForest",26,"RMSE",70.4913346348964,"ok","",718,647,71,60795684,9357694,"3a9ef9b7048442ae4deb754da9f64cd2",0.131000000000085
"cholesterol","RandomForest",26,"MAE",53.776380339925,"ok","",718,647,71,60795684,9357694,"3a9ef9b7048442ae4deb754da9f64cd2",0.131000000000085
"cholesterol","Knn",26,"RMSE",73.8764061137363,"ok","",718,647,71,60795684,163056747,"3a9ef9b7048442ae4deb754da9f64cd2",0.0139999999998963
"cholesterol","Knn",26,"MAE",57.112676056338,"ok","",718,647,71,60795684,163056747,"3a9ef9b7048442ae4deb754da9f64cd2",0.0139999999998963
"cholesterol","ACP",26,"RMSE",66.0313105843319,"ok","",718,647,71,60795684,24139766,"3a9ef9b7048442ae4deb754da9f64cd2",0.0150000000001
"cholesterol","ACP",26,"MAE",48.8615914297471,"ok","",718,647,71,60795684,24139766,"3a9ef9b7048442ae4deb754da9f64cd2",0.0150000000001
"cholesterol","EM",26,"RMSE",67.6528103975931,"ok","",718,647,71,60795684,213983049,"3a9ef9b7048442ae4deb754da9f64cd2",0.0740000000000691
"cholesterol","EM",26,"MAE",51.5229880808754,"ok","",718,647,71,60795684,213983049,"3a9ef9b7048442ae4deb754da9f64cd2",0.0740000000000691
"cholesterol","AFDM",26,"RMSE",67.9398296436256,"ok","",718,647,71,60795684,174352984,"3a9ef9b7048442ae4deb754da9f64cd2",0.0339999999998781
"cholesterol","AFDM",26,"MAE",51.3317702521458,"ok","",718,647,71,60795684,174352984,"3a9ef9b7048442ae4deb754da9f64cd2",0.0339999999998781
"cholesterol","mice",26,"RMSE",70.2283759511239,"ok","",718,647,71,60795684,184924053,"3a9ef9b7048442ae4deb754da9f64cd2",0.0740000000000691
"cholesterol","mice",26,"MAE",53.4028169014084,"ok","",718,647,71,60795684,184924053,"3a9ef9b7048442ae4deb754da9f64cd2",0.0740000000000691
"glyc_jeun_elevee","mean",26,"indisponible",NA,"non_applicable","non_applicable : moyenne pour cible quantitative seulement",830,747,83,88108445,34941244,"108e7f43489e47f678c7fcfb85643ebe",0.000999999999976353
"glyc_jeun_elevee","median",26,"indisponible",NA,"non_applicable","non_applicable : médiane sans sens pour cible nominale",830,747,83,88108445,53208780,"108e7f43489e47f678c7fcfb85643ebe",0
"glyc_jeun_elevee","mode",26,"taux_erreur",0.132530120481928,"ok","",830,747,83,88108445,66457342,"108e7f43489e47f678c7fcfb85643ebe",0.000999999999976353
"glyc_jeun_elevee","mode",26,"accuracy",0.867469879518072,"ok","",830,747,83,88108445,66457342,"108e7f43489e47f678c7fcfb85643ebe",0.000999999999976353
"glyc_jeun_elevee","RandomForest",26,"taux_erreur",0.156626506024096,"ok","",830,747,83,88108445,110138416,"108e7f43489e47f678c7fcfb85643ebe",0.0960000000000036
"glyc_jeun_elevee","RandomForest",26,"accuracy",0.843373493975904,"ok","",830,747,83,88108445,110138416,"108e7f43489e47f678c7fcfb85643ebe",0.0960000000000036
"glyc_jeun_elevee","Knn",26,"taux_erreur",0.132530120481928,"ok","",830,747,83,88108445,200024022,"108e7f43489e47f678c7fcfb85643ebe",0.0370000000000346
"glyc_jeun_elevee","Knn",26,"accuracy",0.867469879518072,"ok","",830,747,83,88108445,200024022,"108e7f43489e47f678c7fcfb85643ebe",0.0370000000000346
"glyc_jeun_elevee","ACP",26,"taux_erreur",0.144578313253012,"ok","",830,747,83,88108445,76741481,"108e7f43489e47f678c7fcfb85643ebe",0.0190000000000055
"glyc_jeun_elevee","ACP",26,"accuracy",0.855421686746988,"ok","",830,747,83,88108445,76741481,"108e7f43489e47f678c7fcfb85643ebe",0.0190000000000055
"glyc_jeun_elevee","EM",26,"indisponible",NA,"non_applicable","non_applicable : EM gaussien pour cible quantitative seulement",830,747,83,88108445,24042837,"108e7f43489e47f678c7fcfb85643ebe",0
"glyc_jeun_elevee","AFDM",26,"taux_erreur",0.120481927710843,"ok","",830,747,83,88108445,243634724,"108e7f43489e47f678c7fcfb85643ebe",0.0519999999999072
"glyc_jeun_elevee","AFDM",26,"accuracy",0.879518072289157,"ok","",830,747,83,88108445,243634724,"108e7f43489e47f678c7fcfb85643ebe",0.0519999999999072
"glyc_jeun_elevee","mice",26,"taux_erreur",0.168674698795181,"ok","",830,747,83,88108445,203492831,"108e7f43489e47f678c7fcfb85643ebe",0.177999999999884
"glyc_jeun_elevee","mice",26,"accuracy",0.831325301204819,"ok","",830,747,83,88108445,203492831,"108e7f43489e47f678c7fcfb85643ebe",0.177999999999884
"ecg_repos","mean",26,"indisponible",NA,"non_applicable","non_applicable : moyenne pour cible quantitative seulement",918,827,91,55846352,172495810,"b3597d1d7eb9b845ddd7b801c59311d5",0
"ecg_repos","median",26,"indisponible",NA,"non_applicable","non_applicable : médiane sans sens pour cible nominale",918,827,91,55846352,62114531,"b3597d1d7eb9b845ddd7b801c59311d5",0.000999999999976353
"ecg_repos","mode",26,"taux_erreur",0.43956043956044,"ok","",918,827,91,55846352,216254536,"b3597d1d7eb9b845ddd7b801c59311d5",0.000999999999976353
"ecg_repos","mode",26,"accuracy",0.56043956043956,"ok","",918,827,91,55846352,216254536,"b3597d1d7eb9b845ddd7b801c59311d5",0.000999999999976353
"ecg_repos","RandomForest",26,"taux_erreur",0.362637362637363,"ok","",918,827,91,55846352,43309733,"b3597d1d7eb9b845ddd7b801c59311d5",0.138000000000147
"ecg_repos","RandomForest",26,"accuracy",0.637362637362637,"ok","",918,827,91,55846352,43309733,"b3597d1d7eb9b845ddd7b801c59311d5",0.138000000000147
"ecg_repos","Knn",26,"taux_erreur",0.395604395604396,"ok","",918,827,91,55846352,61674309,"b3597d1d7eb9b845ddd7b801c59311d5",0.0370000000000346
"ecg_repos","Knn",26,"accuracy",0.604395604395604,"ok","",918,827,91,55846352,61674309,"b3597d1d7eb9b845ddd7b801c59311d5",0.0370000000000346
"ecg_repos","ACP",26,"taux_erreur",0.362637362637363,"ok","",918,827,91,55846352,56387177,"b3597d1d7eb9b845ddd7b801c59311d5",0.043999999999869
"ecg_repos","ACP",26,"accuracy",0.637362637362637,"ok","",918,827,91,55846352,56387177,"b3597d1d7eb9b845ddd7b801c59311d5",0.043999999999869
"ecg_repos","EM",26,"indisponible",NA,"non_applicable","non_applicable : EM gaussien pour cible quantitative seulement",918,827,91,55846352,39565090,"b3597d1d7eb9b845ddd7b801c59311d5",0.000999999999976353
"ecg_repos","AFDM",26,"taux_erreur",0.373626373626374,"ok","",918,827,91,55846352,32827851,"b3597d1d7eb9b845ddd7b801c59311d5",0.0639999999998508
"ecg_repos","AFDM",26,"accuracy",0.626373626373626,"ok","",918,827,91,55846352,32827851,"b3597d1d7eb9b845ddd7b801c59311d5",0.0639999999998508
"ecg_repos","mice",26,"taux_erreur",0.527472527472527,"ok","",918,827,91,55846352,174114186,"b3597d1d7eb9b845ddd7b801c59311d5",0.350000000000136
"ecg_repos","mice",26,"accuracy",0.472527472527473,"ok","",918,827,91,55846352,174114186,"b3597d1d7eb9b845ddd7b801c59311d5",0.350000000000136
"fc_max","mean",26,"RMSE",28.3676931485246,"ok","",865,779,86,134544417,47633877,"068fd7d9cc94789bf75590c7913e8220",0
"fc_max","mean",26,"MAE",23.4595784697137,"ok","",865,779,86,134544417,47633877,"068fd7d9cc94789bf75590c7913e8220",0
"fc_max","median",26,"RMSE",28.777615655066,"ok","",865,779,86,134544417,146385927,"068fd7d9cc94789bf75590c7913e8220",0.000999999999976353
"fc_max","median",26,"MAE",23.7325581395349,"ok","",865,779,86,134544417,146385927,"068fd7d9cc94789bf75590c7913e8220",0.000999999999976353
"fc_max","mode",26,"RMSE",32.6719067146699,"ok","",865,779,86,134544417,114652339,"068fd7d9cc94789bf75590c7913e8220",0.000999999999976353
"fc_max","mode",26,"MAE",26.7093023255814,"ok","",865,779,86,134544417,114652339,"068fd7d9cc94789bf75590c7913e8220",0.000999999999976353
"fc_max","RandomForest",26,"RMSE",20.5066995391343,"ok","",865,779,86,134544417,20383400,"068fd7d9cc94789bf75590c7913e8220",0.136999999999944
"fc_max","RandomForest",26,"MAE",15.4755747473609,"ok","",865,779,86,134544417,20383400,"068fd7d9cc94789bf75590c7913e8220",0.136999999999944
"fc_max","Knn",26,"RMSE",22.9084832464125,"ok","",865,779,86,134544417,94835017,"068fd7d9cc94789bf75590c7913e8220",0.0270000000000437
"fc_max","Knn",26,"MAE",17.8162790697674,"ok","",865,779,86,134544417,94835017,"068fd7d9cc94789bf75590c7913e8220",0.0270000000000437
"fc_max","ACP",26,"RMSE",42.1609981382829,"ok","",865,779,86,134544417,181337468,"068fd7d9cc94789bf75590c7913e8220",0.0190000000000055
"fc_max","ACP",26,"MAE",35.1077730404886,"ok","",865,779,86,134544417,181337468,"068fd7d9cc94789bf75590c7913e8220",0.0190000000000055
"fc_max","EM",26,"RMSE",23.5267001994959,"ok","",865,779,86,134544417,15162279,"068fd7d9cc94789bf75590c7913e8220",0.258000000000038
"fc_max","EM",26,"MAE",19.4339863371072,"ok","",865,779,86,134544417,15162279,"068fd7d9cc94789bf75590c7913e8220",0.258000000000038
"fc_max","AFDM",26,"RMSE",22.5461829675668,"ok","",865,779,86,134544417,104392224,"068fd7d9cc94789bf75590c7913e8220",0.0380000000000109
"fc_max","AFDM",26,"MAE",17.5215605113054,"ok","",865,779,86,134544417,104392224,"068fd7d9cc94789bf75590c7913e8220",0.0380000000000109
"fc_max","mice",26,"RMSE",21.7813767263005,"ok","",865,779,86,134544417,74687505,"068fd7d9cc94789bf75590c7913e8220",0.0820000000001073
"fc_max","mice",26,"MAE",16.4255813953488,"ok","",865,779,86,134544417,74687505,"068fd7d9cc94789bf75590c7913e8220",0.0820000000001073
"angine_effort","mean",26,"indisponible",NA,"non_applicable","non_applicable : moyenne pour cible quantitative seulement",865,779,86,23145959,29982530,"9a6f2cd49bbe129d40f962973fc37997",0.000999999999976353
"angine_effort","median",26,"indisponible",NA,"non_applicable","non_applicable : médiane sans sens pour cible nominale",865,779,86,23145959,128733993,"9a6f2cd49bbe129d40f962973fc37997",0.000999999999976353
"angine_effort","mode",26,"taux_erreur",0.406976744186047,"ok","",865,779,86,23145959,182622697,"9a6f2cd49bbe129d40f962973fc37997",0.000999999999976353
"angine_effort","mode",26,"accuracy",0.593023255813953,"ok","",865,779,86,23145959,182622697,"9a6f2cd49bbe129d40f962973fc37997",0.000999999999976353
"angine_effort","RandomForest",26,"taux_erreur",0.209302325581395,"ok","",865,779,86,23145959,258515670,"9a6f2cd49bbe129d40f962973fc37997",0.108000000000175
"angine_effort","RandomForest",26,"accuracy",0.790697674418605,"ok","",865,779,86,23145959,258515670,"9a6f2cd49bbe129d40f962973fc37997",0.108000000000175
"angine_effort","Knn",26,"taux_erreur",0.244186046511628,"ok","",865,779,86,23145959,110403224,"9a6f2cd49bbe129d40f962973fc37997",0.0319999999999254
"angine_effort","Knn",26,"accuracy",0.755813953488372,"ok","",865,779,86,23145959,110403224,"9a6f2cd49bbe129d40f962973fc37997",0.0319999999999254
"angine_effort","ACP",26,"taux_erreur",0.348837209302326,"ok","",865,779,86,23145959,66267496,"9a6f2cd49bbe129d40f962973fc37997",0.0180000000000291
"angine_effort","ACP",26,"accuracy",0.651162790697674,"ok","",865,779,86,23145959,66267496,"9a6f2cd49bbe129d40f962973fc37997",0.0180000000000291
"angine_effort","EM",26,"indisponible",NA,"non_applicable","non_applicable : EM gaussien pour cible quantitative seulement",865,779,86,23145959,112686938,"9a6f2cd49bbe129d40f962973fc37997",0
"angine_effort","AFDM",26,"taux_erreur",0.255813953488372,"ok","",865,779,86,23145959,19173134,"9a6f2cd49bbe129d40f962973fc37997",0.0389999999999873
"angine_effort","AFDM",26,"accuracy",0.744186046511628,"ok","",865,779,86,23145959,19173134,"9a6f2cd49bbe129d40f962973fc37997",0.0389999999999873
"angine_effort","mice",26,"taux_erreur",0.27906976744186,"ok","",865,779,86,23145959,215515101,"9a6f2cd49bbe129d40f962973fc37997",0.173000000000002
"angine_effort","mice",26,"accuracy",0.720930232558139,"ok","",865,779,86,23145959,215515101,"9a6f2cd49bbe129d40f962973fc37997",0.173000000000002
"depress_st","mean",26,"RMSE",1.19339407989966,"ok","",858,773,85,100201351,155571973,"4b2eb4394fc17b24448463f6ea2f8132",0
"depress_st","mean",26,"MAE",0.962106384597824,"ok","",858,773,85,100201351,155571973,"4b2eb4394fc17b24448463f6ea2f8132",0
"depress_st","median",26,"RMSE",1.27943002015374,"ok","",858,773,85,100201351,148633165,"4b2eb4394fc17b24448463f6ea2f8132",0
"depress_st","median",26,"MAE",0.955294117647059,"ok","",858,773,85,100201351,148633165,"4b2eb4394fc17b24448463f6ea2f8132",0
"depress_st","mode",26,"RMSE",1.53619085824033,"ok","",858,773,85,100201351,224367294,"4b2eb4394fc17b24448463f6ea2f8132",0.00199999999995271
"depress_st","mode",26,"MAE",0.989411764705882,"ok","",858,773,85,100201351,224367294,"4b2eb4394fc17b24448463f6ea2f8132",0.00199999999995271
"depress_st","RandomForest",26,"RMSE",0.883095225294075,"ok","",858,773,85,100201351,58360827,"4b2eb4394fc17b24448463f6ea2f8132",0.134000000000015
"depress_st","RandomForest",26,"MAE",0.678741428407211,"ok","",858,773,85,100201351,58360827,"4b2eb4394fc17b24448463f6ea2f8132",0.134000000000015
"depress_st","Knn",26,"RMSE",0.964074685903535,"ok","",858,773,85,100201351,238725884,"4b2eb4394fc17b24448463f6ea2f8132",0.0190000000000055
"depress_st","Knn",26,"MAE",0.701647058823529,"ok","",858,773,85,100201351,238725884,"4b2eb4394fc17b24448463f6ea2f8132",0.0190000000000055
"depress_st","ACP",26,"RMSE",1.71143242413982,"ok","",858,773,85,100201351,100748466,"4b2eb4394fc17b24448463f6ea2f8132",0.0340000000001055
"depress_st","ACP",26,"MAE",1.42482494128615,"ok","",858,773,85,100201351,100748466,"4b2eb4394fc17b24448463f6ea2f8132",0.0340000000001055
"depress_st","EM",26,"RMSE",1.11267985342619,"ok","",858,773,85,100201351,205202013,"4b2eb4394fc17b24448463f6ea2f8132",0.26299999999992
"depress_st","EM",26,"MAE",0.874094671074622,"ok","",858,773,85,100201351,205202013,"4b2eb4394fc17b24448463f6ea2f8132",0.26299999999992
"depress_st","AFDM",26,"RMSE",1.03703495823564,"ok","",858,773,85,100201351,112057553,"4b2eb4394fc17b24448463f6ea2f8132",0.0500000000001819
"depress_st","AFDM",26,"MAE",0.785969680137215,"ok","",858,773,85,100201351,112057553,"4b2eb4394fc17b24448463f6ea2f8132",0.0500000000001819
"depress_st","mice",26,"RMSE",0.979228988421353,"ok","",858,773,85,100201351,196870930,"4b2eb4394fc17b24448463f6ea2f8132",0.0679999999999836
"depress_st","mice",26,"MAE",0.746352941176471,"ok","",858,773,85,100201351,196870930,"4b2eb4394fc17b24448463f6ea2f8132",0.0679999999999836
"pente_st","mean",26,"indisponible",NA,"non_applicable","non_applicable : moyenne pour cible quantitative seulement",611,550,61,16015165,155765720,"d5dd7353ceb8c541ee97f5b65230d69f",0.000999999999976353
"pente_st","median",26,"taux_erreur",0.426229508196721,"ok","",611,550,61,16015165,243833971,"d5dd7353ceb8c541ee97f5b65230d69f",0.000999999999976353
"pente_st","median",26,"accuracy",0.573770491803279,"ok","",611,550,61,16015165,243833971,"d5dd7353ceb8c541ee97f5b65230d69f",0.000999999999976353
"pente_st","median",26,"RMSE",0.652862549237373,"ok","",611,550,61,16015165,243833971,"d5dd7353ceb8c541ee97f5b65230d69f",0.000999999999976353
"pente_st","median",26,"MAE",0.426229508196721,"ok","",611,550,61,16015165,243833971,"d5dd7353ceb8c541ee97f5b65230d69f",0.000999999999976353
"pente_st","mode",26,"taux_erreur",0.426229508196721,"ok","",611,550,61,16015165,266950255,"d5dd7353ceb8c541ee97f5b65230d69f",0.000999999999976353
"pente_st","mode",26,"accuracy",0.573770491803279,"ok","",611,550,61,16015165,266950255,"d5dd7353ceb8c541ee97f5b65230d69f",0.000999999999976353
"pente_st","mode",26,"RMSE",0.652862549237373,"ok","",611,550,61,16015165,266950255,"d5dd7353ceb8c541ee97f5b65230d69f",0.000999999999976353
"pente_st","mode",26,"MAE",0.426229508196721,"ok","",611,550,61,16015165,266950255,"d5dd7353ceb8c541ee97f5b65230d69f",0.000999999999976353
"pente_st","RandomForest",26,"taux_erreur",0.360655737704918,"ok","",611,550,61,16015165,166782892,"d5dd7353ceb8c541ee97f5b65230d69f",0.113000000000056
"pente_st","RandomForest",26,"accuracy",0.639344262295082,"ok","",611,550,61,16015165,166782892,"d5dd7353ceb8c541ee97f5b65230d69f",0.113000000000056
"pente_st","RandomForest",26,"RMSE",0.64018439966448,"ok","",611,550,61,16015165,166782892,"d5dd7353ceb8c541ee97f5b65230d69f",0.113000000000056
"pente_st","RandomForest",26,"MAE",0.377049180327869,"ok","",611,550,61,16015165,166782892,"d5dd7353ceb8c541ee97f5b65230d69f",0.113000000000056
"pente_st","Knn",26,"taux_erreur",0.459016393442623,"ok","",611,550,61,16015165,266678292,"d5dd7353ceb8c541ee97f5b65230d69f",0.0360000000000582
"pente_st","Knn",26,"accuracy",0.540983606557377,"ok","",611,550,61,16015165,266678292,"d5dd7353ceb8c541ee97f5b65230d69f",0.0360000000000582
"pente_st","Knn",26,"RMSE",0.839593969003402,"ok","",611,550,61,16015165,266678292,"d5dd7353ceb8c541ee97f5b65230d69f",0.0360000000000582
"pente_st","Knn",26,"MAE",0.540983606557377,"ok","",611,550,61,16015165,266678292,"d5dd7353ceb8c541ee97f5b65230d69f",0.0360000000000582
"pente_st","ACP",26,"taux_erreur",0.540983606557377,"ok","",611,550,61,16015165,76740878,"d5dd7353ceb8c541ee97f5b65230d69f",0.0240000000001146
"pente_st","ACP",26,"accuracy",0.459016393442623,"ok","",611,550,61,16015165,76740878,"d5dd7353ceb8c541ee97f5b65230d69f",0.0240000000001146
"pente_st","ACP",26,"RMSE",0.799590058902111,"ok","",611,550,61,16015165,76740878,"d5dd7353ceb8c541ee97f5b65230d69f",0.0240000000001146
"pente_st","ACP",26,"MAE",0.573770491803279,"ok","",611,550,61,16015165,76740878,"d5dd7353ceb8c541ee97f5b65230d69f",0.0240000000001146
"pente_st","EM",26,"indisponible",NA,"non_applicable","non_applicable : EM gaussien pour cible quantitative seulement",611,550,61,16015165,92016782,"d5dd7353ceb8c541ee97f5b65230d69f",0
"pente_st","AFDM",26,"taux_erreur",0.426229508196721,"ok","",611,550,61,16015165,213698432,"d5dd7353ceb8c541ee97f5b65230d69f",0.0449999999998454
"pente_st","AFDM",26,"accuracy",0.573770491803279,"ok","",611,550,61,16015165,213698432,"d5dd7353ceb8c541ee97f5b65230d69f",0.0449999999998454
"pente_st","AFDM",26,"RMSE",0.689499699829937,"ok","",611,550,61,16015165,213698432,"d5dd7353ceb8c541ee97f5b65230d69f",0.0449999999998454
"pente_st","AFDM",26,"MAE",0.442622950819672,"ok","",611,550,61,16015165,213698432,"d5dd7353ceb8c541ee97f5b65230d69f",0.0449999999998454
"pente_st","mice",26,"taux_erreur",0.377049180327869,"ok","",611,550,61,16015165,250816459,"d5dd7353ceb8c541ee97f5b65230d69f",0.307000000000016
"pente_st","mice",26,"accuracy",0.622950819672131,"ok","",611,550,61,16015165,250816459,"d5dd7353ceb8c541ee97f5b65230d69f",0.307000000000016
"pente_st","mice",26,"RMSE",0.689499699829937,"ok","",611,550,61,16015165,250816459,"d5dd7353ceb8c541ee97f5b65230d69f",0.307000000000016
"pente_st","mice",26,"MAE",0.409836065573771,"ok","",611,550,61,16015165,250816459,"d5dd7353ceb8c541ee97f5b65230d69f",0.307000000000016
"nb_vaisseaux","mean",26,"indisponible",NA,"non_applicable","non_applicable : moyenne pour cible quantitative seulement",309,279,30,141408884,93284436,"0ccf38316f50d01d80053fc7bfaa6ff5",0
"nb_vaisseaux","median",26,"taux_erreur",0.366666666666667,"ok","",309,279,30,141408884,163279514,"0ccf38316f50d01d80053fc7bfaa6ff5",0
"nb_vaisseaux","median",26,"accuracy",0.633333333333333,"ok","",309,279,30,141408884,163279514,"0ccf38316f50d01d80053fc7bfaa6ff5",0
"nb_vaisseaux","median",26,"RMSE",1.03279555898864,"ok","",309,279,30,141408884,163279514,"0ccf38316f50d01d80053fc7bfaa6ff5",0
"nb_vaisseaux","median",26,"MAE",0.6,"ok","",309,279,30,141408884,163279514,"0ccf38316f50d01d80053fc7bfaa6ff5",0
"nb_vaisseaux","mode",26,"taux_erreur",0.366666666666667,"ok","",309,279,30,141408884,232357318,"0ccf38316f50d01d80053fc7bfaa6ff5",0
"nb_vaisseaux","mode",26,"accuracy",0.633333333333333,"ok","",309,279,30,141408884,232357318,"0ccf38316f50d01d80053fc7bfaa6ff5",0
"nb_vaisseaux","mode",26,"RMSE",1.03279555898864,"ok","",309,279,30,141408884,232357318,"0ccf38316f50d01d80053fc7bfaa6ff5",0
"nb_vaisseaux","mode",26,"MAE",0.6,"ok","",309,279,30,141408884,232357318,"0ccf38316f50d01d80053fc7bfaa6ff5",0
"nb_vaisseaux","RandomForest",26,"taux_erreur",0.333333333333333,"ok","",309,279,30,141408884,201674784,"0ccf38316f50d01d80053fc7bfaa6ff5",0.056999999999789
"nb_vaisseaux","RandomForest",26,"accuracy",0.666666666666667,"ok","",309,279,30,141408884,201674784,"0ccf38316f50d01d80053fc7bfaa6ff5",0.056999999999789
"nb_vaisseaux","RandomForest",26,"RMSE",0.912870929175277,"ok","",309,279,30,141408884,201674784,"0ccf38316f50d01d80053fc7bfaa6ff5",0.056999999999789
"nb_vaisseaux","RandomForest",26,"MAE",0.5,"ok","",309,279,30,141408884,201674784,"0ccf38316f50d01d80053fc7bfaa6ff5",0.056999999999789
"nb_vaisseaux","Knn",26,"taux_erreur",0.333333333333333,"ok","",309,279,30,141408884,82006360,"0ccf38316f50d01d80053fc7bfaa6ff5",0.01299999999992
"nb_vaisseaux","Knn",26,"accuracy",0.666666666666667,"ok","",309,279,30,141408884,82006360,"0ccf38316f50d01d80053fc7bfaa6ff5",0.01299999999992
"nb_vaisseaux","Knn",26,"RMSE",0.856348838577675,"ok","",309,279,30,141408884,82006360,"0ccf38316f50d01d80053fc7bfaa6ff5",0.01299999999992
"nb_vaisseaux","Knn",26,"MAE",0.466666666666667,"ok","",309,279,30,141408884,82006360,"0ccf38316f50d01d80053fc7bfaa6ff5",0.01299999999992
"nb_vaisseaux","ACP",26,"taux_erreur",0.433333333333333,"ok","",309,279,30,141408884,108126817,"0ccf38316f50d01d80053fc7bfaa6ff5",0.0160000000000764
"nb_vaisseaux","ACP",26,"accuracy",0.566666666666667,"ok","",309,279,30,141408884,108126817,"0ccf38316f50d01d80053fc7bfaa6ff5",0.0160000000000764
"nb_vaisseaux","ACP",26,"RMSE",1.01653004546513,"ok","",309,279,30,141408884,108126817,"0ccf38316f50d01d80053fc7bfaa6ff5",0.0160000000000764
"nb_vaisseaux","ACP",26,"MAE",0.633333333333333,"ok","",309,279,30,141408884,108126817,"0ccf38316f50d01d80053fc7bfaa6ff5",0.0160000000000764
"nb_vaisseaux","EM",26,"indisponible",NA,"non_applicable","non_applicable : EM gaussien pour cible quantitative seulement",309,279,30,141408884,34931300,"0ccf38316f50d01d80053fc7bfaa6ff5",0
"nb_vaisseaux","AFDM",26,"taux_erreur",0.466666666666667,"ok","",309,279,30,141408884,164401660,"0ccf38316f50d01d80053fc7bfaa6ff5",0.0309999999999491
"nb_vaisseaux","AFDM",26,"accuracy",0.533333333333333,"ok","",309,279,30,141408884,164401660,"0ccf38316f50d01d80053fc7bfaa6ff5",0.0309999999999491
"nb_vaisseaux","AFDM",26,"RMSE",1.03279555898864,"ok","",309,279,30,141408884,164401660,"0ccf38316f50d01d80053fc7bfaa6ff5",0.0309999999999491
"nb_vaisseaux","AFDM",26,"MAE",0.666666666666667,"ok","",309,279,30,141408884,164401660,"0ccf38316f50d01d80053fc7bfaa6ff5",0.0309999999999491
"nb_vaisseaux","mice",26,"taux_erreur",0.3,"ok","",309,279,30,141408884,52896218,"0ccf38316f50d01d80053fc7bfaa6ff5",0.241999999999962
"nb_vaisseaux","mice",26,"accuracy",0.7,"ok","",309,279,30,141408884,52896218,"0ccf38316f50d01d80053fc7bfaa6ff5",0.241999999999962
"nb_vaisseaux","mice",26,"RMSE",0.816496580927726,"ok","",309,279,30,141408884,52896218,"0ccf38316f50d01d80053fc7bfaa6ff5",0.241999999999962
"nb_vaisseaux","mice",26,"MAE",0.4,"ok","",309,279,30,141408884,52896218,"0ccf38316f50d01d80053fc7bfaa6ff5",0.241999999999962
"test_thallium","mean",26,"indisponible",NA,"non_applicable","non_applicable : moyenne pour cible quantitative seulement",434,391,43,143332814,26644646,"47bb7306a22838ff8c33ce8d3eaaaddc",0
"test_thallium","median",26,"indisponible",NA,"non_applicable","non_applicable : médiane sans sens pour cible nominale",434,391,43,143332814,139163125,"47bb7306a22838ff8c33ce8d3eaaaddc",0
"test_thallium","mode",26,"taux_erreur",0.581395348837209,"ok","",434,391,43,143332814,121504654,"47bb7306a22838ff8c33ce8d3eaaaddc",0
"test_thallium","mode",26,"accuracy",0.418604651162791,"ok","",434,391,43,143332814,121504654,"47bb7306a22838ff8c33ce8d3eaaaddc",0
"test_thallium","RandomForest",26,"taux_erreur",0.348837209302326,"ok","",434,391,43,143332814,252921128,"47bb7306a22838ff8c33ce8d3eaaaddc",0.0809999999999036
"test_thallium","RandomForest",26,"accuracy",0.651162790697674,"ok","",434,391,43,143332814,252921128,"47bb7306a22838ff8c33ce8d3eaaaddc",0.0809999999999036
"test_thallium","Knn",26,"taux_erreur",0.325581395348837,"ok","",434,391,43,143332814,141882280,"47bb7306a22838ff8c33ce8d3eaaaddc",0.0199999999999818
"test_thallium","Knn",26,"accuracy",0.674418604651163,"ok","",434,391,43,143332814,141882280,"47bb7306a22838ff8c33ce8d3eaaaddc",0.0199999999999818
"test_thallium","ACP",26,"taux_erreur",0.395348837209302,"ok","",434,391,43,143332814,101077036,"47bb7306a22838ff8c33ce8d3eaaaddc",0.0170000000000528
"test_thallium","ACP",26,"accuracy",0.604651162790698,"ok","",434,391,43,143332814,101077036,"47bb7306a22838ff8c33ce8d3eaaaddc",0.0170000000000528
"test_thallium","EM",26,"indisponible",NA,"non_applicable","non_applicable : EM gaussien pour cible quantitative seulement",434,391,43,143332814,165336629,"47bb7306a22838ff8c33ce8d3eaaaddc",0.000999999999976353
"test_thallium","AFDM",26,"taux_erreur",0.325581395348837,"ok","",434,391,43,143332814,143815943,"47bb7306a22838ff8c33ce8d3eaaaddc",0.0330000000001291
"test_thallium","AFDM",26,"accuracy",0.674418604651163,"ok","",434,391,43,143332814,143815943,"47bb7306a22838ff8c33ce8d3eaaaddc",0.0330000000001291
"test_thallium","mice",26,"taux_erreur",0.395348837209302,"ok","",434,391,43,143332814,51791180,"47bb7306a22838ff8c33ce8d3eaaaddc",0.26299999999992
"test_thallium","mice",26,"accuracy",0.604651162790698,"ok","",434,391,43,143332814,51791180,"47bb7306a22838ff8c33ce8d3eaaaddc",0.26299999999992
"pa_repos","mean",27,"RMSE",17.6516377526934,"ok","",860,774,86,212479726,220557244,"eb322dac3f5bb0172ea12cfe7ba6f93b",0
"pa_repos","mean",27,"MAE",14.361035995433,"ok","",860,774,86,212479726,220557244,"eb322dac3f5bb0172ea12cfe7ba6f93b",0
"pa_repos","median",27,"RMSE",18.0628746842928,"ok","",860,774,86,212479726,190655876,"eb322dac3f5bb0172ea12cfe7ba6f93b",0.000999999999976353
"pa_repos","median",27,"MAE",14.3604651162791,"ok","",860,774,86,212479726,190655876,"eb322dac3f5bb0172ea12cfe7ba6f93b",0.000999999999976353
"pa_repos","mode",27,"RMSE",22.7828474852219,"ok","",860,774,86,212479726,245501309,"eb322dac3f5bb0172ea12cfe7ba6f93b",0.000999999999976353
"pa_repos","mode",27,"MAE",17.2209302325581,"ok","",860,774,86,212479726,245501309,"eb322dac3f5bb0172ea12cfe7ba6f93b",0.000999999999976353
"pa_repos","RandomForest",27,"RMSE",16.8252543148011,"ok","",860,774,86,212479726,26410006,"eb322dac3f5bb0172ea12cfe7ba6f93b",0.118999999999915
"pa_repos","RandomForest",27,"MAE",13.4831727743405,"ok","",860,774,86,212479726,26410006,"eb322dac3f5bb0172ea12cfe7ba6f93b",0.118999999999915
"pa_repos","Knn",27,"RMSE",18.0819323931312,"ok","",860,774,86,212479726,23673172,"eb322dac3f5bb0172ea12cfe7ba6f93b",0.0180000000000291
"pa_repos","Knn",27,"MAE",14.4604651162791,"ok","",860,774,86,212479726,23673172,"eb322dac3f5bb0172ea12cfe7ba6f93b",0.0180000000000291
"pa_repos","ACP",27,"RMSE",21.357657740492,"ok","",860,774,86,212479726,206715695,"eb322dac3f5bb0172ea12cfe7ba6f93b",0.0209999999999582
"pa_repos","ACP",27,"MAE",16.0406685438866,"ok","",860,774,86,212479726,206715695,"eb322dac3f5bb0172ea12cfe7ba6f93b",0.0209999999999582
"pa_repos","EM",27,"RMSE",16.9736417824232,"ok","",860,774,86,212479726,32771497,"eb322dac3f5bb0172ea12cfe7ba6f93b",0.226000000000113
"pa_repos","EM",27,"MAE",13.6843974748331,"ok","",860,774,86,212479726,32771497,"eb322dac3f5bb0172ea12cfe7ba6f93b",0.226000000000113
"pa_repos","AFDM",27,"RMSE",17.2496678386212,"ok","",860,774,86,212479726,123692970,"eb322dac3f5bb0172ea12cfe7ba6f93b",0.0380000000000109
"pa_repos","AFDM",27,"MAE",14.0252073580742,"ok","",860,774,86,212479726,123692970,"eb322dac3f5bb0172ea12cfe7ba6f93b",0.0380000000000109
"pa_repos","mice",27,"RMSE",18.5410292983389,"ok","",860,774,86,212479726,192918886,"eb322dac3f5bb0172ea12cfe7ba6f93b",0.0760000000000218
"pa_repos","mice",27,"MAE",14.7883720930233,"ok","",860,774,86,212479726,192918886,"eb322dac3f5bb0172ea12cfe7ba6f93b",0.0760000000000218
"cholesterol","mean",27,"RMSE",58.8171403434718,"ok","",718,647,71,196922129,159012859,"e399b23596f3e84bfce8b8149a175952",0
"cholesterol","mean",27,"MAE",45.0292792302501,"ok","",718,647,71,196922129,159012859,"e399b23596f3e84bfce8b8149a175952",0
"cholesterol","median",27,"RMSE",58.024764018793,"ok","",718,647,71,196922129,217856064,"e399b23596f3e84bfce8b8149a175952",0.000999999999976353
"cholesterol","median",27,"MAE",43.7183098591549,"ok","",718,647,71,196922129,217856064,"e399b23596f3e84bfce8b8149a175952",0.000999999999976353
"cholesterol","mode",27,"RMSE",60.1636266512499,"ok","",718,647,71,196922129,159206064,"e399b23596f3e84bfce8b8149a175952",0.000999999999976353
"cholesterol","mode",27,"MAE",46.4507042253521,"ok","",718,647,71,196922129,159206064,"e399b23596f3e84bfce8b8149a175952",0.000999999999976353
"cholesterol","RandomForest",27,"RMSE",64.0049040728576,"ok","",718,647,71,196922129,96250102,"e399b23596f3e84bfce8b8149a175952",0.125
"cholesterol","RandomForest",27,"MAE",48.9605563535618,"ok","",718,647,71,196922129,96250102,"e399b23596f3e84bfce8b8149a175952",0.125
"cholesterol","Knn",27,"RMSE",69.7085441446066,"ok","",718,647,71,196922129,57913163,"e399b23596f3e84bfce8b8149a175952",0.0229999999999109
"cholesterol","Knn",27,"MAE",50.1464788732394,"ok","",718,647,71,196922129,57913163,"e399b23596f3e84bfce8b8149a175952",0.0229999999999109
"cholesterol","ACP",27,"RMSE",60.5607054823965,"ok","",718,647,71,196922129,114497308,"e399b23596f3e84bfce8b8149a175952",0.0209999999999582
"cholesterol","ACP",27,"MAE",43.4117150144745,"ok","",718,647,71,196922129,114497308,"e399b23596f3e84bfce8b8149a175952",0.0209999999999582
"cholesterol","EM",27,"RMSE",58.8830230520386,"ok","",718,647,71,196922129,206983113,"e399b23596f3e84bfce8b8149a175952",0.0940000000000509
"cholesterol","EM",27,"MAE",45.2185717631789,"ok","",718,647,71,196922129,206983113,"e399b23596f3e84bfce8b8149a175952",0.0940000000000509
"cholesterol","AFDM",27,"RMSE",58.9719762202669,"ok","",718,647,71,196922129,192042978,"e399b23596f3e84bfce8b8149a175952",0.0360000000000582
"cholesterol","AFDM",27,"MAE",45.3453765286671,"ok","",718,647,71,196922129,192042978,"e399b23596f3e84bfce8b8149a175952",0.0360000000000582
"cholesterol","mice",27,"RMSE",68.7787348400447,"ok","",718,647,71,196922129,76569645,"e399b23596f3e84bfce8b8149a175952",0.0730000000000928
"cholesterol","mice",27,"MAE",52.6450704225352,"ok","",718,647,71,196922129,76569645,"e399b23596f3e84bfce8b8149a175952",0.0730000000000928
"glyc_jeun_elevee","mean",27,"indisponible",NA,"non_applicable","non_applicable : moyenne pour cible quantitative seulement",830,747,83,220858600,152083715,"754bfbce826ce944a4cdb4a7895fa5b6",0
"glyc_jeun_elevee","median",27,"indisponible",NA,"non_applicable","non_applicable : médiane sans sens pour cible nominale",830,747,83,220858600,123592352,"754bfbce826ce944a4cdb4a7895fa5b6",0
"glyc_jeun_elevee","mode",27,"taux_erreur",0.144578313253012,"ok","",830,747,83,220858600,82570558,"754bfbce826ce944a4cdb4a7895fa5b6",0.000999999999976353
"glyc_jeun_elevee","mode",27,"accuracy",0.855421686746988,"ok","",830,747,83,220858600,82570558,"754bfbce826ce944a4cdb4a7895fa5b6",0.000999999999976353
"glyc_jeun_elevee","RandomForest",27,"taux_erreur",0.168674698795181,"ok","",830,747,83,220858600,34284631,"754bfbce826ce944a4cdb4a7895fa5b6",0.102000000000089
"glyc_jeun_elevee","RandomForest",27,"accuracy",0.831325301204819,"ok","",830,747,83,220858600,34284631,"754bfbce826ce944a4cdb4a7895fa5b6",0.102000000000089
"glyc_jeun_elevee","Knn",27,"taux_erreur",0.204819277108434,"ok","",830,747,83,220858600,90424632,"754bfbce826ce944a4cdb4a7895fa5b6",0.0319999999999254
"glyc_jeun_elevee","Knn",27,"accuracy",0.795180722891566,"ok","",830,747,83,220858600,90424632,"754bfbce826ce944a4cdb4a7895fa5b6",0.0319999999999254
"glyc_jeun_elevee","ACP",27,"taux_erreur",0.132530120481928,"ok","",830,747,83,220858600,19345273,"754bfbce826ce944a4cdb4a7895fa5b6",0.0219999999999345
"glyc_jeun_elevee","ACP",27,"accuracy",0.867469879518072,"ok","",830,747,83,220858600,19345273,"754bfbce826ce944a4cdb4a7895fa5b6",0.0219999999999345
"glyc_jeun_elevee","EM",27,"indisponible",NA,"non_applicable","non_applicable : EM gaussien pour cible quantitative seulement",830,747,83,220858600,202527894,"754bfbce826ce944a4cdb4a7895fa5b6",0
"glyc_jeun_elevee","AFDM",27,"taux_erreur",0.144578313253012,"ok","",830,747,83,220858600,21679902,"754bfbce826ce944a4cdb4a7895fa5b6",0.0389999999999873
"glyc_jeun_elevee","AFDM",27,"accuracy",0.855421686746988,"ok","",830,747,83,220858600,21679902,"754bfbce826ce944a4cdb4a7895fa5b6",0.0389999999999873
"glyc_jeun_elevee","mice",27,"taux_erreur",0.180722891566265,"ok","",830,747,83,220858600,36253156,"754bfbce826ce944a4cdb4a7895fa5b6",0.182999999999993
"glyc_jeun_elevee","mice",27,"accuracy",0.819277108433735,"ok","",830,747,83,220858600,36253156,"754bfbce826ce944a4cdb4a7895fa5b6",0.182999999999993
"ecg_repos","mean",27,"indisponible",NA,"non_applicable","non_applicable : moyenne pour cible quantitative seulement",918,827,91,216529259,197404760,"764cffb900490daf6ee7da8158281662",0
"ecg_repos","median",27,"indisponible",NA,"non_applicable","non_applicable : médiane sans sens pour cible nominale",918,827,91,216529259,208921106,"764cffb900490daf6ee7da8158281662",0
"ecg_repos","mode",27,"taux_erreur",0.384615384615385,"ok","",918,827,91,216529259,8889596,"764cffb900490daf6ee7da8158281662",0.00100000000020373
"ecg_repos","mode",27,"accuracy",0.615384615384615,"ok","",918,827,91,216529259,8889596,"764cffb900490daf6ee7da8158281662",0.00100000000020373
"ecg_repos","RandomForest",27,"taux_erreur",0.373626373626374,"ok","",918,827,91,216529259,138248723,"764cffb900490daf6ee7da8158281662",0.15300000000002
"ecg_repos","RandomForest",27,"accuracy",0.626373626373626,"ok","",918,827,91,216529259,138248723,"764cffb900490daf6ee7da8158281662",0.15300000000002
"ecg_repos","Knn",27,"taux_erreur",0.373626373626374,"ok","",918,827,91,216529259,154782409,"764cffb900490daf6ee7da8158281662",0.0399999999999636
"ecg_repos","Knn",27,"accuracy",0.626373626373626,"ok","",918,827,91,216529259,154782409,"764cffb900490daf6ee7da8158281662",0.0399999999999636
"ecg_repos","ACP",27,"taux_erreur",0.362637362637363,"ok","",918,827,91,216529259,104216789,"764cffb900490daf6ee7da8158281662",0.0419999999999163
"ecg_repos","ACP",27,"accuracy",0.637362637362637,"ok","",918,827,91,216529259,104216789,"764cffb900490daf6ee7da8158281662",0.0419999999999163
"ecg_repos","EM",27,"indisponible",NA,"non_applicable","non_applicable : EM gaussien pour cible quantitative seulement",918,827,91,216529259,97500628,"764cffb900490daf6ee7da8158281662",0.000999999999976353
"ecg_repos","AFDM",27,"taux_erreur",0.340659340659341,"ok","",918,827,91,216529259,112168669,"764cffb900490daf6ee7da8158281662",0.0460000000000491
"ecg_repos","AFDM",27,"accuracy",0.659340659340659,"ok","",918,827,91,216529259,112168669,"764cffb900490daf6ee7da8158281662",0.0460000000000491
"ecg_repos","mice",27,"taux_erreur",0.384615384615385,"ok","",918,827,91,216529259,65159020,"764cffb900490daf6ee7da8158281662",0.392000000000053
"ecg_repos","mice",27,"accuracy",0.615384615384615,"ok","",918,827,91,216529259,65159020,"764cffb900490daf6ee7da8158281662",0.392000000000053
"fc_max","mean",27,"RMSE",24.7205774564491,"ok","",865,779,86,195384481,59766231,"44f05c2f5d7d67fe1710211734f28dd7",0.000999999999976353
"fc_max","mean",27,"MAE",20.046511627907,"ok","",865,779,86,195384481,59766231,"44f05c2f5d7d67fe1710211734f28dd7",0.000999999999976353
"fc_max","median",27,"RMSE",25.1086013243493,"ok","",865,779,86,195384481,208704092,"44f05c2f5d7d67fe1710211734f28dd7",0.000999999999976353
"fc_max","median",27,"MAE",20.1395348837209,"ok","",865,779,86,195384481,208704092,"44f05c2f5d7d67fe1710211734f28dd7",0.000999999999976353
"fc_max","mode",27,"RMSE",29.0424709051945,"ok","",865,779,86,195384481,136926144,"44f05c2f5d7d67fe1710211734f28dd7",0.00199999999995271
"fc_max","mode",27,"MAE",22.5813953488372,"ok","",865,779,86,195384481,136926144,"44f05c2f5d7d67fe1710211734f28dd7",0.00199999999995271
"fc_max","RandomForest",27,"RMSE",17.7771775193193,"ok","",865,779,86,195384481,70104471,"44f05c2f5d7d67fe1710211734f28dd7",0.152000000000044
"fc_max","RandomForest",27,"MAE",14.0825958415055,"ok","",865,779,86,195384481,70104471,"44f05c2f5d7d67fe1710211734f28dd7",0.152000000000044
"fc_max","Knn",27,"RMSE",20.8832301698176,"ok","",865,779,86,195384481,74430974,"44f05c2f5d7d67fe1710211734f28dd7",0.02800000000002
"fc_max","Knn",27,"MAE",16.6860465116279,"ok","",865,779,86,195384481,74430974,"44f05c2f5d7d67fe1710211734f28dd7",0.02800000000002
"fc_max","ACP",27,"RMSE",46.4510260192988,"ok","",865,779,86,195384481,254134776,"44f05c2f5d7d67fe1710211734f28dd7",0.0220000000001619
"fc_max","ACP",27,"MAE",40.4768517539897,"ok","",865,779,86,195384481,254134776,"44f05c2f5d7d67fe1710211734f28dd7",0.0220000000001619
"fc_max","EM",27,"RMSE",22.95008041734,"ok","",865,779,86,195384481,59805331,"44f05c2f5d7d67fe1710211734f28dd7",0.239000000000033
"fc_max","EM",27,"MAE",18.4745544593046,"ok","",865,779,86,195384481,59805331,"44f05c2f5d7d67fe1710211734f28dd7",0.239000000000033
"fc_max","AFDM",27,"RMSE",19.645169249488,"ok","",865,779,86,195384481,187636572,"44f05c2f5d7d67fe1710211734f28dd7",0.0509999999999309
"fc_max","AFDM",27,"MAE",15.8015182955505,"ok","",865,779,86,195384481,187636572,"44f05c2f5d7d67fe1710211734f28dd7",0.0509999999999309
"fc_max","mice",27,"RMSE",19.7286475685416,"ok","",865,779,86,195384481,9816798,"44f05c2f5d7d67fe1710211734f28dd7",0.06899999999996
"fc_max","mice",27,"MAE",14.5767441860465,"ok","",865,779,86,195384481,9816798,"44f05c2f5d7d67fe1710211734f28dd7",0.06899999999996
"angine_effort","mean",27,"indisponible",NA,"non_applicable","non_applicable : moyenne pour cible quantitative seulement",865,779,86,81851762,217701505,"5a4561ecac7659c1e8119cf6c3ad0dbc",0
"angine_effort","median",27,"indisponible",NA,"non_applicable","non_applicable : médiane sans sens pour cible nominale",865,779,86,81851762,68620053,"5a4561ecac7659c1e8119cf6c3ad0dbc",0
"angine_effort","mode",27,"taux_erreur",0.302325581395349,"ok","",865,779,86,81851762,80955925,"5a4561ecac7659c1e8119cf6c3ad0dbc",0.000999999999976353
"angine_effort","mode",27,"accuracy",0.697674418604651,"ok","",865,779,86,81851762,80955925,"5a4561ecac7659c1e8119cf6c3ad0dbc",0.000999999999976353
"angine_effort","RandomForest",27,"taux_erreur",0.174418604651163,"ok","",865,779,86,81851762,94464771,"5a4561ecac7659c1e8119cf6c3ad0dbc",0.108999999999924
"angine_effort","RandomForest",27,"accuracy",0.825581395348837,"ok","",865,779,86,81851762,94464771,"5a4561ecac7659c1e8119cf6c3ad0dbc",0.108999999999924
"angine_effort","Knn",27,"taux_erreur",0.267441860465116,"ok","",865,779,86,81851762,52068792,"5a4561ecac7659c1e8119cf6c3ad0dbc",0.0209999999999582
"angine_effort","Knn",27,"accuracy",0.732558139534884,"ok","",865,779,86,81851762,52068792,"5a4561ecac7659c1e8119cf6c3ad0dbc",0.0209999999999582
"angine_effort","ACP",27,"taux_erreur",0.290697674418605,"ok","",865,779,86,81851762,113218337,"5a4561ecac7659c1e8119cf6c3ad0dbc",0.0190000000000055
"angine_effort","ACP",27,"accuracy",0.709302325581395,"ok","",865,779,86,81851762,113218337,"5a4561ecac7659c1e8119cf6c3ad0dbc",0.0190000000000055
"angine_effort","EM",27,"indisponible",NA,"non_applicable","non_applicable : EM gaussien pour cible quantitative seulement",865,779,86,81851762,127909686,"5a4561ecac7659c1e8119cf6c3ad0dbc",0
"angine_effort","AFDM",27,"taux_erreur",0.209302325581395,"ok","",865,779,86,81851762,95484041,"5a4561ecac7659c1e8119cf6c3ad0dbc",0.0599999999999454
"angine_effort","AFDM",27,"accuracy",0.790697674418605,"ok","",865,779,86,81851762,95484041,"5a4561ecac7659c1e8119cf6c3ad0dbc",0.0599999999999454
"angine_effort","mice",27,"taux_erreur",0.22093023255814,"ok","",865,779,86,81851762,191503648,"5a4561ecac7659c1e8119cf6c3ad0dbc",0.189000000000078
"angine_effort","mice",27,"accuracy",0.779069767441861,"ok","",865,779,86,81851762,191503648,"5a4561ecac7659c1e8119cf6c3ad0dbc",0.189000000000078
"depress_st","mean",27,"RMSE",1.04917855798134,"ok","",858,773,85,260553458,113290768,"ea31e51f18e79a5591b7e723e58a5edc",0
"depress_st","mean",27,"MAE",0.912764629784643,"ok","",858,773,85,260553458,113290768,"ea31e51f18e79a5591b7e723e58a5edc",0
"depress_st","median",27,"RMSE",1.16113534702792,"ok","",858,773,85,260553458,75034660,"ea31e51f18e79a5591b7e723e58a5edc",0
"depress_st","median",27,"MAE",0.952941176470588,"ok","",858,773,85,260553458,75034660,"ea31e51f18e79a5591b7e723e58a5edc",0
"depress_st","mode",27,"RMSE",1.45622396467512,"ok","",858,773,85,260553458,85990706,"ea31e51f18e79a5591b7e723e58a5edc",0.00199999999995271
"depress_st","mode",27,"MAE",1.04117647058824,"ok","",858,773,85,260553458,85990706,"ea31e51f18e79a5591b7e723e58a5edc",0.00199999999995271
"depress_st","RandomForest",27,"RMSE",0.853243921695853,"ok","",858,773,85,260553458,245522664,"ea31e51f18e79a5591b7e723e58a5edc",0.139999999999873
"depress_st","RandomForest",27,"MAE",0.649441115892801,"ok","",858,773,85,260553458,245522664,"ea31e51f18e79a5591b7e723e58a5edc",0.139999999999873
"depress_st","Knn",27,"RMSE",0.920102296103057,"ok","",858,773,85,260553458,11126837,"ea31e51f18e79a5591b7e723e58a5edc",0.0269999999998163
"depress_st","Knn",27,"MAE",0.664941176470588,"ok","",858,773,85,260553458,11126837,"ea31e51f18e79a5591b7e723e58a5edc",0.0269999999998163
"depress_st","ACP",27,"RMSE",1.73754284849428,"ok","",858,773,85,260553458,114067708,"ea31e51f18e79a5591b7e723e58a5edc",0.0299999999999727
"depress_st","ACP",27,"MAE",1.54980567808206,"ok","",858,773,85,260553458,114067708,"ea31e51f18e79a5591b7e723e58a5edc",0.0299999999999727
"depress_st","EM",27,"RMSE",1.02416486166022,"ok","",858,773,85,260553458,229736788,"ea31e51f18e79a5591b7e723e58a5edc",0.235999999999876
"depress_st","EM",27,"MAE",0.846695531966642,"ok","",858,773,85,260553458,229736788,"ea31e51f18e79a5591b7e723e58a5edc",0.235999999999876
"depress_st","AFDM",27,"RMSE",0.905912281519226,"ok","",858,773,85,260553458,147749760,"ea31e51f18e79a5591b7e723e58a5edc",0.04099999999994
"depress_st","AFDM",27,"MAE",0.729550866504329,"ok","",858,773,85,260553458,147749760,"ea31e51f18e79a5591b7e723e58a5edc",0.04099999999994
"depress_st","mice",27,"RMSE",0.952603861868646,"ok","",858,773,85,260553458,83519356,"ea31e51f18e79a5591b7e723e58a5edc",0.0799999999999272
"depress_st","mice",27,"MAE",0.752941176470588,"ok","",858,773,85,260553458,83519356,"ea31e51f18e79a5591b7e723e58a5edc",0.0799999999999272
"pente_st","mean",27,"indisponible",NA,"non_applicable","non_applicable : moyenne pour cible quantitative seulement",611,550,61,265770282,262796224,"4697c20edc9891e357d7b1c9d3a5c2ce",0.000999999999976353
"pente_st","median",27,"taux_erreur",0.459016393442623,"ok","",611,550,61,265770282,177177616,"4697c20edc9891e357d7b1c9d3a5c2ce",0.000999999999976353
"pente_st","median",27,"accuracy",0.540983606557377,"ok","",611,550,61,265770282,177177616,"4697c20edc9891e357d7b1c9d3a5c2ce",0.000999999999976353
"pente_st","median",27,"RMSE",0.677507485894158,"ok","",611,550,61,265770282,177177616,"4697c20edc9891e357d7b1c9d3a5c2ce",0.000999999999976353
"pente_st","median",27,"MAE",0.459016393442623,"ok","",611,550,61,265770282,177177616,"4697c20edc9891e357d7b1c9d3a5c2ce",0.000999999999976353
"pente_st","mode",27,"taux_erreur",0.459016393442623,"ok","",611,550,61,265770282,233837939,"4697c20edc9891e357d7b1c9d3a5c2ce",0
"pente_st","mode",27,"accuracy",0.540983606557377,"ok","",611,550,61,265770282,233837939,"4697c20edc9891e357d7b1c9d3a5c2ce",0
"pente_st","mode",27,"RMSE",0.677507485894158,"ok","",611,550,61,265770282,233837939,"4697c20edc9891e357d7b1c9d3a5c2ce",0
"pente_st","mode",27,"MAE",0.459016393442623,"ok","",611,550,61,265770282,233837939,"4697c20edc9891e357d7b1c9d3a5c2ce",0
"pente_st","RandomForest",27,"taux_erreur",0.327868852459016,"ok","",611,550,61,265770282,193236432,"4697c20edc9891e357d7b1c9d3a5c2ce",0.0899999999999181
"pente_st","RandomForest",27,"accuracy",0.672131147540984,"ok","",611,550,61,265770282,193236432,"4697c20edc9891e357d7b1c9d3a5c2ce",0.0899999999999181
"pente_st","RandomForest",27,"RMSE",0.572598334313868,"ok","",611,550,61,265770282,193236432,"4697c20edc9891e357d7b1c9d3a5c2ce",0.0899999999999181
"pente_st","RandomForest",27,"MAE",0.327868852459016,"ok","",611,550,61,265770282,193236432,"4697c20edc9891e357d7b1c9d3a5c2ce",0.0899999999999181
"pente_st","Knn",27,"taux_erreur",0.278688524590164,"ok","",611,550,61,265770282,100020516,"4697c20edc9891e357d7b1c9d3a5c2ce",0.0190000000000055
"pente_st","Knn",27,"accuracy",0.721311475409836,"ok","",611,550,61,265770282,100020516,"4697c20edc9891e357d7b1c9d3a5c2ce",0.0190000000000055
"pente_st","Knn",27,"RMSE",0.652862549237373,"ok","",611,550,61,265770282,100020516,"4697c20edc9891e357d7b1c9d3a5c2ce",0.0190000000000055
"pente_st","Knn",27,"MAE",0.327868852459016,"ok","",611,550,61,265770282,100020516,"4697c20edc9891e357d7b1c9d3a5c2ce",0.0190000000000055
"pente_st","ACP",27,"taux_erreur",0.426229508196721,"ok","",611,550,61,265770282,89974403,"4697c20edc9891e357d7b1c9d3a5c2ce",0.0199999999999818
"pente_st","ACP",27,"accuracy",0.573770491803279,"ok","",611,550,61,265770282,89974403,"4697c20edc9891e357d7b1c9d3a5c2ce",0.0199999999999818
"pente_st","ACP",27,"RMSE",0.757476396862159,"ok","",611,550,61,265770282,89974403,"4697c20edc9891e357d7b1c9d3a5c2ce",0.0199999999999818
"pente_st","ACP",27,"MAE",0.475409836065574,"ok","",611,550,61,265770282,89974403,"4697c20edc9891e357d7b1c9d3a5c2ce",0.0199999999999818
"pente_st","EM",27,"indisponible",NA,"non_applicable","non_applicable : EM gaussien pour cible quantitative seulement",611,550,61,265770282,256581089,"4697c20edc9891e357d7b1c9d3a5c2ce",0
"pente_st","AFDM",27,"taux_erreur",0.377049180327869,"ok","",611,550,61,265770282,42599709,"4697c20edc9891e357d7b1c9d3a5c2ce",0.040000000000191
"pente_st","AFDM",27,"accuracy",0.622950819672131,"ok","",611,550,61,265770282,42599709,"4697c20edc9891e357d7b1c9d3a5c2ce",0.040000000000191
"pente_st","AFDM",27,"RMSE",0.614043304928788,"ok","",611,550,61,265770282,42599709,"4697c20edc9891e357d7b1c9d3a5c2ce",0.040000000000191
"pente_st","AFDM",27,"MAE",0.377049180327869,"ok","",611,550,61,265770282,42599709,"4697c20edc9891e357d7b1c9d3a5c2ce",0.040000000000191
"pente_st","mice",27,"taux_erreur",0.409836065573771,"ok","",611,550,61,265770282,171295618,"4697c20edc9891e357d7b1c9d3a5c2ce",0.335000000000036
"pente_st","mice",27,"accuracy",0.590163934426229,"ok","",611,550,61,265770282,171295618,"4697c20edc9891e357d7b1c9d3a5c2ce",0.335000000000036
"pente_st","mice",27,"RMSE",0.778817935752112,"ok","",611,550,61,265770282,171295618,"4697c20edc9891e357d7b1c9d3a5c2ce",0.335000000000036
"pente_st","mice",27,"MAE",0.475409836065574,"ok","",611,550,61,265770282,171295618,"4697c20edc9891e357d7b1c9d3a5c2ce",0.335000000000036
"nb_vaisseaux","mean",27,"indisponible",NA,"non_applicable","non_applicable : moyenne pour cible quantitative seulement",309,279,30,147777069,227028354,"171b46d6505f65633a0c5579057b5e81",0
"nb_vaisseaux","median",27,"taux_erreur",0.466666666666667,"ok","",309,279,30,147777069,47586609,"171b46d6505f65633a0c5579057b5e81",0
"nb_vaisseaux","median",27,"accuracy",0.533333333333333,"ok","",309,279,30,147777069,47586609,"171b46d6505f65633a0c5579057b5e81",0
"nb_vaisseaux","median",27,"RMSE",1.18321595661992,"ok","",309,279,30,147777069,47586609,"171b46d6505f65633a0c5579057b5e81",0
"nb_vaisseaux","median",27,"MAE",0.733333333333333,"ok","",309,279,30,147777069,47586609,"171b46d6505f65633a0c5579057b5e81",0
"nb_vaisseaux","mode",27,"taux_erreur",0.466666666666667,"ok","",309,279,30,147777069,208212029,"171b46d6505f65633a0c5579057b5e81",0
"nb_vaisseaux","mode",27,"accuracy",0.533333333333333,"ok","",309,279,30,147777069,208212029,"171b46d6505f65633a0c5579057b5e81",0
"nb_vaisseaux","mode",27,"RMSE",1.18321595661992,"ok","",309,279,30,147777069,208212029,"171b46d6505f65633a0c5579057b5e81",0
"nb_vaisseaux","mode",27,"MAE",0.733333333333333,"ok","",309,279,30,147777069,208212029,"171b46d6505f65633a0c5579057b5e81",0
"nb_vaisseaux","RandomForest",27,"taux_erreur",0.4,"ok","",309,279,30,147777069,249116497,"171b46d6505f65633a0c5579057b5e81",0.0599999999999454
"nb_vaisseaux","RandomForest",27,"accuracy",0.6,"ok","",309,279,30,147777069,249116497,"171b46d6505f65633a0c5579057b5e81",0.0599999999999454
"nb_vaisseaux","RandomForest",27,"RMSE",1.11055541659718,"ok","",309,279,30,147777069,249116497,"171b46d6505f65633a0c5579057b5e81",0.0599999999999454
"nb_vaisseaux","RandomForest",27,"MAE",0.633333333333333,"ok","",309,279,30,147777069,249116497,"171b46d6505f65633a0c5579057b5e81",0.0599999999999454
"nb_vaisseaux","Knn",27,"taux_erreur",0.4,"ok","",309,279,30,147777069,204761987,"171b46d6505f65633a0c5579057b5e81",0.0190000000000055
"nb_vaisseaux","Knn",27,"accuracy",0.6,"ok","",309,279,30,147777069,204761987,"171b46d6505f65633a0c5579057b5e81",0.0190000000000055
"nb_vaisseaux","Knn",27,"RMSE",0.930949336251263,"ok","",309,279,30,147777069,204761987,"171b46d6505f65633a0c5579057b5e81",0.0190000000000055
"nb_vaisseaux","Knn",27,"MAE",0.533333333333333,"ok","",309,279,30,147777069,204761987,"171b46d6505f65633a0c5579057b5e81",0.0190000000000055
"nb_vaisseaux","ACP",27,"taux_erreur",0.466666666666667,"ok","",309,279,30,147777069,145736938,"171b46d6505f65633a0c5579057b5e81",0.0169999999998254
"nb_vaisseaux","ACP",27,"accuracy",0.533333333333333,"ok","",309,279,30,147777069,145736938,"171b46d6505f65633a0c5579057b5e81",0.0169999999998254
"nb_vaisseaux","ACP",27,"RMSE",1.18321595661992,"ok","",309,279,30,147777069,145736938,"171b46d6505f65633a0c5579057b5e81",0.0169999999998254
"nb_vaisseaux","ACP",27,"MAE",0.733333333333333,"ok","",309,279,30,147777069,145736938,"171b46d6505f65633a0c5579057b5e81",0.0169999999998254
"nb_vaisseaux","EM",27,"indisponible",NA,"non_applicable","non_applicable : EM gaussien pour cible quantitative seulement",309,279,30,147777069,227512647,"171b46d6505f65633a0c5579057b5e81",0
"nb_vaisseaux","AFDM",27,"taux_erreur",0.533333333333333,"ok","",309,279,30,147777069,249746533,"171b46d6505f65633a0c5579057b5e81",0.0319999999999254
"nb_vaisseaux","AFDM",27,"accuracy",0.466666666666667,"ok","",309,279,30,147777069,249746533,"171b46d6505f65633a0c5579057b5e81",0.0319999999999254
"nb_vaisseaux","AFDM",27,"RMSE",1.25166555703457,"ok","",309,279,30,147777069,249746533,"171b46d6505f65633a0c5579057b5e81",0.0319999999999254
"nb_vaisseaux","AFDM",27,"MAE",0.833333333333333,"ok","",309,279,30,147777069,249746533,"171b46d6505f65633a0c5579057b5e81",0.0319999999999254
"nb_vaisseaux","mice",27,"taux_erreur",0.4,"ok","",309,279,30,147777069,138168862,"171b46d6505f65633a0c5579057b5e81",0.240999999999985
"nb_vaisseaux","mice",27,"accuracy",0.6,"ok","",309,279,30,147777069,138168862,"171b46d6505f65633a0c5579057b5e81",0.240999999999985
"nb_vaisseaux","mice",27,"RMSE",1.11055541659718,"ok","",309,279,30,147777069,138168862,"171b46d6505f65633a0c5579057b5e81",0.240999999999985
"nb_vaisseaux","mice",27,"MAE",0.633333333333333,"ok","",309,279,30,147777069,138168862,"171b46d6505f65633a0c5579057b5e81",0.240999999999985
"test_thallium","mean",27,"indisponible",NA,"non_applicable","non_applicable : moyenne pour cible quantitative seulement",434,391,43,61585513,74846335,"46d66fcb38907767091a68419bc2bd10",0
"test_thallium","median",27,"indisponible",NA,"non_applicable","non_applicable : médiane sans sens pour cible nominale",434,391,43,61585513,95289626,"46d66fcb38907767091a68419bc2bd10",0
"test_thallium","mode",27,"taux_erreur",0.627906976744186,"ok","",434,391,43,61585513,117469302,"46d66fcb38907767091a68419bc2bd10",0
"test_thallium","mode",27,"accuracy",0.372093023255814,"ok","",434,391,43,61585513,117469302,"46d66fcb38907767091a68419bc2bd10",0
"test_thallium","RandomForest",27,"taux_erreur",0.255813953488372,"ok","",434,391,43,61585513,16901442,"46d66fcb38907767091a68419bc2bd10",0.0670000000000073
"test_thallium","RandomForest",27,"accuracy",0.744186046511628,"ok","",434,391,43,61585513,16901442,"46d66fcb38907767091a68419bc2bd10",0.0670000000000073
"test_thallium","Knn",27,"taux_erreur",0.302325581395349,"ok","",434,391,43,61585513,216872066,"46d66fcb38907767091a68419bc2bd10",0.0130000000001473
"test_thallium","Knn",27,"accuracy",0.697674418604651,"ok","",434,391,43,61585513,216872066,"46d66fcb38907767091a68419bc2bd10",0.0130000000001473
"test_thallium","ACP",27,"taux_erreur",0.348837209302326,"ok","",434,391,43,61585513,4569545,"46d66fcb38907767091a68419bc2bd10",0.0180000000000291
"test_thallium","ACP",27,"accuracy",0.651162790697674,"ok","",434,391,43,61585513,4569545,"46d66fcb38907767091a68419bc2bd10",0.0180000000000291
"test_thallium","EM",27,"indisponible",NA,"non_applicable","non_applicable : EM gaussien pour cible quantitative seulement",434,391,43,61585513,222068498,"46d66fcb38907767091a68419bc2bd10",0
"test_thallium","AFDM",27,"taux_erreur",0.348837209302326,"ok","",434,391,43,61585513,109259599,"46d66fcb38907767091a68419bc2bd10",0.04099999999994
"test_thallium","AFDM",27,"accuracy",0.651162790697674,"ok","",434,391,43,61585513,109259599,"46d66fcb38907767091a68419bc2bd10",0.04099999999994
"test_thallium","mice",27,"taux_erreur",0.372093023255814,"ok","",434,391,43,61585513,244426990,"46d66fcb38907767091a68419bc2bd10",0.25
"test_thallium","mice",27,"accuracy",0.627906976744186,"ok","",434,391,43,61585513,244426990,"46d66fcb38907767091a68419bc2bd10",0.25
"pa_repos","mean",28,"RMSE",18.1416776287678,"ok","",860,774,86,221715562,40781041,"b0e7c80bfdb526ccda79eaa8733529a8",0.000999999999976353
"pa_repos","mean",28,"MAE",14.2252869418905,"ok","",860,774,86,221715562,40781041,"b0e7c80bfdb526ccda79eaa8733529a8",0.000999999999976353
"pa_repos","median",28,"RMSE",18.0570800390009,"ok","",860,774,86,221715562,107428929,"b0e7c80bfdb526ccda79eaa8733529a8",0
"pa_repos","median",28,"MAE",13.7325581395349,"ok","",860,774,86,221715562,107428929,"b0e7c80bfdb526ccda79eaa8733529a8",0
"pa_repos","mode",28,"RMSE",20.9376149771227,"ok","",860,774,86,221715562,75987681,"b0e7c80bfdb526ccda79eaa8733529a8",0.00100000000020373
"pa_repos","mode",28,"MAE",15.8953488372093,"ok","",860,774,86,221715562,75987681,"b0e7c80bfdb526ccda79eaa8733529a8",0.00100000000020373
"pa_repos","RandomForest",28,"RMSE",17.9432316468323,"ok","",860,774,86,221715562,258699434,"b0e7c80bfdb526ccda79eaa8733529a8",0.125999999999976
"pa_repos","RandomForest",28,"MAE",14.3130114448298,"ok","",860,774,86,221715562,258699434,"b0e7c80bfdb526ccda79eaa8733529a8",0.125999999999976
"pa_repos","Knn",28,"RMSE",18.6195446201153,"ok","",860,774,86,221715562,163524429,"b0e7c80bfdb526ccda79eaa8733529a8",0.0349999999998545
"pa_repos","Knn",28,"MAE",14.2697674418605,"ok","",860,774,86,221715562,163524429,"b0e7c80bfdb526ccda79eaa8733529a8",0.0349999999998545
"pa_repos","ACP",28,"RMSE",19.9233686087589,"ok","",860,774,86,221715562,71952743,"b0e7c80bfdb526ccda79eaa8733529a8",0.0190000000000055
"pa_repos","ACP",28,"MAE",15.6222085232598,"ok","",860,774,86,221715562,71952743,"b0e7c80bfdb526ccda79eaa8733529a8",0.0190000000000055
"pa_repos","EM",28,"RMSE",18.0715819475475,"ok","",860,774,86,221715562,106696500,"b0e7c80bfdb526ccda79eaa8733529a8",0.253999999999905
"pa_repos","EM",28,"MAE",14.3384124970842,"ok","",860,774,86,221715562,106696500,"b0e7c80bfdb526ccda79eaa8733529a8",0.253999999999905
"pa_repos","AFDM",28,"RMSE",18.2909936084099,"ok","",860,774,86,221715562,86434758,"b0e7c80bfdb526ccda79eaa8733529a8",0.0499999999999545
"pa_repos","AFDM",28,"MAE",14.7082717430766,"ok","",860,774,86,221715562,86434758,"b0e7c80bfdb526ccda79eaa8733529a8",0.0499999999999545
"pa_repos","mice",28,"RMSE",21.6210061508882,"ok","",860,774,86,221715562,45812953,"b0e7c80bfdb526ccda79eaa8733529a8",0.0729999999998654
"pa_repos","mice",28,"MAE",17.246511627907,"ok","",860,774,86,221715562,45812953,"b0e7c80bfdb526ccda79eaa8733529a8",0.0729999999998654
"cholesterol","mean",28,"RMSE",58.9523680610243,"ok","",718,647,71,264786643,185600169,"9334d388393cbccc41b5643d9364ad41",0
"cholesterol","mean",28,"MAE",42.9153405751355,"ok","",718,647,71,264786643,185600169,"9334d388393cbccc41b5643d9364ad41",0
"cholesterol","median",28,"RMSE",59.669276308761,"ok","",718,647,71,264786643,241404345,"9334d388393cbccc41b5643d9364ad41",0
"cholesterol","median",28,"MAE",42.8732394366197,"ok","",718,647,71,264786643,241404345,"9334d388393cbccc41b5643d9364ad41",0
"cholesterol","mode",28,"RMSE",69.7833670000177,"ok","",718,647,71,264786643,176714716,"9334d388393cbccc41b5643d9364ad41",0.000999999999976353
"cholesterol","mode",28,"MAE",51.0140845070423,"ok","",718,647,71,264786643,176714716,"9334d388393cbccc41b5643d9364ad41",0.000999999999976353
"cholesterol","RandomForest",28,"RMSE",58.3053701756352,"ok","",718,647,71,264786643,236114638,"9334d388393cbccc41b5643d9364ad41",0.132000000000062
"cholesterol","RandomForest",28,"MAE",43.6635381533746,"ok","",718,647,71,264786643,236114638,"9334d388393cbccc41b5643d9364ad41",0.132000000000062
"cholesterol","Knn",28,"RMSE",57.5320951455011,"ok","",718,647,71,264786643,224752430,"9334d388393cbccc41b5643d9364ad41",0.0229999999999109
"cholesterol","Knn",28,"MAE",43.3718309859155,"ok","",718,647,71,264786643,224752430,"9334d388393cbccc41b5643d9364ad41",0.0229999999999109
"cholesterol","ACP",28,"RMSE",59.7210578923562,"ok","",718,647,71,264786643,163316237,"9334d388393cbccc41b5643d9364ad41",0.0160000000000764
"cholesterol","ACP",28,"MAE",42.0749851225912,"ok","",718,647,71,264786643,163316237,"9334d388393cbccc41b5643d9364ad41",0.0160000000000764
"cholesterol","EM",28,"RMSE",58.864534901092,"ok","",718,647,71,264786643,86453497,"9334d388393cbccc41b5643d9364ad41",0.0760000000000218
"cholesterol","EM",28,"MAE",43.287713755972,"ok","",718,647,71,264786643,86453497,"9334d388393cbccc41b5643d9364ad41",0.0760000000000218
"cholesterol","AFDM",28,"RMSE",59.1237690854009,"ok","",718,647,71,264786643,174123340,"9334d388393cbccc41b5643d9364ad41",0.0370000000000346
"cholesterol","AFDM",28,"MAE",43.1552824573168,"ok","",718,647,71,264786643,174123340,"9334d388393cbccc41b5643d9364ad41",0.0370000000000346
"cholesterol","mice",28,"RMSE",65.4680483297973,"ok","",718,647,71,264786643,221638234,"9334d388393cbccc41b5643d9364ad41",0.08400000000006
"cholesterol","mice",28,"MAE",48.8338028169014,"ok","",718,647,71,264786643,221638234,"9334d388393cbccc41b5643d9364ad41",0.08400000000006
"glyc_jeun_elevee","mean",28,"indisponible",NA,"non_applicable","non_applicable : moyenne pour cible quantitative seulement",830,747,83,163257768,150400757,"d22e4fd52465f0361794c87f46c94efd",0
"glyc_jeun_elevee","median",28,"indisponible",NA,"non_applicable","non_applicable : médiane sans sens pour cible nominale",830,747,83,163257768,122854330,"d22e4fd52465f0361794c87f46c94efd",0
"glyc_jeun_elevee","mode",28,"taux_erreur",0.120481927710843,"ok","",830,747,83,163257768,66547835,"d22e4fd52465f0361794c87f46c94efd",0.000999999999976353
"glyc_jeun_elevee","mode",28,"accuracy",0.879518072289157,"ok","",830,747,83,163257768,66547835,"d22e4fd52465f0361794c87f46c94efd",0.000999999999976353
"glyc_jeun_elevee","RandomForest",28,"taux_erreur",0.120481927710843,"ok","",830,747,83,163257768,210643995,"d22e4fd52465f0361794c87f46c94efd",0.105000000000018
"glyc_jeun_elevee","RandomForest",28,"accuracy",0.879518072289157,"ok","",830,747,83,163257768,210643995,"d22e4fd52465f0361794c87f46c94efd",0.105000000000018
"glyc_jeun_elevee","Knn",28,"taux_erreur",0.168674698795181,"ok","",830,747,83,163257768,133995791,"d22e4fd52465f0361794c87f46c94efd",0.02800000000002
"glyc_jeun_elevee","Knn",28,"accuracy",0.831325301204819,"ok","",830,747,83,163257768,133995791,"d22e4fd52465f0361794c87f46c94efd",0.02800000000002
"glyc_jeun_elevee","ACP",28,"taux_erreur",0.132530120481928,"ok","",830,747,83,163257768,43488925,"d22e4fd52465f0361794c87f46c94efd",0.0200000000002092
"glyc_jeun_elevee","ACP",28,"accuracy",0.867469879518072,"ok","",830,747,83,163257768,43488925,"d22e4fd52465f0361794c87f46c94efd",0.0200000000002092
"glyc_jeun_elevee","EM",28,"indisponible",NA,"non_applicable","non_applicable : EM gaussien pour cible quantitative seulement",830,747,83,163257768,123012264,"d22e4fd52465f0361794c87f46c94efd",0
"glyc_jeun_elevee","AFDM",28,"taux_erreur",0.132530120481928,"ok","",830,747,83,163257768,87391051,"d22e4fd52465f0361794c87f46c94efd",0.06899999999996
"glyc_jeun_elevee","AFDM",28,"accuracy",0.867469879518072,"ok","",830,747,83,163257768,87391051,"d22e4fd52465f0361794c87f46c94efd",0.06899999999996
"glyc_jeun_elevee","mice",28,"taux_erreur",0.108433734939759,"ok","",830,747,83,163257768,177559750,"d22e4fd52465f0361794c87f46c94efd",0.175999999999931
"glyc_jeun_elevee","mice",28,"accuracy",0.891566265060241,"ok","",830,747,83,163257768,177559750,"d22e4fd52465f0361794c87f46c94efd",0.175999999999931
"ecg_repos","mean",28,"indisponible",NA,"non_applicable","non_applicable : moyenne pour cible quantitative seulement",918,827,91,167035681,30171824,"3ca0d4997feaa28fcc916840a1360b94",0
"ecg_repos","median",28,"indisponible",NA,"non_applicable","non_applicable : médiane sans sens pour cible nominale",918,827,91,167035681,242990989,"3ca0d4997feaa28fcc916840a1360b94",0
"ecg_repos","mode",28,"taux_erreur",0.406593406593407,"ok","",918,827,91,167035681,66670703,"3ca0d4997feaa28fcc916840a1360b94",0.000999999999976353
"ecg_repos","mode",28,"accuracy",0.593406593406593,"ok","",918,827,91,167035681,66670703,"3ca0d4997feaa28fcc916840a1360b94",0.000999999999976353
"ecg_repos","RandomForest",28,"taux_erreur",0.362637362637363,"ok","",918,827,91,167035681,238546736,"3ca0d4997feaa28fcc916840a1360b94",0.134000000000015
"ecg_repos","RandomForest",28,"accuracy",0.637362637362637,"ok","",918,827,91,167035681,238546736,"3ca0d4997feaa28fcc916840a1360b94",0.134000000000015
"ecg_repos","Knn",28,"taux_erreur",0.395604395604396,"ok","",918,827,91,167035681,231026918,"3ca0d4997feaa28fcc916840a1360b94",0.0430000000001201
"ecg_repos","Knn",28,"accuracy",0.604395604395604,"ok","",918,827,91,167035681,231026918,"3ca0d4997feaa28fcc916840a1360b94",0.0430000000001201
"ecg_repos","ACP",28,"taux_erreur",0.406593406593407,"ok","",918,827,91,167035681,90297927,"3ca0d4997feaa28fcc916840a1360b94",0.04099999999994
"ecg_repos","ACP",28,"accuracy",0.593406593406593,"ok","",918,827,91,167035681,90297927,"3ca0d4997feaa28fcc916840a1360b94",0.04099999999994
"ecg_repos","EM",28,"indisponible",NA,"non_applicable","non_applicable : EM gaussien pour cible quantitative seulement",918,827,91,167035681,136710382,"3ca0d4997feaa28fcc916840a1360b94",0.000999999999976353
"ecg_repos","AFDM",28,"taux_erreur",0.373626373626374,"ok","",918,827,91,167035681,21113559,"3ca0d4997feaa28fcc916840a1360b94",0.0679999999999836
"ecg_repos","AFDM",28,"accuracy",0.626373626373626,"ok","",918,827,91,167035681,21113559,"3ca0d4997feaa28fcc916840a1360b94",0.0679999999999836
"ecg_repos","mice",28,"taux_erreur",0.373626373626374,"ok","",918,827,91,167035681,140715687,"3ca0d4997feaa28fcc916840a1360b94",0.384999999999991
"ecg_repos","mice",28,"accuracy",0.626373626373626,"ok","",918,827,91,167035681,140715687,"3ca0d4997feaa28fcc916840a1360b94",0.384999999999991
"fc_max","mean",28,"RMSE",24.4239752452069,"ok","",865,779,86,189624181,22914527,"395b7acd8b13fb6cff93c1f8c90246a5",0.000999999999976353
"fc_max","mean",28,"MAE",20.3975878436875,"ok","",865,779,86,189624181,22914527,"395b7acd8b13fb6cff93c1f8c90246a5",0.000999999999976353
"fc_max","median",28,"RMSE",24.9161384144568,"ok","",865,779,86,189624181,133201674,"395b7acd8b13fb6cff93c1f8c90246a5",0.000999999999976353
"fc_max","median",28,"MAE",21.0232558139535,"ok","",865,779,86,189624181,133201674,"395b7acd8b13fb6cff93c1f8c90246a5",0.000999999999976353
"fc_max","mode",28,"RMSE",29.4345944228421,"ok","",865,779,86,189624181,137438305,"395b7acd8b13fb6cff93c1f8c90246a5",0.000999999999976353
"fc_max","mode",28,"MAE",25.093023255814,"ok","",865,779,86,189624181,137438305,"395b7acd8b13fb6cff93c1f8c90246a5",0.000999999999976353
"fc_max","RandomForest",28,"RMSE",19.8481256213429,"ok","",865,779,86,189624181,1344424,"395b7acd8b13fb6cff93c1f8c90246a5",0.175000000000182
"fc_max","RandomForest",28,"MAE",15.338269380113,"ok","",865,779,86,189624181,1344424,"395b7acd8b13fb6cff93c1f8c90246a5",0.175000000000182
"fc_max","Knn",28,"RMSE",21.7233450676969,"ok","",865,779,86,189624181,63133489,"395b7acd8b13fb6cff93c1f8c90246a5",0.0169999999998254
"fc_max","Knn",28,"MAE",17.1232558139535,"ok","",865,779,86,189624181,63133489,"395b7acd8b13fb6cff93c1f8c90246a5",0.0169999999998254
"fc_max","ACP",28,"RMSE",47.2841922211672,"ok","",865,779,86,189624181,101201931,"395b7acd8b13fb6cff93c1f8c90246a5",0.015999999999849
"fc_max","ACP",28,"MAE",39.3282615812321,"ok","",865,779,86,189624181,101201931,"395b7acd8b13fb6cff93c1f8c90246a5",0.015999999999849
"fc_max","EM",28,"RMSE",22.7846260757583,"ok","",865,779,86,189624181,41443401,"395b7acd8b13fb6cff93c1f8c90246a5",0.219000000000051
"fc_max","EM",28,"MAE",18.7220209721222,"ok","",865,779,86,189624181,41443401,"395b7acd8b13fb6cff93c1f8c90246a5",0.219000000000051
"fc_max","AFDM",28,"RMSE",20.8509480180282,"ok","",865,779,86,189624181,108872179,"395b7acd8b13fb6cff93c1f8c90246a5",0.0509999999999309
"fc_max","AFDM",28,"MAE",16.7473695770248,"ok","",865,779,86,189624181,108872179,"395b7acd8b13fb6cff93c1f8c90246a5",0.0509999999999309
"fc_max","mice",28,"RMSE",23.5171585057814,"ok","",865,779,86,189624181,181242581,"395b7acd8b13fb6cff93c1f8c90246a5",0.0659999999998035
"fc_max","mice",28,"MAE",18.246511627907,"ok","",865,779,86,189624181,181242581,"395b7acd8b13fb6cff93c1f8c90246a5",0.0659999999998035
"angine_effort","mean",28,"indisponible",NA,"non_applicable","non_applicable : moyenne pour cible quantitative seulement",865,779,86,46065667,86412412,"817019a497800fe239eadb93d66fe008",0
"angine_effort","median",28,"indisponible",NA,"non_applicable","non_applicable : médiane sans sens pour cible nominale",865,779,86,46065667,249135382,"817019a497800fe239eadb93d66fe008",0
"angine_effort","mode",28,"taux_erreur",0.302325581395349,"ok","",865,779,86,46065667,247295049,"817019a497800fe239eadb93d66fe008",0.00100000000020373
"angine_effort","mode",28,"accuracy",0.697674418604651,"ok","",865,779,86,46065667,247295049,"817019a497800fe239eadb93d66fe008",0.00100000000020373
"angine_effort","RandomForest",28,"taux_erreur",0.232558139534884,"ok","",865,779,86,46065667,96880700,"817019a497800fe239eadb93d66fe008",0.134999999999991
"angine_effort","RandomForest",28,"accuracy",0.767441860465116,"ok","",865,779,86,46065667,96880700,"817019a497800fe239eadb93d66fe008",0.134999999999991
"angine_effort","Knn",28,"taux_erreur",0.244186046511628,"ok","",865,779,86,46065667,194388854,"817019a497800fe239eadb93d66fe008",0.0370000000000346
"angine_effort","Knn",28,"accuracy",0.755813953488372,"ok","",865,779,86,46065667,194388854,"817019a497800fe239eadb93d66fe008",0.0370000000000346
"angine_effort","ACP",28,"taux_erreur",0.325581395348837,"ok","",865,779,86,46065667,245224770,"817019a497800fe239eadb93d66fe008",0.0199999999999818
"angine_effort","ACP",28,"accuracy",0.674418604651163,"ok","",865,779,86,46065667,245224770,"817019a497800fe239eadb93d66fe008",0.0199999999999818
"angine_effort","EM",28,"indisponible",NA,"non_applicable","non_applicable : EM gaussien pour cible quantitative seulement",865,779,86,46065667,143668825,"817019a497800fe239eadb93d66fe008",0.000999999999976353
"angine_effort","AFDM",28,"taux_erreur",0.232558139534884,"ok","",865,779,86,46065667,94917371,"817019a497800fe239eadb93d66fe008",0.0570000000000164
"angine_effort","AFDM",28,"accuracy",0.767441860465116,"ok","",865,779,86,46065667,94917371,"817019a497800fe239eadb93d66fe008",0.0570000000000164
"angine_effort","mice",28,"taux_erreur",0.302325581395349,"ok","",865,779,86,46065667,18962243,"817019a497800fe239eadb93d66fe008",0.20699999999988
"angine_effort","mice",28,"accuracy",0.697674418604651,"ok","",865,779,86,46065667,18962243,"817019a497800fe239eadb93d66fe008",0.20699999999988
"depress_st","mean",28,"RMSE",1.11812303289736,"ok","",858,773,85,228097761,130749905,"754f5de5bd60db2f71b83463a6dfd25e",0
"depress_st","mean",28,"MAE",0.890690206224793,"ok","",858,773,85,228097761,130749905,"754f5de5bd60db2f71b83463a6dfd25e",0
"depress_st","median",28,"RMSE",1.15029408004572,"ok","",858,773,85,228097761,104353992,"754f5de5bd60db2f71b83463a6dfd25e",0.000999999999976353
"depress_st","median",28,"MAE",0.82,"ok","",858,773,85,228097761,104353992,"754f5de5bd60db2f71b83463a6dfd25e",0.000999999999976353
"depress_st","mode",28,"RMSE",1.3643356495767,"ok","",858,773,85,228097761,11413299,"754f5de5bd60db2f71b83463a6dfd25e",0.00399999999990541
"depress_st","mode",28,"MAE",0.804705882352941,"ok","",858,773,85,228097761,11413299,"754f5de5bd60db2f71b83463a6dfd25e",0.00399999999990541
"depress_st","RandomForest",28,"RMSE",0.944231526221111,"ok","",858,773,85,228097761,143837644,"754f5de5bd60db2f71b83463a6dfd25e",0.127999999999929
"depress_st","RandomForest",28,"MAE",0.73525135800016,"ok","",858,773,85,228097761,143837644,"754f5de5bd60db2f71b83463a6dfd25e",0.127999999999929
"depress_st","Knn",28,"RMSE",1.01412610887694,"ok","",858,773,85,228097761,106297440,"754f5de5bd60db2f71b83463a6dfd25e",0.0259999999998399
"depress_st","Knn",28,"MAE",0.736941176470588,"ok","",858,773,85,228097761,106297440,"754f5de5bd60db2f71b83463a6dfd25e",0.0259999999998399
"depress_st","ACP",28,"RMSE",1.74227143515651,"ok","",858,773,85,228097761,209280389,"754f5de5bd60db2f71b83463a6dfd25e",0.0360000000000582
"depress_st","ACP",28,"MAE",1.4762887116965,"ok","",858,773,85,228097761,209280389,"754f5de5bd60db2f71b83463a6dfd25e",0.0360000000000582
"depress_st","EM",28,"RMSE",1.1331072585867,"ok","",858,773,85,228097761,81644092,"754f5de5bd60db2f71b83463a6dfd25e",0.283000000000129
"depress_st","EM",28,"MAE",0.902476570552829,"ok","",858,773,85,228097761,81644092,"754f5de5bd60db2f71b83463a6dfd25e",0.283000000000129
"depress_st","AFDM",28,"RMSE",1.0512598941788,"ok","",858,773,85,228097761,256365755,"754f5de5bd60db2f71b83463a6dfd25e",0.0389999999999873
"depress_st","AFDM",28,"MAE",0.824326339941038,"ok","",858,773,85,228097761,256365755,"754f5de5bd60db2f71b83463a6dfd25e",0.0389999999999873
"depress_st","mice",28,"RMSE",1.06250536330826,"ok","",858,773,85,228097761,31450573,"754f5de5bd60db2f71b83463a6dfd25e",0.0860000000000127
"depress_st","mice",28,"MAE",0.808705882352941,"ok","",858,773,85,228097761,31450573,"754f5de5bd60db2f71b83463a6dfd25e",0.0860000000000127
"pente_st","mean",28,"indisponible",NA,"non_applicable","non_applicable : moyenne pour cible quantitative seulement",611,550,61,184194375,149455373,"b6d3eee2d93e7ecde1cbbdded97b9f2f",0
"pente_st","median",28,"taux_erreur",0.426229508196721,"ok","",611,550,61,184194375,192677695,"b6d3eee2d93e7ecde1cbbdded97b9f2f",0.000999999999976353
"pente_st","median",28,"accuracy",0.573770491803279,"ok","",611,550,61,184194375,192677695,"b6d3eee2d93e7ecde1cbbdded97b9f2f",0.000999999999976353
"pente_st","median",28,"RMSE",0.652862549237373,"ok","",611,550,61,184194375,192677695,"b6d3eee2d93e7ecde1cbbdded97b9f2f",0.000999999999976353
"pente_st","median",28,"MAE",0.426229508196721,"ok","",611,550,61,184194375,192677695,"b6d3eee2d93e7ecde1cbbdded97b9f2f",0.000999999999976353
"pente_st","mode",28,"taux_erreur",0.426229508196721,"ok","",611,550,61,184194375,133251395,"b6d3eee2d93e7ecde1cbbdded97b9f2f",0.000999999999976353
"pente_st","mode",28,"accuracy",0.573770491803279,"ok","",611,550,61,184194375,133251395,"b6d3eee2d93e7ecde1cbbdded97b9f2f",0.000999999999976353
"pente_st","mode",28,"RMSE",0.652862549237373,"ok","",611,550,61,184194375,133251395,"b6d3eee2d93e7ecde1cbbdded97b9f2f",0.000999999999976353
"pente_st","mode",28,"MAE",0.426229508196721,"ok","",611,550,61,184194375,133251395,"b6d3eee2d93e7ecde1cbbdded97b9f2f",0.000999999999976353
"pente_st","RandomForest",28,"taux_erreur",0.327868852459016,"ok","",611,550,61,184194375,179731385,"b6d3eee2d93e7ecde1cbbdded97b9f2f",0.0889999999999418
"pente_st","RandomForest",28,"accuracy",0.672131147540984,"ok","",611,550,61,184194375,179731385,"b6d3eee2d93e7ecde1cbbdded97b9f2f",0.0889999999999418
"pente_st","RandomForest",28,"RMSE",0.614043304928788,"ok","",611,550,61,184194375,179731385,"b6d3eee2d93e7ecde1cbbdded97b9f2f",0.0889999999999418
"pente_st","RandomForest",28,"MAE",0.344262295081967,"ok","",611,550,61,184194375,179731385,"b6d3eee2d93e7ecde1cbbdded97b9f2f",0.0889999999999418
"pente_st","Knn",28,"taux_erreur",0.327868852459016,"ok","",611,550,61,184194375,177462717,"b6d3eee2d93e7ecde1cbbdded97b9f2f",0.0179999999998017
"pente_st","Knn",28,"accuracy",0.672131147540984,"ok","",611,550,61,184194375,177462717,"b6d3eee2d93e7ecde1cbbdded97b9f2f",0.0179999999998017
"pente_st","Knn",28,"RMSE",0.689499699829937,"ok","",611,550,61,184194375,177462717,"b6d3eee2d93e7ecde1cbbdded97b9f2f",0.0179999999998017
"pente_st","Knn",28,"MAE",0.377049180327869,"ok","",611,550,61,184194375,177462717,"b6d3eee2d93e7ecde1cbbdded97b9f2f",0.0179999999998017
"pente_st","ACP",28,"taux_erreur",0.409836065573771,"ok","",611,550,61,184194375,8171944,"b6d3eee2d93e7ecde1cbbdded97b9f2f",0.0220000000001619
"pente_st","ACP",28,"accuracy",0.590163934426229,"ok","",611,550,61,184194375,8171944,"b6d3eee2d93e7ecde1cbbdded97b9f2f",0.0220000000001619
"pente_st","ACP",28,"RMSE",0.7465768876548,"ok","",611,550,61,184194375,8171944,"b6d3eee2d93e7ecde1cbbdded97b9f2f",0.0220000000001619
"pente_st","ACP",28,"MAE",0.459016393442623,"ok","",611,550,61,184194375,8171944,"b6d3eee2d93e7ecde1cbbdded97b9f2f",0.0220000000001619
"pente_st","EM",28,"indisponible",NA,"non_applicable","non_applicable : EM gaussien pour cible quantitative seulement",611,550,61,184194375,9308360,"b6d3eee2d93e7ecde1cbbdded97b9f2f",0.000999999999976353
"pente_st","AFDM",28,"taux_erreur",0.278688524590164,"ok","",611,550,61,184194375,103543895,"b6d3eee2d93e7ecde1cbbdded97b9f2f",0.0440000000000964
"pente_st","AFDM",28,"accuracy",0.721311475409836,"ok","",611,550,61,184194375,103543895,"b6d3eee2d93e7ecde1cbbdded97b9f2f",0.0440000000000964
"pente_st","AFDM",28,"RMSE",0.527909579937856,"ok","",611,550,61,184194375,103543895,"b6d3eee2d93e7ecde1cbbdded97b9f2f",0.0440000000000964
"pente_st","AFDM",28,"MAE",0.278688524590164,"ok","",611,550,61,184194375,103543895,"b6d3eee2d93e7ecde1cbbdded97b9f2f",0.0440000000000964
"pente_st","mice",28,"taux_erreur",0.327868852459016,"ok","",611,550,61,184194375,130514850,"b6d3eee2d93e7ecde1cbbdded97b9f2f",0.313999999999851
"pente_st","mice",28,"accuracy",0.672131147540984,"ok","",611,550,61,184194375,130514850,"b6d3eee2d93e7ecde1cbbdded97b9f2f",0.313999999999851
"pente_st","mice",28,"RMSE",0.572598334313868,"ok","",611,550,61,184194375,130514850,"b6d3eee2d93e7ecde1cbbdded97b9f2f",0.313999999999851
"pente_st","mice",28,"MAE",0.327868852459016,"ok","",611,550,61,184194375,130514850,"b6d3eee2d93e7ecde1cbbdded97b9f2f",0.313999999999851
"nb_vaisseaux","mean",28,"indisponible",NA,"non_applicable","non_applicable : moyenne pour cible quantitative seulement",309,279,30,47693124,228423645,"f966c0f96b45617f477b44d27dc3300a",0.000999999999976353
"nb_vaisseaux","median",28,"taux_erreur",0.433333333333333,"ok","",309,279,30,47693124,161172587,"f966c0f96b45617f477b44d27dc3300a",0
"nb_vaisseaux","median",28,"accuracy",0.566666666666667,"ok","",309,279,30,47693124,161172587,"f966c0f96b45617f477b44d27dc3300a",0
"nb_vaisseaux","median",28,"RMSE",1.19721899973786,"ok","",309,279,30,47693124,161172587,"f966c0f96b45617f477b44d27dc3300a",0
"nb_vaisseaux","median",28,"MAE",0.7,"ok","",309,279,30,47693124,161172587,"f966c0f96b45617f477b44d27dc3300a",0
"nb_vaisseaux","mode",28,"taux_erreur",0.433333333333333,"ok","",309,279,30,47693124,78994088,"f966c0f96b45617f477b44d27dc3300a",0.00100000000020373
"nb_vaisseaux","mode",28,"accuracy",0.566666666666667,"ok","",309,279,30,47693124,78994088,"f966c0f96b45617f477b44d27dc3300a",0.00100000000020373
"nb_vaisseaux","mode",28,"RMSE",1.19721899973786,"ok","",309,279,30,47693124,78994088,"f966c0f96b45617f477b44d27dc3300a",0.00100000000020373
"nb_vaisseaux","mode",28,"MAE",0.7,"ok","",309,279,30,47693124,78994088,"f966c0f96b45617f477b44d27dc3300a",0.00100000000020373
"nb_vaisseaux","RandomForest",28,"taux_erreur",0.533333333333333,"ok","",309,279,30,47693124,42451525,"f966c0f96b45617f477b44d27dc3300a",0.0599999999999454
"nb_vaisseaux","RandomForest",28,"accuracy",0.466666666666667,"ok","",309,279,30,47693124,42451525,"f966c0f96b45617f477b44d27dc3300a",0.0599999999999454
"nb_vaisseaux","RandomForest",28,"RMSE",1.19721899973786,"ok","",309,279,30,47693124,42451525,"f966c0f96b45617f477b44d27dc3300a",0.0599999999999454
"nb_vaisseaux","RandomForest",28,"MAE",0.766666666666667,"ok","",309,279,30,47693124,42451525,"f966c0f96b45617f477b44d27dc3300a",0.0599999999999454
"nb_vaisseaux","Knn",28,"taux_erreur",0.5,"ok","",309,279,30,47693124,152931484,"f966c0f96b45617f477b44d27dc3300a",0.01299999999992
"nb_vaisseaux","Knn",28,"accuracy",0.5,"ok","",309,279,30,47693124,152931484,"f966c0f96b45617f477b44d27dc3300a",0.01299999999992
"nb_vaisseaux","Knn",28,"RMSE",1.11055541659718,"ok","",309,279,30,47693124,152931484,"f966c0f96b45617f477b44d27dc3300a",0.01299999999992
"nb_vaisseaux","Knn",28,"MAE",0.7,"ok","",309,279,30,47693124,152931484,"f966c0f96b45617f477b44d27dc3300a",0.01299999999992
"nb_vaisseaux","ACP",28,"taux_erreur",0.433333333333333,"ok","",309,279,30,47693124,240877657,"f966c0f96b45617f477b44d27dc3300a",0.0160000000000764
"nb_vaisseaux","ACP",28,"accuracy",0.566666666666667,"ok","",309,279,30,47693124,240877657,"f966c0f96b45617f477b44d27dc3300a",0.0160000000000764
"nb_vaisseaux","ACP",28,"RMSE",1.08012344973464,"ok","",309,279,30,47693124,240877657,"f966c0f96b45617f477b44d27dc3300a",0.0160000000000764
"nb_vaisseaux","ACP",28,"MAE",0.633333333333333,"ok","",309,279,30,47693124,240877657,"f966c0f96b45617f477b44d27dc3300a",0.0160000000000764
"nb_vaisseaux","EM",28,"indisponible",NA,"non_applicable","non_applicable : EM gaussien pour cible quantitative seulement",309,279,30,47693124,185516744,"f966c0f96b45617f477b44d27dc3300a",0
"nb_vaisseaux","AFDM",28,"taux_erreur",0.5,"ok","",309,279,30,47693124,160103245,"f966c0f96b45617f477b44d27dc3300a",0.02800000000002
"nb_vaisseaux","AFDM",28,"accuracy",0.5,"ok","",309,279,30,47693124,160103245,"f966c0f96b45617f477b44d27dc3300a",0.02800000000002
"nb_vaisseaux","AFDM",28,"RMSE",1.25166555703457,"ok","",309,279,30,47693124,160103245,"f966c0f96b45617f477b44d27dc3300a",0.02800000000002
"nb_vaisseaux","AFDM",28,"MAE",0.766666666666667,"ok","",309,279,30,47693124,160103245,"f966c0f96b45617f477b44d27dc3300a",0.02800000000002
"nb_vaisseaux","mice",28,"taux_erreur",0.633333333333333,"ok","",309,279,30,47693124,129222976,"f966c0f96b45617f477b44d27dc3300a",0.247000000000071
"nb_vaisseaux","mice",28,"accuracy",0.366666666666667,"ok","",309,279,30,47693124,129222976,"f966c0f96b45617f477b44d27dc3300a",0.247000000000071
"nb_vaisseaux","mice",28,"RMSE",1.40237893119751,"ok","",309,279,30,47693124,129222976,"f966c0f96b45617f477b44d27dc3300a",0.247000000000071
"nb_vaisseaux","mice",28,"MAE",1.03333333333333,"ok","",309,279,30,47693124,129222976,"f966c0f96b45617f477b44d27dc3300a",0.247000000000071
"test_thallium","mean",28,"indisponible",NA,"non_applicable","non_applicable : moyenne pour cible quantitative seulement",434,391,43,243841215,8039497,"486eaf05e19d97d8cf23563a4a03affb",0.000999999999976353
"test_thallium","median",28,"indisponible",NA,"non_applicable","non_applicable : médiane sans sens pour cible nominale",434,391,43,243841215,158049916,"486eaf05e19d97d8cf23563a4a03affb",0
"test_thallium","mode",28,"taux_erreur",0.558139534883721,"ok","",434,391,43,243841215,45769120,"486eaf05e19d97d8cf23563a4a03affb",0
"test_thallium","mode",28,"accuracy",0.441860465116279,"ok","",434,391,43,243841215,45769120,"486eaf05e19d97d8cf23563a4a03affb",0
"test_thallium","RandomForest",28,"taux_erreur",0.325581395348837,"ok","",434,391,43,243841215,52853179,"486eaf05e19d97d8cf23563a4a03affb",0.0650000000000546
"test_thallium","RandomForest",28,"accuracy",0.674418604651163,"ok","",434,391,43,243841215,52853179,"486eaf05e19d97d8cf23563a4a03affb",0.0650000000000546
"test_thallium","Knn",28,"taux_erreur",0.348837209302326,"ok","",434,391,43,243841215,78714871,"486eaf05e19d97d8cf23563a4a03affb",0.0150000000001
"test_thallium","Knn",28,"accuracy",0.651162790697674,"ok","",434,391,43,243841215,78714871,"486eaf05e19d97d8cf23563a4a03affb",0.0150000000001
"test_thallium","ACP",28,"taux_erreur",0.441860465116279,"ok","",434,391,43,243841215,248874748,"486eaf05e19d97d8cf23563a4a03affb",0.0319999999999254
"test_thallium","ACP",28,"accuracy",0.558139534883721,"ok","",434,391,43,243841215,248874748,"486eaf05e19d97d8cf23563a4a03affb",0.0319999999999254
"test_thallium","EM",28,"indisponible",NA,"non_applicable","non_applicable : EM gaussien pour cible quantitative seulement",434,391,43,243841215,39756680,"486eaf05e19d97d8cf23563a4a03affb",0
"test_thallium","AFDM",28,"taux_erreur",0.302325581395349,"ok","",434,391,43,243841215,43423983,"486eaf05e19d97d8cf23563a4a03affb",0.0410000000001673
"test_thallium","AFDM",28,"accuracy",0.697674418604651,"ok","",434,391,43,243841215,43423983,"486eaf05e19d97d8cf23563a4a03affb",0.0410000000001673
"test_thallium","mice",28,"taux_erreur",0.325581395348837,"ok","",434,391,43,243841215,53388732,"486eaf05e19d97d8cf23563a4a03affb",0.274999999999864
"test_thallium","mice",28,"accuracy",0.674418604651163,"ok","",434,391,43,243841215,53388732,"486eaf05e19d97d8cf23563a4a03affb",0.274999999999864
"pa_repos","mean",29,"RMSE",18.452723953918,"ok","",860,774,86,80363670,225985830,"5cb2e2a541f2f075e6cedf6846ea66b7",0.000999999999976353
"pa_repos","mean",29,"MAE",13.8125112673517,"ok","",860,774,86,80363670,225985830,"5cb2e2a541f2f075e6cedf6846ea66b7",0.000999999999976353
"pa_repos","median",29,"RMSE",18.8747401029389,"ok","",860,774,86,80363670,105859056,"5cb2e2a541f2f075e6cedf6846ea66b7",0.000999999999976353
"pa_repos","median",29,"MAE",13.5348837209302,"ok","",860,774,86,80363670,105859056,"5cb2e2a541f2f075e6cedf6846ea66b7",0.000999999999976353
"pa_repos","mode",29,"RMSE",23.5653470459348,"ok","",860,774,86,80363670,206374295,"5cb2e2a541f2f075e6cedf6846ea66b7",0.000999999999976353
"pa_repos","mode",29,"MAE",16.6511627906977,"ok","",860,774,86,80363670,206374295,"5cb2e2a541f2f075e6cedf6846ea66b7",0.000999999999976353
"pa_repos","RandomForest",29,"RMSE",16.4232924953841,"ok","",860,774,86,80363670,256097607,"5cb2e2a541f2f075e6cedf6846ea66b7",0.128999999999905
"pa_repos","RandomForest",29,"MAE",12.3772448744638,"ok","",860,774,86,80363670,256097607,"5cb2e2a541f2f075e6cedf6846ea66b7",0.128999999999905
"pa_repos","Knn",29,"RMSE",17.7789920450945,"ok","",860,774,86,80363670,36627815,"5cb2e2a541f2f075e6cedf6846ea66b7",0.0309999999999491
"pa_repos","Knn",29,"MAE",13.3139534883721,"ok","",860,774,86,80363670,36627815,"5cb2e2a541f2f075e6cedf6846ea66b7",0.0309999999999491
"pa_repos","ACP",29,"RMSE",19.2326461469509,"ok","",860,774,86,80363670,136253953,"5cb2e2a541f2f075e6cedf6846ea66b7",0.015999999999849
"pa_repos","ACP",29,"MAE",14.1767405115807,"ok","",860,774,86,80363670,136253953,"5cb2e2a541f2f075e6cedf6846ea66b7",0.015999999999849
"pa_repos","EM",29,"RMSE",17.3573644209301,"ok","",860,774,86,80363670,266156219,"5cb2e2a541f2f075e6cedf6846ea66b7",0.304000000000087
"pa_repos","EM",29,"MAE",12.7705540881029,"ok","",860,774,86,80363670,266156219,"5cb2e2a541f2f075e6cedf6846ea66b7",0.304000000000087
"pa_repos","AFDM",29,"RMSE",17.4568466143515,"ok","",860,774,86,80363670,18127964,"5cb2e2a541f2f075e6cedf6846ea66b7",0.0509999999999309
"pa_repos","AFDM",29,"MAE",13.2381099014902,"ok","",860,774,86,80363670,18127964,"5cb2e2a541f2f075e6cedf6846ea66b7",0.0509999999999309
"pa_repos","mice",29,"RMSE",21.0750927609755,"ok","",860,774,86,80363670,90915353,"5cb2e2a541f2f075e6cedf6846ea66b7",0.0759999999997945
"pa_repos","mice",29,"MAE",16.3511627906977,"ok","",860,774,86,80363670,90915353,"5cb2e2a541f2f075e6cedf6846ea66b7",0.0759999999997945
"cholesterol","mean",29,"RMSE",69.1175373545429,"ok","",718,647,71,169962816,83073085,"3b5ad014e17665bd09571793720bfd22",0
"cholesterol","mean",29,"MAE",50.5274179855019,"ok","",718,647,71,169962816,83073085,"3b5ad014e17665bd09571793720bfd22",0
"cholesterol","median",29,"RMSE",69.1936453973938,"ok","",718,647,71,169962816,113616966,"3b5ad014e17665bd09571793720bfd22",0.000999999999976353
"cholesterol","median",29,"MAE",49.2535211267606,"ok","",718,647,71,169962816,113616966,"3b5ad014e17665bd09571793720bfd22",0.000999999999976353
"cholesterol","mode",29,"RMSE",73.2092313120127,"ok","",718,647,71,169962816,15132368,"3b5ad014e17665bd09571793720bfd22",0.000999999999976353
"cholesterol","mode",29,"MAE",50.7183098591549,"ok","",718,647,71,169962816,15132368,"3b5ad014e17665bd09571793720bfd22",0.000999999999976353
"cholesterol","RandomForest",29,"RMSE",67.8870915005592,"ok","",718,647,71,169962816,66118137,"3b5ad014e17665bd09571793720bfd22",0.123000000000047
"cholesterol","RandomForest",29,"MAE",49.2454185839955,"ok","",718,647,71,169962816,66118137,"3b5ad014e17665bd09571793720bfd22",0.123000000000047
"cholesterol","Knn",29,"RMSE",68.399493450064,"ok","",718,647,71,169962816,133065871,"3b5ad014e17665bd09571793720bfd22",0.0150000000001
"cholesterol","Knn",29,"MAE",49.4845070422535,"ok","",718,647,71,169962816,133065871,"3b5ad014e17665bd09571793720bfd22",0.0150000000001
"cholesterol","ACP",29,"RMSE",66.3860447892844,"ok","",718,647,71,169962816,186559989,"3b5ad014e17665bd09571793720bfd22",0.0139999999998963
"cholesterol","ACP",29,"MAE",47.6191920901272,"ok","",718,647,71,169962816,186559989,"3b5ad014e17665bd09571793720bfd22",0.0139999999998963
"cholesterol","EM",29,"RMSE",68.7604665342124,"ok","",718,647,71,169962816,48241216,"3b5ad014e17665bd09571793720bfd22",0.0769999999999982
"cholesterol","EM",29,"MAE",49.6174688138417,"ok","",718,647,71,169962816,48241216,"3b5ad014e17665bd09571793720bfd22",0.0769999999999982
"cholesterol","AFDM",29,"RMSE",68.145720174026,"ok","",718,647,71,169962816,30052974,"3b5ad014e17665bd09571793720bfd22",0.0489999999999782
"cholesterol","AFDM",29,"MAE",49.4264628996163,"ok","",718,647,71,169962816,30052974,"3b5ad014e17665bd09571793720bfd22",0.0489999999999782
"cholesterol","mice",29,"RMSE",74.2839622142863,"ok","",718,647,71,169962816,73911448,"3b5ad014e17665bd09571793720bfd22",0.0679999999999836
"cholesterol","mice",29,"MAE",54.9464788732394,"ok","",718,647,71,169962816,73911448,"3b5ad014e17665bd09571793720bfd22",0.0679999999999836
"glyc_jeun_elevee","mean",29,"indisponible",NA,"non_applicable","non_applicable : moyenne pour cible quantitative seulement",830,747,83,217242912,175899974,"a05f51cef575e510ba7a36d1b0c1c0d3",0.000999999999976353
"glyc_jeun_elevee","median",29,"indisponible",NA,"non_applicable","non_applicable : médiane sans sens pour cible nominale",830,747,83,217242912,82147167,"a05f51cef575e510ba7a36d1b0c1c0d3",0
"glyc_jeun_elevee","mode",29,"taux_erreur",0.216867469879518,"ok","",830,747,83,217242912,196037747,"a05f51cef575e510ba7a36d1b0c1c0d3",0.000999999999976353
"glyc_jeun_elevee","mode",29,"accuracy",0.783132530120482,"ok","",830,747,83,217242912,196037747,"a05f51cef575e510ba7a36d1b0c1c0d3",0.000999999999976353
"glyc_jeun_elevee","RandomForest",29,"taux_erreur",0.192771084337349,"ok","",830,747,83,217242912,259827527,"a05f51cef575e510ba7a36d1b0c1c0d3",0.105999999999995
"glyc_jeun_elevee","RandomForest",29,"accuracy",0.807228915662651,"ok","",830,747,83,217242912,259827527,"a05f51cef575e510ba7a36d1b0c1c0d3",0.105999999999995
"glyc_jeun_elevee","Knn",29,"taux_erreur",0.216867469879518,"ok","",830,747,83,217242912,106169643,"a05f51cef575e510ba7a36d1b0c1c0d3",0.0440000000000964
"glyc_jeun_elevee","Knn",29,"accuracy",0.783132530120482,"ok","",830,747,83,217242912,106169643,"a05f51cef575e510ba7a36d1b0c1c0d3",0.0440000000000964
"glyc_jeun_elevee","ACP",29,"taux_erreur",0.253012048192771,"ok","",830,747,83,217242912,63469871,"a05f51cef575e510ba7a36d1b0c1c0d3",0.0239999999998872
"glyc_jeun_elevee","ACP",29,"accuracy",0.746987951807229,"ok","",830,747,83,217242912,63469871,"a05f51cef575e510ba7a36d1b0c1c0d3",0.0239999999998872
"glyc_jeun_elevee","EM",29,"indisponible",NA,"non_applicable","non_applicable : EM gaussien pour cible quantitative seulement",830,747,83,217242912,108052835,"a05f51cef575e510ba7a36d1b0c1c0d3",0.000999999999976353
"glyc_jeun_elevee","AFDM",29,"taux_erreur",0.204819277108434,"ok","",830,747,83,217242912,98343801,"a05f51cef575e510ba7a36d1b0c1c0d3",0.0679999999999836
"glyc_jeun_elevee","AFDM",29,"accuracy",0.795180722891566,"ok","",830,747,83,217242912,98343801,"a05f51cef575e510ba7a36d1b0c1c0d3",0.0679999999999836
"glyc_jeun_elevee","mice",29,"taux_erreur",0.216867469879518,"ok","",830,747,83,217242912,193359260,"a05f51cef575e510ba7a36d1b0c1c0d3",0.201000000000022
"glyc_jeun_elevee","mice",29,"accuracy",0.783132530120482,"ok","",830,747,83,217242912,193359260,"a05f51cef575e510ba7a36d1b0c1c0d3",0.201000000000022
"ecg_repos","mean",29,"indisponible",NA,"non_applicable","non_applicable : moyenne pour cible quantitative seulement",918,827,91,74482814,195305851,"51d0297596df6882cb69dd9c154347d2",0
"ecg_repos","median",29,"indisponible",NA,"non_applicable","non_applicable : médiane sans sens pour cible nominale",918,827,91,74482814,48574807,"51d0297596df6882cb69dd9c154347d2",0
"ecg_repos","mode",29,"taux_erreur",0.340659340659341,"ok","",918,827,91,74482814,130919225,"51d0297596df6882cb69dd9c154347d2",0.00200000000018008
"ecg_repos","mode",29,"accuracy",0.659340659340659,"ok","",918,827,91,74482814,130919225,"51d0297596df6882cb69dd9c154347d2",0.00200000000018008
"ecg_repos","RandomForest",29,"taux_erreur",0.307692307692308,"ok","",918,827,91,74482814,260939771,"51d0297596df6882cb69dd9c154347d2",0.139999999999873
"ecg_repos","RandomForest",29,"accuracy",0.692307692307692,"ok","",918,827,91,74482814,260939771,"51d0297596df6882cb69dd9c154347d2",0.139999999999873
"ecg_repos","Knn",29,"taux_erreur",0.384615384615385,"ok","",918,827,91,74482814,184570177,"51d0297596df6882cb69dd9c154347d2",0.0460000000000491
"ecg_repos","Knn",29,"accuracy",0.615384615384615,"ok","",918,827,91,74482814,184570177,"51d0297596df6882cb69dd9c154347d2",0.0460000000000491
"ecg_repos","ACP",29,"taux_erreur",0.395604395604396,"ok","",918,827,91,74482814,116560350,"51d0297596df6882cb69dd9c154347d2",0.0510000000001583
"ecg_repos","ACP",29,"accuracy",0.604395604395604,"ok","",918,827,91,74482814,116560350,"51d0297596df6882cb69dd9c154347d2",0.0510000000001583
"ecg_repos","EM",29,"indisponible",NA,"non_applicable","non_applicable : EM gaussien pour cible quantitative seulement",918,827,91,74482814,94554731,"51d0297596df6882cb69dd9c154347d2",0.000999999999976353
"ecg_repos","AFDM",29,"taux_erreur",0.362637362637363,"ok","",918,827,91,74482814,94783595,"51d0297596df6882cb69dd9c154347d2",0.0660000000000309
"ecg_repos","AFDM",29,"accuracy",0.637362637362637,"ok","",918,827,91,74482814,94783595,"51d0297596df6882cb69dd9c154347d2",0.0660000000000309
"ecg_repos","mice",29,"taux_erreur",0.351648351648352,"ok","",918,827,91,74482814,193258799,"51d0297596df6882cb69dd9c154347d2",0.384000000000015
"ecg_repos","mice",29,"accuracy",0.648351648351648,"ok","",918,827,91,74482814,193258799,"51d0297596df6882cb69dd9c154347d2",0.384000000000015
"fc_max","mean",29,"RMSE",28.3215820392649,"ok","",865,779,86,190780662,12652389,"82da1b04a0a77bf2d957630b6d61f9e2",0.000999999999976353
"fc_max","mean",29,"MAE",24.7049735797236,"ok","",865,779,86,190780662,12652389,"82da1b04a0a77bf2d957630b6d61f9e2",0.000999999999976353
"fc_max","median",29,"RMSE",28.2112050969691,"ok","",865,779,86,190780662,185547253,"82da1b04a0a77bf2d957630b6d61f9e2",0.000999999999976353
"fc_max","median",29,"MAE",24.453488372093,"ok","",865,779,86,190780662,185547253,"82da1b04a0a77bf2d957630b6d61f9e2",0.000999999999976353
"fc_max","mode",29,"RMSE",28.2112050969691,"ok","",865,779,86,190780662,24839296,"82da1b04a0a77bf2d957630b6d61f9e2",0.000999999999976353
"fc_max","mode",29,"MAE",24.453488372093,"ok","",865,779,86,190780662,24839296,"82da1b04a0a77bf2d957630b6d61f9e2",0.000999999999976353
"fc_max","RandomForest",29,"RMSE",21.6866446337442,"ok","",865,779,86,190780662,250915009,"82da1b04a0a77bf2d957630b6d61f9e2",0.133000000000038
"fc_max","RandomForest",29,"MAE",17.4555521226061,"ok","",865,779,86,190780662,250915009,"82da1b04a0a77bf2d957630b6d61f9e2",0.133000000000038
"fc_max","Knn",29,"RMSE",23.9470442901114,"ok","",865,779,86,190780662,83956722,"82da1b04a0a77bf2d957630b6d61f9e2",0.0240000000001146
"fc_max","Knn",29,"MAE",19.2767441860465,"ok","",865,779,86,190780662,83956722,"82da1b04a0a77bf2d957630b6d61f9e2",0.0240000000001146
"fc_max","ACP",29,"RMSE",44.6477622301871,"ok","",865,779,86,190780662,202043683,"82da1b04a0a77bf2d957630b6d61f9e2",0.0249999999998636
"fc_max","ACP",29,"MAE",37.5845630330153,"ok","",865,779,86,190780662,202043683,"82da1b04a0a77bf2d957630b6d61f9e2",0.0249999999998636
"fc_max","EM",29,"RMSE",26.2444129748548,"ok","",865,779,86,190780662,71527290,"82da1b04a0a77bf2d957630b6d61f9e2",0.285000000000082
"fc_max","EM",29,"MAE",22.1084253474985,"ok","",865,779,86,190780662,71527290,"82da1b04a0a77bf2d957630b6d61f9e2",0.285000000000082
"fc_max","AFDM",29,"RMSE",23.2888159828117,"ok","",865,779,86,190780662,152556480,"82da1b04a0a77bf2d957630b6d61f9e2",0.0370000000000346
"fc_max","AFDM",29,"MAE",18.4986587855661,"ok","",865,779,86,190780662,152556480,"82da1b04a0a77bf2d957630b6d61f9e2",0.0370000000000346
"fc_max","mice",29,"RMSE",23.0642681461233,"ok","",865,779,86,190780662,41622578,"82da1b04a0a77bf2d957630b6d61f9e2",0.0760000000000218
"fc_max","mice",29,"MAE",18.4348837209302,"ok","",865,779,86,190780662,41622578,"82da1b04a0a77bf2d957630b6d61f9e2",0.0760000000000218
"angine_effort","mean",29,"indisponible",NA,"non_applicable","non_applicable : moyenne pour cible quantitative seulement",865,779,86,8240895,47387500,"625b732440ea8b5dca13f0796aa9001f",0.000999999999976353
"angine_effort","median",29,"indisponible",NA,"non_applicable","non_applicable : médiane sans sens pour cible nominale",865,779,86,8240895,14701756,"625b732440ea8b5dca13f0796aa9001f",0
"angine_effort","mode",29,"taux_erreur",0.36046511627907,"ok","",865,779,86,8240895,15335280,"625b732440ea8b5dca13f0796aa9001f",0
"angine_effort","mode",29,"accuracy",0.63953488372093,"ok","",865,779,86,8240895,15335280,"625b732440ea8b5dca13f0796aa9001f",0
"angine_effort","RandomForest",29,"taux_erreur",0.22093023255814,"ok","",865,779,86,8240895,32931441,"625b732440ea8b5dca13f0796aa9001f",0.124000000000024
"angine_effort","RandomForest",29,"accuracy",0.779069767441861,"ok","",865,779,86,8240895,32931441,"625b732440ea8b5dca13f0796aa9001f",0.124000000000024
"angine_effort","Knn",29,"taux_erreur",0.313953488372093,"ok","",865,779,86,8240895,111976106,"625b732440ea8b5dca13f0796aa9001f",0.040000000000191
"angine_effort","Knn",29,"accuracy",0.686046511627907,"ok","",865,779,86,8240895,111976106,"625b732440ea8b5dca13f0796aa9001f",0.040000000000191
"angine_effort","ACP",29,"taux_erreur",0.337209302325581,"ok","",865,779,86,8240895,183431144,"625b732440ea8b5dca13f0796aa9001f",0.0190000000000055
"angine_effort","ACP",29,"accuracy",0.662790697674419,"ok","",865,779,86,8240895,183431144,"625b732440ea8b5dca13f0796aa9001f",0.0190000000000055
"angine_effort","EM",29,"indisponible",NA,"non_applicable","non_applicable : EM gaussien pour cible quantitative seulement",865,779,86,8240895,78264451,"625b732440ea8b5dca13f0796aa9001f",0
"angine_effort","AFDM",29,"taux_erreur",0.302325581395349,"ok","",865,779,86,8240895,185813703,"625b732440ea8b5dca13f0796aa9001f",0.0399999999999636
"angine_effort","AFDM",29,"accuracy",0.697674418604651,"ok","",865,779,86,8240895,185813703,"625b732440ea8b5dca13f0796aa9001f",0.0399999999999636
"angine_effort","mice",29,"taux_erreur",0.348837209302326,"ok","",865,779,86,8240895,58093206,"625b732440ea8b5dca13f0796aa9001f",0.232999999999947
"angine_effort","mice",29,"accuracy",0.651162790697674,"ok","",865,779,86,8240895,58093206,"625b732440ea8b5dca13f0796aa9001f",0.232999999999947
"depress_st","mean",29,"RMSE",1.06676529264694,"ok","",858,773,85,11714266,117343064,"9e33807a778b68fe5068f3c57197fe93",0
"depress_st","mean",29,"MAE",0.884581082109429,"ok","",858,773,85,11714266,117343064,"9e33807a778b68fe5068f3c57197fe93",0
"depress_st","median",29,"RMSE",1.10384355242729,"ok","",858,773,85,11714266,32738296,"9e33807a778b68fe5068f3c57197fe93",0
"depress_st","median",29,"MAE",0.864705882352941,"ok","",858,773,85,11714266,32738296,"9e33807a778b68fe5068f3c57197fe93",0
"depress_st","mode",29,"RMSE",1.32895359101017,"ok","",858,773,85,11714266,232969841,"9e33807a778b68fe5068f3c57197fe93",0.000999999999976353
"depress_st","mode",29,"MAE",0.894117647058824,"ok","",858,773,85,11714266,232969841,"9e33807a778b68fe5068f3c57197fe93",0.000999999999976353
"depress_st","RandomForest",29,"RMSE",0.971427602088949,"ok","",858,773,85,11714266,215169490,"9e33807a778b68fe5068f3c57197fe93",0.133000000000038
"depress_st","RandomForest",29,"MAE",0.700828351314215,"ok","",858,773,85,11714266,215169490,"9e33807a778b68fe5068f3c57197fe93",0.133000000000038
"depress_st","Knn",29,"RMSE",0.954715849319145,"ok","",858,773,85,11714266,180138024,"9e33807a778b68fe5068f3c57197fe93",0.0470000000000255
"depress_st","Knn",29,"MAE",0.646117647058824,"ok","",858,773,85,11714266,180138024,"9e33807a778b68fe5068f3c57197fe93",0.0470000000000255
"depress_st","ACP",29,"RMSE",1.66617402771099,"ok","",858,773,85,11714266,114788169,"9e33807a778b68fe5068f3c57197fe93",0.0309999999999491
"depress_st","ACP",29,"MAE",1.39920778050984,"ok","",858,773,85,11714266,114788169,"9e33807a778b68fe5068f3c57197fe93",0.0309999999999491
"depress_st","EM",29,"RMSE",1.03199383607084,"ok","",858,773,85,11714266,169689582,"9e33807a778b68fe5068f3c57197fe93",0.23700000000008
"depress_st","EM",29,"MAE",0.824994323348253,"ok","",858,773,85,11714266,169689582,"9e33807a778b68fe5068f3c57197fe93",0.23700000000008
"depress_st","AFDM",29,"RMSE",1.05499284720499,"ok","",858,773,85,11714266,168506358,"9e33807a778b68fe5068f3c57197fe93",0.04099999999994
"depress_st","AFDM",29,"MAE",0.789130854757874,"ok","",858,773,85,11714266,168506358,"9e33807a778b68fe5068f3c57197fe93",0.04099999999994
"depress_st","mice",29,"RMSE",1.09426096468051,"ok","",858,773,85,11714266,177780108,"9e33807a778b68fe5068f3c57197fe93",0.0930000000000746
"depress_st","mice",29,"MAE",0.813882352941177,"ok","",858,773,85,11714266,177780108,"9e33807a778b68fe5068f3c57197fe93",0.0930000000000746
"pente_st","mean",29,"indisponible",NA,"non_applicable","non_applicable : moyenne pour cible quantitative seulement",611,550,61,8595500,243867921,"5c7961b29ed07a4d4512df7756ae8d7c",0.000999999999976353
"pente_st","median",29,"taux_erreur",0.459016393442623,"ok","",611,550,61,8595500,192568874,"5c7961b29ed07a4d4512df7756ae8d7c",0
"pente_st","median",29,"accuracy",0.540983606557377,"ok","",611,550,61,8595500,192568874,"5c7961b29ed07a4d4512df7756ae8d7c",0
"pente_st","median",29,"RMSE",0.677507485894158,"ok","",611,550,61,8595500,192568874,"5c7961b29ed07a4d4512df7756ae8d7c",0
"pente_st","median",29,"MAE",0.459016393442623,"ok","",611,550,61,8595500,192568874,"5c7961b29ed07a4d4512df7756ae8d7c",0
"pente_st","mode",29,"taux_erreur",0.459016393442623,"ok","",611,550,61,8595500,197360870,"5c7961b29ed07a4d4512df7756ae8d7c",0.000999999999976353
"pente_st","mode",29,"accuracy",0.540983606557377,"ok","",611,550,61,8595500,197360870,"5c7961b29ed07a4d4512df7756ae8d7c",0.000999999999976353
"pente_st","mode",29,"RMSE",0.677507485894158,"ok","",611,550,61,8595500,197360870,"5c7961b29ed07a4d4512df7756ae8d7c",0.000999999999976353
"pente_st","mode",29,"MAE",0.459016393442623,"ok","",611,550,61,8595500,197360870,"5c7961b29ed07a4d4512df7756ae8d7c",0.000999999999976353
"pente_st","RandomForest",29,"taux_erreur",0.360655737704918,"ok","",611,550,61,8595500,60089561,"5c7961b29ed07a4d4512df7756ae8d7c",0.116999999999962
"pente_st","RandomForest",29,"accuracy",0.639344262295082,"ok","",611,550,61,8595500,60089561,"5c7961b29ed07a4d4512df7756ae8d7c",0.116999999999962
"pente_st","RandomForest",29,"RMSE",0.64018439966448,"ok","",611,550,61,8595500,60089561,"5c7961b29ed07a4d4512df7756ae8d7c",0.116999999999962
"pente_st","RandomForest",29,"MAE",0.377049180327869,"ok","",611,550,61,8595500,60089561,"5c7961b29ed07a4d4512df7756ae8d7c",0.116999999999962
"pente_st","Knn",29,"taux_erreur",0.442622950819672,"ok","",611,550,61,8595500,50420848,"5c7961b29ed07a4d4512df7756ae8d7c",0.0219999999999345
"pente_st","Knn",29,"accuracy",0.557377049180328,"ok","",611,550,61,8595500,50420848,"5c7961b29ed07a4d4512df7756ae8d7c",0.0219999999999345
"pente_st","Knn",29,"RMSE",0.768221279597376,"ok","",611,550,61,8595500,50420848,"5c7961b29ed07a4d4512df7756ae8d7c",0.0219999999999345
"pente_st","Knn",29,"MAE",0.491803278688525,"ok","",611,550,61,8595500,50420848,"5c7961b29ed07a4d4512df7756ae8d7c",0.0219999999999345
"pente_st","ACP",29,"taux_erreur",0.557377049180328,"ok","",611,550,61,8595500,12382517,"5c7961b29ed07a4d4512df7756ae8d7c",0.0270000000000437
"pente_st","ACP",29,"accuracy",0.442622950819672,"ok","",611,550,61,8595500,12382517,"5c7961b29ed07a4d4512df7756ae8d7c",0.0270000000000437
"pente_st","ACP",29,"RMSE",0.86838836971469,"ok","",611,550,61,8595500,12382517,"5c7961b29ed07a4d4512df7756ae8d7c",0.0270000000000437
"pente_st","ACP",29,"MAE",0.622950819672131,"ok","",611,550,61,8595500,12382517,"5c7961b29ed07a4d4512df7756ae8d7c",0.0270000000000437
"pente_st","EM",29,"indisponible",NA,"non_applicable","non_applicable : EM gaussien pour cible quantitative seulement",611,550,61,8595500,65362406,"5c7961b29ed07a4d4512df7756ae8d7c",0
"pente_st","AFDM",29,"taux_erreur",0.459016393442623,"ok","",611,550,61,8595500,152651445,"5c7961b29ed07a4d4512df7756ae8d7c",0.0700000000001637
"pente_st","AFDM",29,"accuracy",0.540983606557377,"ok","",611,550,61,8595500,152651445,"5c7961b29ed07a4d4512df7756ae8d7c",0.0700000000001637
"pente_st","AFDM",29,"RMSE",0.712879177218325,"ok","",611,550,61,8595500,152651445,"5c7961b29ed07a4d4512df7756ae8d7c",0.0700000000001637
"pente_st","AFDM",29,"MAE",0.475409836065574,"ok","",611,550,61,8595500,152651445,"5c7961b29ed07a4d4512df7756ae8d7c",0.0700000000001637
"pente_st","mice",29,"taux_erreur",0.475409836065574,"ok","",611,550,61,8595500,190682985,"5c7961b29ed07a4d4512df7756ae8d7c",0.310999999999922
"pente_st","mice",29,"accuracy",0.524590163934426,"ok","",611,550,61,8595500,190682985,"5c7961b29ed07a4d4512df7756ae8d7c",0.310999999999922
"pente_st","mice",29,"RMSE",0.789272335554801,"ok","",611,550,61,8595500,190682985,"5c7961b29ed07a4d4512df7756ae8d7c",0.310999999999922
"pente_st","mice",29,"MAE",0.524590163934426,"ok","",611,550,61,8595500,190682985,"5c7961b29ed07a4d4512df7756ae8d7c",0.310999999999922
"nb_vaisseaux","mean",29,"indisponible",NA,"non_applicable","non_applicable : moyenne pour cible quantitative seulement",309,279,30,134480817,84238118,"57a43c9a8a1814217fb160a85f9359e6",0
"nb_vaisseaux","median",29,"taux_erreur",0.366666666666667,"ok","",309,279,30,134480817,167810943,"57a43c9a8a1814217fb160a85f9359e6",0
"nb_vaisseaux","median",29,"accuracy",0.633333333333333,"ok","",309,279,30,134480817,167810943,"57a43c9a8a1814217fb160a85f9359e6",0
"nb_vaisseaux","median",29,"RMSE",1.01653004546513,"ok","",309,279,30,134480817,167810943,"57a43c9a8a1814217fb160a85f9359e6",0
"nb_vaisseaux","median",29,"MAE",0.566666666666667,"ok","",309,279,30,134480817,167810943,"57a43c9a8a1814217fb160a85f9359e6",0
"nb_vaisseaux","mode",29,"taux_erreur",0.366666666666667,"ok","",309,279,30,134480817,84118434,"57a43c9a8a1814217fb160a85f9359e6",0.00100000000020373
"nb_vaisseaux","mode",29,"accuracy",0.633333333333333,"ok","",309,279,30,134480817,84118434,"57a43c9a8a1814217fb160a85f9359e6",0.00100000000020373
"nb_vaisseaux","mode",29,"RMSE",1.01653004546513,"ok","",309,279,30,134480817,84118434,"57a43c9a8a1814217fb160a85f9359e6",0.00100000000020373
"nb_vaisseaux","mode",29,"MAE",0.566666666666667,"ok","",309,279,30,134480817,84118434,"57a43c9a8a1814217fb160a85f9359e6",0.00100000000020373
"nb_vaisseaux","RandomForest",29,"taux_erreur",0.433333333333333,"ok","",309,279,30,134480817,146817211,"57a43c9a8a1814217fb160a85f9359e6",0.0570000000000164
"nb_vaisseaux","RandomForest",29,"accuracy",0.566666666666667,"ok","",309,279,30,134480817,146817211,"57a43c9a8a1814217fb160a85f9359e6",0.0570000000000164
"nb_vaisseaux","RandomForest",29,"RMSE",1,"ok","",309,279,30,134480817,146817211,"57a43c9a8a1814217fb160a85f9359e6",0.0570000000000164
"nb_vaisseaux","RandomForest",29,"MAE",0.6,"ok","",309,279,30,134480817,146817211,"57a43c9a8a1814217fb160a85f9359e6",0.0570000000000164
"nb_vaisseaux","Knn",29,"taux_erreur",0.433333333333333,"ok","",309,279,30,134480817,266349324,"57a43c9a8a1814217fb160a85f9359e6",0.0119999999999436
"nb_vaisseaux","Knn",29,"accuracy",0.566666666666667,"ok","",309,279,30,134480817,266349324,"57a43c9a8a1814217fb160a85f9359e6",0.0119999999999436
"nb_vaisseaux","Knn",29,"RMSE",0.948683298050514,"ok","",309,279,30,134480817,266349324,"57a43c9a8a1814217fb160a85f9359e6",0.0119999999999436
"nb_vaisseaux","Knn",29,"MAE",0.566666666666667,"ok","",309,279,30,134480817,266349324,"57a43c9a8a1814217fb160a85f9359e6",0.0119999999999436
"nb_vaisseaux","ACP",29,"taux_erreur",0.4,"ok","",309,279,30,134480817,265940606,"57a43c9a8a1814217fb160a85f9359e6",0.0150000000001
"nb_vaisseaux","ACP",29,"accuracy",0.6,"ok","",309,279,30,134480817,265940606,"57a43c9a8a1814217fb160a85f9359e6",0.0150000000001
"nb_vaisseaux","ACP",29,"RMSE",0.875595035770913,"ok","",309,279,30,134480817,265940606,"57a43c9a8a1814217fb160a85f9359e6",0.0150000000001
"nb_vaisseaux","ACP",29,"MAE",0.5,"ok","",309,279,30,134480817,265940606,"57a43c9a8a1814217fb160a85f9359e6",0.0150000000001
"nb_vaisseaux","EM",29,"indisponible",NA,"non_applicable","non_applicable : EM gaussien pour cible quantitative seulement",309,279,30,134480817,220348135,"57a43c9a8a1814217fb160a85f9359e6",0
"nb_vaisseaux","AFDM",29,"taux_erreur",0.333333333333333,"ok","",309,279,30,134480817,62086565,"57a43c9a8a1814217fb160a85f9359e6",0.043999999999869
"nb_vaisseaux","AFDM",29,"accuracy",0.666666666666667,"ok","",309,279,30,134480817,62086565,"57a43c9a8a1814217fb160a85f9359e6",0.043999999999869
"nb_vaisseaux","AFDM",29,"RMSE",0.894427190999916,"ok","",309,279,30,134480817,62086565,"57a43c9a8a1814217fb160a85f9359e6",0.043999999999869
"nb_vaisseaux","AFDM",29,"MAE",0.466666666666667,"ok","",309,279,30,134480817,62086565,"57a43c9a8a1814217fb160a85f9359e6",0.043999999999869
"nb_vaisseaux","mice",29,"taux_erreur",0.366666666666667,"ok","",309,279,30,134480817,17052850,"57a43c9a8a1814217fb160a85f9359e6",0.230999999999995
"nb_vaisseaux","mice",29,"accuracy",0.633333333333333,"ok","",309,279,30,134480817,17052850,"57a43c9a8a1814217fb160a85f9359e6",0.230999999999995
"nb_vaisseaux","mice",29,"RMSE",0.966091783079296,"ok","",309,279,30,134480817,17052850,"57a43c9a8a1814217fb160a85f9359e6",0.230999999999995
"nb_vaisseaux","mice",29,"MAE",0.533333333333333,"ok","",309,279,30,134480817,17052850,"57a43c9a8a1814217fb160a85f9359e6",0.230999999999995
"test_thallium","mean",29,"indisponible",NA,"non_applicable","non_applicable : moyenne pour cible quantitative seulement",434,391,43,255709593,195915566,"edc2abc7d1f829ce4fdc6c82532d325c",0
"test_thallium","median",29,"indisponible",NA,"non_applicable","non_applicable : médiane sans sens pour cible nominale",434,391,43,255709593,93577424,"edc2abc7d1f829ce4fdc6c82532d325c",0.00100000000020373
"test_thallium","mode",29,"taux_erreur",0.627906976744186,"ok","",434,391,43,255709593,183610331,"edc2abc7d1f829ce4fdc6c82532d325c",0
"test_thallium","mode",29,"accuracy",0.372093023255814,"ok","",434,391,43,255709593,183610331,"edc2abc7d1f829ce4fdc6c82532d325c",0
"test_thallium","RandomForest",29,"taux_erreur",0.255813953488372,"ok","",434,391,43,255709593,153734137,"edc2abc7d1f829ce4fdc6c82532d325c",0.0940000000000509
"test_thallium","RandomForest",29,"accuracy",0.744186046511628,"ok","",434,391,43,255709593,153734137,"edc2abc7d1f829ce4fdc6c82532d325c",0.0940000000000509
"test_thallium","Knn",29,"taux_erreur",0.372093023255814,"ok","",434,391,43,255709593,206261027,"edc2abc7d1f829ce4fdc6c82532d325c",0.0209999999999582
"test_thallium","Knn",29,"accuracy",0.627906976744186,"ok","",434,391,43,255709593,206261027,"edc2abc7d1f829ce4fdc6c82532d325c",0.0209999999999582
"test_thallium","ACP",29,"taux_erreur",0.325581395348837,"ok","",434,391,43,255709593,199764397,"edc2abc7d1f829ce4fdc6c82532d325c",0.0180000000000291
"test_thallium","ACP",29,"accuracy",0.674418604651163,"ok","",434,391,43,255709593,199764397,"edc2abc7d1f829ce4fdc6c82532d325c",0.0180000000000291
"test_thallium","EM",29,"indisponible",NA,"non_applicable","non_applicable : EM gaussien pour cible quantitative seulement",434,391,43,255709593,6363349,"edc2abc7d1f829ce4fdc6c82532d325c",0
"test_thallium","AFDM",29,"taux_erreur",0.232558139534884,"ok","",434,391,43,255709593,222941694,"edc2abc7d1f829ce4fdc6c82532d325c",0.0489999999999782
"test_thallium","AFDM",29,"accuracy",0.767441860465116,"ok","",434,391,43,255709593,222941694,"edc2abc7d1f829ce4fdc6c82532d325c",0.0489999999999782
"test_thallium","mice",29,"taux_erreur",0.232558139534884,"ok","",434,391,43,255709593,90342180,"edc2abc7d1f829ce4fdc6c82532d325c",0.233000000000175
"test_thallium","mice",29,"accuracy",0.767441860465116,"ok","",434,391,43,255709593,90342180,"edc2abc7d1f829ce4fdc6c82532d325c",0.233000000000175
"pa_repos","mean",30,"RMSE",21.6457579325566,"ok","",860,774,86,169377109,242488384,"e74131a51c6aa0cea4314d1027e875c6",0.00100000000020373
"pa_repos","mean",30,"MAE",16.0266209963344,"ok","",860,774,86,169377109,242488384,"e74131a51c6aa0cea4314d1027e875c6",0.00100000000020373
"pa_repos","median",30,"RMSE",21.9740862180041,"ok","",860,774,86,169377109,23025225,"e74131a51c6aa0cea4314d1027e875c6",0
"pa_repos","median",30,"MAE",15.8837209302326,"ok","",860,774,86,169377109,23025225,"e74131a51c6aa0cea4314d1027e875c6",0
"pa_repos","mode",30,"RMSE",25.9529986617131,"ok","",860,774,86,169377109,173245619,"e74131a51c6aa0cea4314d1027e875c6",0.000999999999976353
"pa_repos","mode",30,"MAE",19.2093023255814,"ok","",860,774,86,169377109,173245619,"e74131a51c6aa0cea4314d1027e875c6",0.000999999999976353
"pa_repos","RandomForest",30,"RMSE",20.7812592602934,"ok","",860,774,86,169377109,44517228,"e74131a51c6aa0cea4314d1027e875c6",0.141000000000076
"pa_repos","RandomForest",30,"MAE",15.5089935305447,"ok","",860,774,86,169377109,44517228,"e74131a51c6aa0cea4314d1027e875c6",0.141000000000076
"pa_repos","Knn",30,"RMSE",21.9414866681659,"ok","",860,774,86,169377109,95174464,"e74131a51c6aa0cea4314d1027e875c6",0.0259999999998399
"pa_repos","Knn",30,"MAE",16.8372093023256,"ok","",860,774,86,169377109,95174464,"e74131a51c6aa0cea4314d1027e875c6",0.0259999999998399
"pa_repos","ACP",30,"RMSE",23.7984553827351,"ok","",860,774,86,169377109,203959295,"e74131a51c6aa0cea4314d1027e875c6",0.0179999999998017
"pa_repos","ACP",30,"MAE",17.8017003513538,"ok","",860,774,86,169377109,203959295,"e74131a51c6aa0cea4314d1027e875c6",0.0179999999998017
"pa_repos","EM",30,"RMSE",20.6696212915566,"ok","",860,774,86,169377109,149899141,"e74131a51c6aa0cea4314d1027e875c6",0.246999999999844
"pa_repos","EM",30,"MAE",15.3454648480257,"ok","",860,774,86,169377109,149899141,"e74131a51c6aa0cea4314d1027e875c6",0.246999999999844
"pa_repos","AFDM",30,"RMSE",21.3827233142003,"ok","",860,774,86,169377109,80619414,"e74131a51c6aa0cea4314d1027e875c6",0.0550000000000637
"pa_repos","AFDM",30,"MAE",16.2184065236143,"ok","",860,774,86,169377109,80619414,"e74131a51c6aa0cea4314d1027e875c6",0.0550000000000637
"pa_repos","mice",30,"RMSE",20.5035107600716,"ok","",860,774,86,169377109,257871020,"e74131a51c6aa0cea4314d1027e875c6",0.0809999999999036
"pa_repos","mice",30,"MAE",15.4581395348837,"ok","",860,774,86,169377109,257871020,"e74131a51c6aa0cea4314d1027e875c6",0.0809999999999036
"cholesterol","mean",30,"RMSE",62.2298805986317,"ok","",718,647,71,219598063,194953930,"042868119d50228bb0f42219f1837b04",0.000999999999976353
"cholesterol","mean",30,"MAE",46.0932146200231,"ok","",718,647,71,219598063,194953930,"042868119d50228bb0f42219f1837b04",0.000999999999976353
"cholesterol","median",30,"RMSE",63.208909159889,"ok","",718,647,71,219598063,70325724,"042868119d50228bb0f42219f1837b04",0
"cholesterol","median",30,"MAE",45.9859154929577,"ok","",718,647,71,219598063,70325724,"042868119d50228bb0f42219f1837b04",0
"cholesterol","mode",30,"RMSE",62.128444870058,"ok","",718,647,71,219598063,196902537,"042868119d50228bb0f42219f1837b04",0
"cholesterol","mode",30,"MAE",47.0704225352113,"ok","",718,647,71,219598063,196902537,"042868119d50228bb0f42219f1837b04",0
"cholesterol","RandomForest",30,"RMSE",63.9416513635054,"ok","",718,647,71,219598063,81525882,"042868119d50228bb0f42219f1837b04",0.129999999999882
"cholesterol","RandomForest",30,"MAE",48.0106084310366,"ok","",718,647,71,219598063,81525882,"042868119d50228bb0f42219f1837b04",0.129999999999882
"cholesterol","Knn",30,"RMSE",67.3257082095353,"ok","",718,647,71,219598063,251254760,"042868119d50228bb0f42219f1837b04",0.0230000000001382
"cholesterol","Knn",30,"MAE",52.0084507042254,"ok","",718,647,71,219598063,251254760,"042868119d50228bb0f42219f1837b04",0.0230000000001382
"cholesterol","ACP",30,"RMSE",60.0391979071133,"ok","",718,647,71,219598063,70510797,"042868119d50228bb0f42219f1837b04",0.0219999999999345
"cholesterol","ACP",30,"MAE",42.8008361886325,"ok","",718,647,71,219598063,70510797,"042868119d50228bb0f42219f1837b04",0.0219999999999345
"cholesterol","EM",30,"RMSE",61.9898533567958,"ok","",718,647,71,219598063,210056046,"042868119d50228bb0f42219f1837b04",0.0720000000001164
"cholesterol","EM",30,"MAE",45.6595868032702,"ok","",718,647,71,219598063,210056046,"042868119d50228bb0f42219f1837b04",0.0720000000001164
"cholesterol","AFDM",30,"RMSE",62.2838548228105,"ok","",718,647,71,219598063,103161438,"042868119d50228bb0f42219f1837b04",0.0550000000000637
"cholesterol","AFDM",30,"MAE",45.742703800523,"ok","",718,647,71,219598063,103161438,"042868119d50228bb0f42219f1837b04",0.0550000000000637
"cholesterol","mice",30,"RMSE",69.0956797328637,"ok","",718,647,71,219598063,93982170,"042868119d50228bb0f42219f1837b04",0.06899999999996
"cholesterol","mice",30,"MAE",51.887323943662,"ok","",718,647,71,219598063,93982170,"042868119d50228bb0f42219f1837b04",0.06899999999996
"glyc_jeun_elevee","mean",30,"indisponible",NA,"non_applicable","non_applicable : moyenne pour cible quantitative seulement",830,747,83,184425288,31739986,"039faaa8faf54c09a5639e7ef69ed340",0
"glyc_jeun_elevee","median",30,"indisponible",NA,"non_applicable","non_applicable : médiane sans sens pour cible nominale",830,747,83,184425288,55210302,"039faaa8faf54c09a5639e7ef69ed340",0
"glyc_jeun_elevee","mode",30,"taux_erreur",0.180722891566265,"ok","",830,747,83,184425288,148260601,"039faaa8faf54c09a5639e7ef69ed340",0.000999999999976353
"glyc_jeun_elevee","mode",30,"accuracy",0.819277108433735,"ok","",830,747,83,184425288,148260601,"039faaa8faf54c09a5639e7ef69ed340",0.000999999999976353
"glyc_jeun_elevee","RandomForest",30,"taux_erreur",0.180722891566265,"ok","",830,747,83,184425288,185844421,"039faaa8faf54c09a5639e7ef69ed340",0.109000000000151
"glyc_jeun_elevee","RandomForest",30,"accuracy",0.819277108433735,"ok","",830,747,83,184425288,185844421,"039faaa8faf54c09a5639e7ef69ed340",0.109000000000151
"glyc_jeun_elevee","Knn",30,"taux_erreur",0.192771084337349,"ok","",830,747,83,184425288,17497871,"039faaa8faf54c09a5639e7ef69ed340",0.0499999999999545
"glyc_jeun_elevee","Knn",30,"accuracy",0.807228915662651,"ok","",830,747,83,184425288,17497871,"039faaa8faf54c09a5639e7ef69ed340",0.0499999999999545
"glyc_jeun_elevee","ACP",30,"taux_erreur",0.156626506024096,"ok","",830,747,83,184425288,17964183,"039faaa8faf54c09a5639e7ef69ed340",0.0229999999999109
"glyc_jeun_elevee","ACP",30,"accuracy",0.843373493975904,"ok","",830,747,83,184425288,17964183,"039faaa8faf54c09a5639e7ef69ed340",0.0229999999999109
"glyc_jeun_elevee","EM",30,"indisponible",NA,"non_applicable","non_applicable : EM gaussien pour cible quantitative seulement",830,747,83,184425288,46602547,"039faaa8faf54c09a5639e7ef69ed340",0
"glyc_jeun_elevee","AFDM",30,"taux_erreur",0.180722891566265,"ok","",830,747,83,184425288,226893792,"039faaa8faf54c09a5639e7ef69ed340",0.04099999999994
"glyc_jeun_elevee","AFDM",30,"accuracy",0.819277108433735,"ok","",830,747,83,184425288,226893792,"039faaa8faf54c09a5639e7ef69ed340",0.04099999999994
"glyc_jeun_elevee","mice",30,"taux_erreur",0.168674698795181,"ok","",830,747,83,184425288,127102767,"039faaa8faf54c09a5639e7ef69ed340",0.227000000000089
"glyc_jeun_elevee","mice",30,"accuracy",0.831325301204819,"ok","",830,747,83,184425288,127102767,"039faaa8faf54c09a5639e7ef69ed340",0.227000000000089
"ecg_repos","mean",30,"indisponible",NA,"non_applicable","non_applicable : moyenne pour cible quantitative seulement",918,827,91,32016076,263472713,"fc91e5cbf097fc8aadb50d527bc02470",0.000999999999976353
"ecg_repos","median",30,"indisponible",NA,"non_applicable","non_applicable : médiane sans sens pour cible nominale",918,827,91,32016076,95710940,"fc91e5cbf097fc8aadb50d527bc02470",0
"ecg_repos","mode",30,"taux_erreur",0.428571428571429,"ok","",918,827,91,32016076,247974417,"fc91e5cbf097fc8aadb50d527bc02470",0.00199999999995271
"ecg_repos","mode",30,"accuracy",0.571428571428571,"ok","",918,827,91,32016076,247974417,"fc91e5cbf097fc8aadb50d527bc02470",0.00199999999995271
"ecg_repos","RandomForest",30,"taux_erreur",0.483516483516484,"ok","",918,827,91,32016076,206077263,"fc91e5cbf097fc8aadb50d527bc02470",0.133000000000038
"ecg_repos","RandomForest",30,"accuracy",0.516483516483516,"ok","",918,827,91,32016076,206077263,"fc91e5cbf097fc8aadb50d527bc02470",0.133000000000038
"ecg_repos","Knn",30,"taux_erreur",0.450549450549451,"ok","",918,827,91,32016076,232070380,"fc91e5cbf097fc8aadb50d527bc02470",0.0699999999999363
"ecg_repos","Knn",30,"accuracy",0.549450549450549,"ok","",918,827,91,32016076,232070380,"fc91e5cbf097fc8aadb50d527bc02470",0.0699999999999363
"ecg_repos","ACP",30,"taux_erreur",0.43956043956044,"ok","",918,827,91,32016076,18842978,"fc91e5cbf097fc8aadb50d527bc02470",0.0380000000000109
"ecg_repos","ACP",30,"accuracy",0.56043956043956,"ok","",918,827,91,32016076,18842978,"fc91e5cbf097fc8aadb50d527bc02470",0.0380000000000109
"ecg_repos","EM",30,"indisponible",NA,"non_applicable","non_applicable : EM gaussien pour cible quantitative seulement",918,827,91,32016076,162161408,"fc91e5cbf097fc8aadb50d527bc02470",0.000999999999976353
"ecg_repos","AFDM",30,"taux_erreur",0.494505494505495,"ok","",918,827,91,32016076,72231489,"fc91e5cbf097fc8aadb50d527bc02470",0.0459999999998217
"ecg_repos","AFDM",30,"accuracy",0.505494505494505,"ok","",918,827,91,32016076,72231489,"fc91e5cbf097fc8aadb50d527bc02470",0.0459999999998217
"ecg_repos","mice",30,"taux_erreur",0.472527472527473,"ok","",918,827,91,32016076,150158215,"fc91e5cbf097fc8aadb50d527bc02470",0.651000000000067
"ecg_repos","mice",30,"accuracy",0.527472527472527,"ok","",918,827,91,32016076,150158215,"fc91e5cbf097fc8aadb50d527bc02470",0.651000000000067
"fc_max","mean",30,"RMSE",23.8195111228997,"ok","",865,779,86,30923319,198224366,"28cfc876301f2e062d25a57380884fc5",0.000999999999976353
"fc_max","mean",30,"MAE",19.4619518165806,"ok","",865,779,86,30923319,198224366,"28cfc876301f2e062d25a57380884fc5",0.000999999999976353
"fc_max","median",30,"RMSE",24.0067819874999,"ok","",865,779,86,30923319,262458133,"28cfc876301f2e062d25a57380884fc5",0.000999999999976353
"fc_max","median",30,"MAE",19.093023255814,"ok","",865,779,86,30923319,262458133,"28cfc876301f2e062d25a57380884fc5",0.000999999999976353
"fc_max","mode",30,"RMSE",27.1610185787013,"ok","",865,779,86,30923319,185487420,"28cfc876301f2e062d25a57380884fc5",0.000999999999976353
"fc_max","mode",30,"MAE",20.6744186046512,"ok","",865,779,86,30923319,185487420,"28cfc876301f2e062d25a57380884fc5",0.000999999999976353
"fc_max","RandomForest",30,"RMSE",18.3633567595248,"ok","",865,779,86,30923319,146192757,"28cfc876301f2e062d25a57380884fc5",0.136000000000195
"fc_max","RandomForest",30,"MAE",14.3667007266372,"ok","",865,779,86,30923319,146192757,"28cfc876301f2e062d25a57380884fc5",0.136000000000195
"fc_max","Knn",30,"RMSE",21.3798970998459,"ok","",865,779,86,30923319,248361196,"28cfc876301f2e062d25a57380884fc5",0.0229999999999109
"fc_max","Knn",30,"MAE",16.9372093023256,"ok","",865,779,86,30923319,248361196,"28cfc876301f2e062d25a57380884fc5",0.0229999999999109
"fc_max","ACP",30,"RMSE",50.1543661280115,"ok","",865,779,86,30923319,31539631,"28cfc876301f2e062d25a57380884fc5",0.0260000000000673
"fc_max","ACP",30,"MAE",41.3269180819592,"ok","",865,779,86,30923319,31539631,"28cfc876301f2e062d25a57380884fc5",0.0260000000000673
"fc_max","EM",30,"RMSE",22.3949820022213,"ok","",865,779,86,30923319,76188879,"28cfc876301f2e062d25a57380884fc5",0.244000000000142
"fc_max","EM",30,"MAE",18.4586560984271,"ok","",865,779,86,30923319,76188879,"28cfc876301f2e062d25a57380884fc5",0.244000000000142
"fc_max","AFDM",30,"RMSE",19.6412552325601,"ok","",865,779,86,30923319,113918744,"28cfc876301f2e062d25a57380884fc5",0.0389999999999873
"fc_max","AFDM",30,"MAE",15.5621996490274,"ok","",865,779,86,30923319,113918744,"28cfc876301f2e062d25a57380884fc5",0.0389999999999873
"fc_max","mice",30,"RMSE",19.5833104073757,"ok","",865,779,86,30923319,62525158,"28cfc876301f2e062d25a57380884fc5",0.0769999999999982
"fc_max","mice",30,"MAE",16.2697674418605,"ok","",865,779,86,30923319,62525158,"28cfc876301f2e062d25a57380884fc5",0.0769999999999982
"angine_effort","mean",30,"indisponible",NA,"non_applicable","non_applicable : moyenne pour cible quantitative seulement",865,779,86,87024167,197877426,"2cea1c16f21581ee7d901c3f741641b4",0
"angine_effort","median",30,"indisponible",NA,"non_applicable","non_applicable : médiane sans sens pour cible nominale",865,779,86,87024167,163434488,"2cea1c16f21581ee7d901c3f741641b4",0
"angine_effort","mode",30,"taux_erreur",0.348837209302326,"ok","",865,779,86,87024167,230073328,"2cea1c16f21581ee7d901c3f741641b4",0.000999999999976353
"angine_effort","mode",30,"accuracy",0.651162790697674,"ok","",865,779,86,87024167,230073328,"2cea1c16f21581ee7d901c3f741641b4",0.000999999999976353
"angine_effort","RandomForest",30,"taux_erreur",0.127906976744186,"ok","",865,779,86,87024167,18141846,"2cea1c16f21581ee7d901c3f741641b4",0.106999999999971
"angine_effort","RandomForest",30,"accuracy",0.872093023255814,"ok","",865,779,86,87024167,18141846,"2cea1c16f21581ee7d901c3f741641b4",0.106999999999971
"angine_effort","Knn",30,"taux_erreur",0.186046511627907,"ok","",865,779,86,87024167,238575473,"2cea1c16f21581ee7d901c3f741641b4",0.0270000000000437
"angine_effort","Knn",30,"accuracy",0.813953488372093,"ok","",865,779,86,87024167,238575473,"2cea1c16f21581ee7d901c3f741641b4",0.0270000000000437
"angine_effort","ACP",30,"taux_erreur",0.337209302325581,"ok","",865,779,86,87024167,209957279,"2cea1c16f21581ee7d901c3f741641b4",0.0230000000001382
"angine_effort","ACP",30,"accuracy",0.662790697674419,"ok","",865,779,86,87024167,209957279,"2cea1c16f21581ee7d901c3f741641b4",0.0230000000001382
"angine_effort","EM",30,"indisponible",NA,"non_applicable","non_applicable : EM gaussien pour cible quantitative seulement",865,779,86,87024167,31425604,"2cea1c16f21581ee7d901c3f741641b4",0.000999999999976353
"angine_effort","AFDM",30,"taux_erreur",0.162790697674419,"ok","",865,779,86,87024167,108661786,"2cea1c16f21581ee7d901c3f741641b4",0.0429999999998927
"angine_effort","AFDM",30,"accuracy",0.837209302325581,"ok","",865,779,86,87024167,108661786,"2cea1c16f21581ee7d901c3f741641b4",0.0429999999998927
"angine_effort","mice",30,"taux_erreur",0.209302325581395,"ok","",865,779,86,87024167,98918359,"2cea1c16f21581ee7d901c3f741641b4",0.186000000000149
"angine_effort","mice",30,"accuracy",0.790697674418605,"ok","",865,779,86,87024167,98918359,"2cea1c16f21581ee7d901c3f741641b4",0.186000000000149
"depress_st","mean",30,"RMSE",1.04148873034577,"ok","",858,773,85,38628279,158159229,"2871e0d9167a4823fc9bc2afb4632ecb",0.000999999999976353
"depress_st","mean",30,"MAE",0.871422266189788,"ok","",858,773,85,38628279,158159229,"2871e0d9167a4823fc9bc2afb4632ecb",0.000999999999976353
"depress_st","median",30,"RMSE",1.10703631908113,"ok","",858,773,85,38628279,111655414,"2871e0d9167a4823fc9bc2afb4632ecb",0
"depress_st","median",30,"MAE",0.843529411764706,"ok","",858,773,85,38628279,111655414,"2871e0d9167a4823fc9bc2afb4632ecb",0
"depress_st","mode",30,"RMSE",1.36044975262292,"ok","",858,773,85,38628279,80679953,"2871e0d9167a4823fc9bc2afb4632ecb",0.00200000000018008
"depress_st","mode",30,"MAE",0.875294117647059,"ok","",858,773,85,38628279,80679953,"2871e0d9167a4823fc9bc2afb4632ecb",0.00200000000018008
"depress_st","RandomForest",30,"RMSE",0.873307523133629,"ok","",858,773,85,38628279,246155485,"2871e0d9167a4823fc9bc2afb4632ecb",0.134999999999991
"depress_st","RandomForest",30,"MAE",0.677852528852102,"ok","",858,773,85,38628279,246155485,"2871e0d9167a4823fc9bc2afb4632ecb",0.134999999999991
"depress_st","Knn",30,"RMSE",0.969489859789825,"ok","",858,773,85,38628279,129081436,"2871e0d9167a4823fc9bc2afb4632ecb",0.0360000000000582
"depress_st","Knn",30,"MAE",0.726352941176471,"ok","",858,773,85,38628279,129081436,"2871e0d9167a4823fc9bc2afb4632ecb",0.0360000000000582
"depress_st","ACP",30,"RMSE",1.65325193291663,"ok","",858,773,85,38628279,136632227,"2871e0d9167a4823fc9bc2afb4632ecb",0.0350000000000819
"depress_st","ACP",30,"MAE",1.40125944826129,"ok","",858,773,85,38628279,136632227,"2871e0d9167a4823fc9bc2afb4632ecb",0.0350000000000819
"depress_st","EM",30,"RMSE",1.02140881909078,"ok","",858,773,85,38628279,157338904,"2871e0d9167a4823fc9bc2afb4632ecb",0.308999999999969
"depress_st","EM",30,"MAE",0.850515351327067,"ok","",858,773,85,38628279,157338904,"2871e0d9167a4823fc9bc2afb4632ecb",0.308999999999969
"depress_st","AFDM",30,"RMSE",0.955825714926642,"ok","",858,773,85,38628279,242385966,"2871e0d9167a4823fc9bc2afb4632ecb",0.04099999999994
"depress_st","AFDM",30,"MAE",0.776747029341627,"ok","",858,773,85,38628279,242385966,"2871e0d9167a4823fc9bc2afb4632ecb",0.04099999999994
"depress_st","mice",30,"RMSE",0.886011552175385,"ok","",858,773,85,38628279,191591556,"2871e0d9167a4823fc9bc2afb4632ecb",0.0750000000000455
"depress_st","mice",30,"MAE",0.648941176470588,"ok","",858,773,85,38628279,191591556,"2871e0d9167a4823fc9bc2afb4632ecb",0.0750000000000455
"pente_st","mean",30,"indisponible",NA,"non_applicable","non_applicable : moyenne pour cible quantitative seulement",611,550,61,99840952,73927254,"55b5636401550c2beb93c4e56520fa76",0
"pente_st","median",30,"taux_erreur",0.377049180327869,"ok","",611,550,61,99840952,188937010,"55b5636401550c2beb93c4e56520fa76",0.00100000000020373
"pente_st","median",30,"accuracy",0.622950819672131,"ok","",611,550,61,99840952,188937010,"55b5636401550c2beb93c4e56520fa76",0.00100000000020373
"pente_st","median",30,"RMSE",0.614043304928788,"ok","",611,550,61,99840952,188937010,"55b5636401550c2beb93c4e56520fa76",0.00100000000020373
"pente_st","median",30,"MAE",0.377049180327869,"ok","",611,550,61,99840952,188937010,"55b5636401550c2beb93c4e56520fa76",0.00100000000020373
"pente_st","mode",30,"taux_erreur",0.377049180327869,"ok","",611,550,61,99840952,198740813,"55b5636401550c2beb93c4e56520fa76",0.000999999999976353
"pente_st","mode",30,"accuracy",0.622950819672131,"ok","",611,550,61,99840952,198740813,"55b5636401550c2beb93c4e56520fa76",0.000999999999976353
"pente_st","mode",30,"RMSE",0.614043304928788,"ok","",611,550,61,99840952,198740813,"55b5636401550c2beb93c4e56520fa76",0.000999999999976353
"pente_st","mode",30,"MAE",0.377049180327869,"ok","",611,550,61,99840952,198740813,"55b5636401550c2beb93c4e56520fa76",0.000999999999976353
"pente_st","RandomForest",30,"taux_erreur",0.295081967213115,"ok","",611,550,61,99840952,101517551,"55b5636401550c2beb93c4e56520fa76",0.115999999999985
"pente_st","RandomForest",30,"accuracy",0.704918032786885,"ok","",611,550,61,99840952,101517551,"55b5636401550c2beb93c4e56520fa76",0.115999999999985
"pente_st","RandomForest",30,"RMSE",0.586738694038468,"ok","",611,550,61,99840952,101517551,"55b5636401550c2beb93c4e56520fa76",0.115999999999985
"pente_st","RandomForest",30,"MAE",0.311475409836066,"ok","",611,550,61,99840952,101517551,"55b5636401550c2beb93c4e56520fa76",0.115999999999985
"pente_st","Knn",30,"taux_erreur",0.360655737704918,"ok","",611,550,61,99840952,131478238,"55b5636401550c2beb93c4e56520fa76",0.0289999999999964
"pente_st","Knn",30,"accuracy",0.639344262295082,"ok","",611,550,61,99840952,131478238,"55b5636401550c2beb93c4e56520fa76",0.0289999999999964
"pente_st","Knn",30,"RMSE",0.64018439966448,"ok","",611,550,61,99840952,131478238,"55b5636401550c2beb93c4e56520fa76",0.0289999999999964
"pente_st","Knn",30,"MAE",0.377049180327869,"ok","",611,550,61,99840952,131478238,"55b5636401550c2beb93c4e56520fa76",0.0289999999999964
"pente_st","ACP",30,"taux_erreur",0.475409836065574,"ok","",611,550,61,99840952,59360958,"55b5636401550c2beb93c4e56520fa76",0.0199999999999818
"pente_st","ACP",30,"accuracy",0.524590163934426,"ok","",611,550,61,99840952,59360958,"55b5636401550c2beb93c4e56520fa76",0.0199999999999818
"pente_st","ACP",30,"RMSE",0.789272335554801,"ok","",611,550,61,99840952,59360958,"55b5636401550c2beb93c4e56520fa76",0.0199999999999818
"pente_st","ACP",30,"MAE",0.524590163934426,"ok","",611,550,61,99840952,59360958,"55b5636401550c2beb93c4e56520fa76",0.0199999999999818
"pente_st","EM",30,"indisponible",NA,"non_applicable","non_applicable : EM gaussien pour cible quantitative seulement",611,550,61,99840952,76664364,"55b5636401550c2beb93c4e56520fa76",0
"pente_st","AFDM",30,"taux_erreur",0.327868852459016,"ok","",611,550,61,99840952,34066218,"55b5636401550c2beb93c4e56520fa76",0.040000000000191
"pente_st","AFDM",30,"accuracy",0.672131147540984,"ok","",611,550,61,99840952,34066218,"55b5636401550c2beb93c4e56520fa76",0.040000000000191
"pente_st","AFDM",30,"RMSE",0.614043304928788,"ok","",611,550,61,99840952,34066218,"55b5636401550c2beb93c4e56520fa76",0.040000000000191
"pente_st","AFDM",30,"MAE",0.344262295081967,"ok","",611,550,61,99840952,34066218,"55b5636401550c2beb93c4e56520fa76",0.040000000000191
"pente_st","mice",30,"taux_erreur",0.409836065573771,"ok","",611,550,61,99840952,178334150,"55b5636401550c2beb93c4e56520fa76",0.30399999999986
"pente_st","mice",30,"accuracy",0.590163934426229,"ok","",611,550,61,99840952,178334150,"55b5636401550c2beb93c4e56520fa76",0.30399999999986
"pente_st","mice",30,"RMSE",0.677507485894158,"ok","",611,550,61,99840952,178334150,"55b5636401550c2beb93c4e56520fa76",0.30399999999986
"pente_st","mice",30,"MAE",0.426229508196721,"ok","",611,550,61,99840952,178334150,"55b5636401550c2beb93c4e56520fa76",0.30399999999986
"nb_vaisseaux","mean",30,"indisponible",NA,"non_applicable","non_applicable : moyenne pour cible quantitative seulement",309,279,30,148871161,26650618,"9966df584540e151b5293190fa7bde7e",0.000999999999976353
"nb_vaisseaux","median",30,"taux_erreur",0.433333333333333,"ok","",309,279,30,148871161,267610855,"9966df584540e151b5293190fa7bde7e",0.000999999999976353
"nb_vaisseaux","median",30,"accuracy",0.566666666666667,"ok","",309,279,30,148871161,267610855,"9966df584540e151b5293190fa7bde7e",0.000999999999976353
"nb_vaisseaux","median",30,"RMSE",0.948683298050514,"ok","",309,279,30,148871161,267610855,"9966df584540e151b5293190fa7bde7e",0.000999999999976353
"nb_vaisseaux","median",30,"MAE",0.566666666666667,"ok","",309,279,30,148871161,267610855,"9966df584540e151b5293190fa7bde7e",0.000999999999976353
"nb_vaisseaux","mode",30,"taux_erreur",0.433333333333333,"ok","",309,279,30,148871161,137918889,"9966df584540e151b5293190fa7bde7e",0
"nb_vaisseaux","mode",30,"accuracy",0.566666666666667,"ok","",309,279,30,148871161,137918889,"9966df584540e151b5293190fa7bde7e",0
"nb_vaisseaux","mode",30,"RMSE",0.948683298050514,"ok","",309,279,30,148871161,137918889,"9966df584540e151b5293190fa7bde7e",0
"nb_vaisseaux","mode",30,"MAE",0.566666666666667,"ok","",309,279,30,148871161,137918889,"9966df584540e151b5293190fa7bde7e",0
"nb_vaisseaux","RandomForest",30,"taux_erreur",0.4,"ok","",309,279,30,148871161,110289462,"9966df584540e151b5293190fa7bde7e",0.0550000000000637
"nb_vaisseaux","RandomForest",30,"accuracy",0.6,"ok","",309,279,30,148871161,110289462,"9966df584540e151b5293190fa7bde7e",0.0550000000000637
"nb_vaisseaux","RandomForest",30,"RMSE",0.875595035770913,"ok","",309,279,30,148871161,110289462,"9966df584540e151b5293190fa7bde7e",0.0550000000000637
"nb_vaisseaux","RandomForest",30,"MAE",0.5,"ok","",309,279,30,148871161,110289462,"9966df584540e151b5293190fa7bde7e",0.0550000000000637
"nb_vaisseaux","Knn",30,"taux_erreur",0.433333333333333,"ok","",309,279,30,148871161,150639128,"9966df584540e151b5293190fa7bde7e",0.0109999999999673
"nb_vaisseaux","Knn",30,"accuracy",0.566666666666667,"ok","",309,279,30,148871161,150639128,"9966df584540e151b5293190fa7bde7e",0.0109999999999673
"nb_vaisseaux","Knn",30,"RMSE",1,"ok","",309,279,30,148871161,150639128,"9966df584540e151b5293190fa7bde7e",0.0109999999999673
"nb_vaisseaux","Knn",30,"MAE",0.6,"ok","",309,279,30,148871161,150639128,"9966df584540e151b5293190fa7bde7e",0.0109999999999673
"nb_vaisseaux","ACP",30,"taux_erreur",0.466666666666667,"ok","",309,279,30,148871161,241246174,"9966df584540e151b5293190fa7bde7e",0.0140000000001237
"nb_vaisseaux","ACP",30,"accuracy",0.533333333333333,"ok","",309,279,30,148871161,241246174,"9966df584540e151b5293190fa7bde7e",0.0140000000001237
"nb_vaisseaux","ACP",30,"RMSE",0.966091783079296,"ok","",309,279,30,148871161,241246174,"9966df584540e151b5293190fa7bde7e",0.0140000000001237
"nb_vaisseaux","ACP",30,"MAE",0.6,"ok","",309,279,30,148871161,241246174,"9966df584540e151b5293190fa7bde7e",0.0140000000001237
"nb_vaisseaux","EM",30,"indisponible",NA,"non_applicable","non_applicable : EM gaussien pour cible quantitative seulement",309,279,30,148871161,260694007,"9966df584540e151b5293190fa7bde7e",0
"nb_vaisseaux","AFDM",30,"taux_erreur",0.566666666666667,"ok","",309,279,30,148871161,229637368,"9966df584540e151b5293190fa7bde7e",0.02800000000002
"nb_vaisseaux","AFDM",30,"accuracy",0.433333333333333,"ok","",309,279,30,148871161,229637368,"9966df584540e151b5293190fa7bde7e",0.02800000000002
"nb_vaisseaux","AFDM",30,"RMSE",1.15470053837925,"ok","",309,279,30,148871161,229637368,"9966df584540e151b5293190fa7bde7e",0.02800000000002
"nb_vaisseaux","AFDM",30,"MAE",0.8,"ok","",309,279,30,148871161,229637368,"9966df584540e151b5293190fa7bde7e",0.02800000000002
"nb_vaisseaux","mice",30,"taux_erreur",0.633333333333333,"ok","",309,279,30,148871161,80449713,"9966df584540e151b5293190fa7bde7e",0.231999999999971
"nb_vaisseaux","mice",30,"accuracy",0.366666666666667,"ok","",309,279,30,148871161,80449713,"9966df584540e151b5293190fa7bde7e",0.231999999999971
"nb_vaisseaux","mice",30,"RMSE",1.31656117720877,"ok","",309,279,30,148871161,80449713,"9966df584540e151b5293190fa7bde7e",0.231999999999971
"nb_vaisseaux","mice",30,"MAE",0.933333333333333,"ok","",309,279,30,148871161,80449713,"9966df584540e151b5293190fa7bde7e",0.231999999999971
"test_thallium","mean",30,"indisponible",NA,"non_applicable","non_applicable : moyenne pour cible quantitative seulement",434,391,43,215647268,207969092,"6823f26e781f55bd7988d9e547c5a5c8",0.000999999999976353
"test_thallium","median",30,"indisponible",NA,"non_applicable","non_applicable : médiane sans sens pour cible nominale",434,391,43,215647268,80845652,"6823f26e781f55bd7988d9e547c5a5c8",0
"test_thallium","mode",30,"taux_erreur",0.697674418604651,"ok","",434,391,43,215647268,82660032,"6823f26e781f55bd7988d9e547c5a5c8",0
"test_thallium","mode",30,"accuracy",0.302325581395349,"ok","",434,391,43,215647268,82660032,"6823f26e781f55bd7988d9e547c5a5c8",0
"test_thallium","RandomForest",30,"taux_erreur",0.418604651162791,"ok","",434,391,43,215647268,80411318,"6823f26e781f55bd7988d9e547c5a5c8",0.0919999999998709
"test_thallium","RandomForest",30,"accuracy",0.581395348837209,"ok","",434,391,43,215647268,80411318,"6823f26e781f55bd7988d9e547c5a5c8",0.0919999999998709
"test_thallium","Knn",30,"taux_erreur",0.418604651162791,"ok","",434,391,43,215647268,105012191,"6823f26e781f55bd7988d9e547c5a5c8",0.0340000000001055
"test_thallium","Knn",30,"accuracy",0.581395348837209,"ok","",434,391,43,215647268,105012191,"6823f26e781f55bd7988d9e547c5a5c8",0.0340000000001055
"test_thallium","ACP",30,"taux_erreur",0.395348837209302,"ok","",434,391,43,215647268,219326326,"6823f26e781f55bd7988d9e547c5a5c8",0.0209999999999582
"test_thallium","ACP",30,"accuracy",0.604651162790698,"ok","",434,391,43,215647268,219326326,"6823f26e781f55bd7988d9e547c5a5c8",0.0209999999999582
"test_thallium","EM",30,"indisponible",NA,"non_applicable","non_applicable : EM gaussien pour cible quantitative seulement",434,391,43,215647268,236736895,"6823f26e781f55bd7988d9e547c5a5c8",0.000999999999976353
"test_thallium","AFDM",30,"taux_erreur",0.372093023255814,"ok","",434,391,43,215647268,133046531,"6823f26e781f55bd7988d9e547c5a5c8",0.0310000000001764
"test_thallium","AFDM",30,"accuracy",0.627906976744186,"ok","",434,391,43,215647268,133046531,"6823f26e781f55bd7988d9e547c5a5c8",0.0310000000001764
"test_thallium","mice",30,"taux_erreur",0.372093023255814,"ok","",434,391,43,215647268,186530311,"6823f26e781f55bd7988d9e547c5a5c8",0.244999999999891
"test_thallium","mice",30,"accuracy",0.627906976744186,"ok","",434,391,43,215647268,186530311,"6823f26e781f55bd7988d9e547c5a5c8",0.244999999999891
